transaction_id,customer_id,amount,payment_method,failure_reason,previous_successful_payments,previous_recovery_success,recovery_attempts,customer_annual_value,recovered
TXN-10000,CUST-1480,5012.05,UPI,Card Expired,11,1,1,98640.12,1
TXN-10001,CUST-1008,5456.49,UPI,Insufficient Funds,11,1,1,65383.79,1
TXN-10002,CUST-2407,9537.18,Credit Card,Authentication Failed,7,0,3,86963.1,0
TXN-10003,CUST-1737,9302.25,UPI,Insufficient Funds,7,1,0,97423.31,1
TXN-10004,CUST-3062,13751.73,Net Banking,Temporary Bank/Network Error,8,0,0,130840.41,1
TXN-10005,CUST-3108,15810.98,Debit Card,Payment Gateway Timeout,12,0,1,52492.71,1
TXN-10006,CUST-2315,8140.84,Credit Card,Authentication Failed,9,1,0,49911.44,1
TXN-10007,CUST-2393,8763.99,Credit Card,Temporary Bank/Network Error,9,0,2,98465.78,1
TXN-10008,CUST-1814,5888.52,UPI,Payment Gateway Timeout,4,0,0,36471.25,0
TXN-10009,CUST-2887,5979.25,Debit Card,Card Expired,10,1,0,131259.23,1
TXN-10010,CUST-1947,2554.67,UPI,Temporary Bank/Network Error,10,1,1,135799.29,1
TXN-10011,CUST-2032,3978.06,Debit Card,Insufficient Funds,7,1,1,162669.18,0
TXN-10012,CUST-1461,4014.8,Debit Card,Payment Gateway Timeout,13,0,0,50915.44,1
TXN-10013,CUST-2452,7884.0,Debit Card,Authentication Failed,6,0,4,69817.11,0
TXN-10014,CUST-2701,5949.73,UPI,Temporary Bank/Network Error,7,1,1,26290.85,1
TXN-10015,CUST-1526,18509.08,Credit Card,Payment Gateway Timeout,8,0,1,88842.02,1
TXN-10016,CUST-1361,18242.39,Credit Card,Insufficient Funds,5,1,0,72629.9,0
TXN-10017,CUST-2438,11090.45,Wallet,Temporary Bank/Network Error,7,1,3,97080.51,1
TXN-10018,CUST-1845,11179.81,Credit Card,Insufficient Funds,9,0,2,95830.7,1
TXN-10019,CUST-1078,12486.98,UPI,Authentication Failed,6,1,5,97448.97,0
TXN-10020,CUST-1630,6637.97,Credit Card,Card Expired,11,0,1,67151.33,0
TXN-10021,CUST-2004,6696.16,UPI,Insufficient Funds,7,1,1,59745.62,0
TXN-10022,CUST-1749,4306.68,Wallet,Temporary Bank/Network Error,7,0,2,165132.22,1
TXN-10023,CUST-2166,5776.97,Wallet,Payment Gateway Timeout,7,1,3,115151.43,1
TXN-10024,CUST-3093,12377.08,UPI,Temporary Bank/Network Error,3,0,2,51532.33,0
TXN-10025,CUST-1465,7493.95,UPI,Temporary Bank/Network Error,7,1,1,103265.18,1
TXN-10026,CUST-3002,5826.61,Debit Card,Temporary Bank/Network Error,10,0,0,98150.28,1
TXN-10027,CUST-1549,6021.69,Credit Card,Payment Gateway Timeout,7,1,0,64775.97,1
TXN-10028,CUST-2526,7387.06,Debit Card,Payment Gateway Timeout,8,0,2,95223.67,0
TXN-10029,CUST-3323,12387.99,Debit Card,Authentication Failed,11,0,2,73204.8,0
TXN-10030,CUST-1683,3636.95,UPI,Insufficient Funds,8,1,1,54711.49,1
TXN-10031,CUST-2693,6102.63,Credit Card,Payment Gateway Timeout,11,1,0,69593.46,1
TXN-10032,CUST-2487,10786.86,UPI,Temporary Bank/Network Error,6,1,2,85558.52,1
TXN-10033,CUST-3199,3407.46,Net Banking,Insufficient Funds,7,0,2,47212.88,0
TXN-10034,CUST-2838,13576.07,Credit Card,Authentication Failed,13,0,1,146240.52,1
TXN-10035,CUST-2322,4615.21,Debit Card,Temporary Bank/Network Error,8,1,4,72352.11,1
TXN-10036,CUST-1666,9787.02,UPI,Payment Gateway Timeout,10,1,1,35812.59,1
TXN-10037,CUST-3346,7308.83,Net Banking,Insufficient Funds,6,1,2,108355.74,0
TXN-10038,CUST-3063,8359.54,Net Banking,Temporary Bank/Network Error,10,0,2,71862.15,1
TXN-10039,CUST-2739,3817.74,Net Banking,Card Expired,11,1,1,51245.57,1
TXN-10040,CUST-1738,7434.19,Debit Card,Authentication Failed,12,0,1,27285.25,0
TXN-10041,CUST-3476,5850.17,Wallet,Authentication Failed,11,1,1,98499.32,1
TXN-10042,CUST-3422,12754.42,UPI,Temporary Bank/Network Error,5,1,0,99511.95,1
TXN-10043,CUST-3325,5340.76,UPI,Payment Gateway Timeout,10,0,2,41325.92,1
TXN-10044,CUST-2490,6959.01,UPI,Temporary Bank/Network Error,11,0,3,81752.31,1
TXN-10045,CUST-2181,6051.33,Debit Card,Authentication Failed,7,1,1,105111.77,0
TXN-10046,CUST-1494,8503.63,UPI,Payment Gateway Timeout,4,1,1,147186.27,1
TXN-10047,CUST-1890,12765.24,Debit Card,Temporary Bank/Network Error,11,1,0,51858.5,0
TXN-10048,CUST-3299,7056.95,UPI,Card Expired,10,1,2,98227.71,1
TXN-10049,CUST-1720,8746.26,UPI,Payment Gateway Timeout,7,1,1,126048.73,1
TXN-10050,CUST-2496,4180.19,Credit Card,Authentication Failed,10,0,0,127593.78,0
TXN-10051,CUST-1426,7238.95,Debit Card,Insufficient Funds,8,1,1,52185.48,0
TXN-10052,CUST-2129,3815.93,Credit Card,Payment Gateway Timeout,8,1,1,44209.28,1
TXN-10053,CUST-2856,4470.51,Debit Card,Card Expired,7,1,3,41260.35,0
TXN-10054,CUST-1027,13056.48,Debit Card,Temporary Bank/Network Error,4,1,2,75693.48,1
TXN-10055,CUST-1464,6727.97,Debit Card,Card Expired,10,0,0,86376.62,0
TXN-10056,CUST-2578,5090.94,Debit Card,Authentication Failed,4,0,2,76924.93,0
TXN-10057,CUST-2903,7048.48,Wallet,Authentication Failed,12,1,2,63260.25,1
TXN-10058,CUST-2643,3480.86,Debit Card,Insufficient Funds,7,1,3,85603.46,0
TXN-10059,CUST-1516,16592.95,Credit Card,Temporary Bank/Network Error,8,1,1,149618.64,1
TXN-10060,CUST-2307,5473.79,Credit Card,Temporary Bank/Network Error,13,0,1,33599.99,1
TXN-10061,CUST-1130,7948.74,UPI,Insufficient Funds,6,1,3,106419.38,1
TXN-10062,CUST-2502,6121.62,UPI,Card Expired,7,1,3,104298.63,0
TXN-10063,CUST-2519,6770.9,UPI,Card Expired,8,0,1,70917.0,0
TXN-10064,CUST-3168,4208.4,Wallet,Insufficient Funds,9,1,2,39706.2,0
TXN-10065,CUST-2749,5946.74,Credit Card,Payment Gateway Timeout,11,1,4,76527.52,1
TXN-10066,CUST-2847,9790.82,Credit Card,Card Expired,8,0,1,75211.23,0
TXN-10067,CUST-1666,5099.22,Debit Card,Temporary Bank/Network Error,12,1,0,121857.12,1
TXN-10068,CUST-1156,6541.34,Credit Card,Temporary Bank/Network Error,8,0,1,118083.02,1
TXN-10069,CUST-2378,17335.32,Credit Card,Temporary Bank/Network Error,6,0,5,39936.79,0
TXN-10070,CUST-3253,7287.25,Credit Card,Payment Gateway Timeout,6,1,1,77896.66,1
TXN-10071,CUST-1164,4502.75,UPI,Authentication Failed,12,1,1,44975.16,1
TXN-10072,CUST-3353,12456.54,UPI,Temporary Bank/Network Error,6,1,4,67873.49,1
TXN-10073,CUST-2187,10728.24,Credit Card,Card Expired,8,0,1,125083.26,0
TXN-10074,CUST-2744,10849.69,Wallet,Insufficient Funds,7,0,1,174734.68,0
TXN-10075,CUST-2547,8099.09,Debit Card,Payment Gateway Timeout,8,1,0,60483.36,1
TXN-10076,CUST-1307,7928.97,UPI,Payment Gateway Timeout,10,1,4,68590.47,1
TXN-10077,CUST-1188,13993.79,Credit Card,Temporary Bank/Network Error,12,0,1,60736.59,1
TXN-10078,CUST-1503,6184.93,UPI,Insufficient Funds,9,1,3,86821.79,0
TXN-10079,CUST-1615,11601.07,Debit Card,Payment Gateway Timeout,5,0,2,105849.98,0
TXN-10080,CUST-1650,8162.47,Net Banking,Insufficient Funds,8,0,0,84086.86,0
TXN-10081,CUST-1419,10474.93,UPI,Card Expired,6,0,0,112025.43,0
TXN-10082,CUST-1700,7255.57,Debit Card,Temporary Bank/Network Error,6,1,1,64549.03,1
TXN-10083,CUST-2042,6186.82,UPI,Authentication Failed,9,1,2,87535.0,1
TXN-10084,CUST-1133,4755.16,UPI,Temporary Bank/Network Error,5,1,0,48947.57,1
TXN-10085,CUST-2393,4549.82,Debit Card,Authentication Failed,11,1,1,27467.13,1
TXN-10086,CUST-1089,12339.88,UPI,Card Expired,17,0,3,45184.33,0
TXN-10087,CUST-1664,4715.94,Debit Card,Payment Gateway Timeout,8,1,1,82771.25,1
TXN-10088,CUST-1894,9221.45,UPI,Payment Gateway Timeout,9,1,3,76621.8,1
TXN-10089,CUST-2975,6066.98,Net Banking,Card Expired,3,0,0,82665.84,0
TXN-10090,CUST-1693,4769.81,Credit Card,Insufficient Funds,7,1,0,91843.69,1
TXN-10091,CUST-2216,12099.12,Net Banking,Temporary Bank/Network Error,11,0,1,90452.44,1
TXN-10092,CUST-2707,15609.25,UPI,Insufficient Funds,4,0,0,89591.68,0
TXN-10093,CUST-2291,2692.45,UPI,Temporary Bank/Network Error,13,1,1,130245.42,1
TXN-10094,CUST-1530,7466.63,UPI,Authentication Failed,12,0,3,140817.9,0
TXN-10095,CUST-2124,9573.61,Debit Card,Authentication Failed,8,1,1,49683.61,0
TXN-10096,CUST-1024,7297.16,Debit Card,Temporary Bank/Network Error,8,0,2,300000.0,1
TXN-10097,CUST-2627,22359.03,UPI,Authentication Failed,3,0,2,77664.79,0
TXN-10098,CUST-2390,21938.56,Net Banking,Payment Gateway Timeout,8,1,1,85701.69,1
TXN-10099,CUST-2244,8536.34,Debit Card,Temporary Bank/Network Error,4,1,1,56998.29,1
TXN-10100,CUST-2008,4835.1,Net Banking,Card Expired,7,1,2,86521.58,0
TXN-10101,CUST-1759,4568.67,UPI,Payment Gateway Timeout,4,1,2,55055.24,1
TXN-10102,CUST-1518,2524.77,Wallet,Temporary Bank/Network Error,6,1,1,22496.16,1
TXN-10103,CUST-2857,12591.95,Credit Card,Payment Gateway Timeout,3,0,1,81251.09,0
TXN-10104,CUST-2886,4351.15,Debit Card,Temporary Bank/Network Error,12,0,2,87215.43,1
TXN-10105,CUST-3286,9886.48,Wallet,Temporary Bank/Network Error,6,0,0,34980.12,1
TXN-10106,CUST-3489,10261.42,Net Banking,Card Expired,12,0,1,78352.14,0
TXN-10107,CUST-2738,5528.33,UPI,Authentication Failed,7,0,2,63977.7,0
TXN-10108,CUST-2555,4717.35,UPI,Temporary Bank/Network Error,9,0,5,99303.78,0
TXN-10109,CUST-3315,6755.0,Credit Card,Authentication Failed,5,1,2,91612.86,0
TXN-10110,CUST-3113,6212.9,Net Banking,Authentication Failed,6,0,0,83999.17,0
TXN-10111,CUST-1803,11997.48,UPI,Authentication Failed,6,0,3,84811.02,0
TXN-10112,CUST-2858,20440.87,UPI,Card Expired,7,0,5,85127.05,0
TXN-10113,CUST-2473,8347.43,UPI,Insufficient Funds,11,0,0,72552.54,0
TXN-10114,CUST-1378,11202.76,Wallet,Payment Gateway Timeout,11,1,0,106558.07,1
TXN-10115,CUST-2013,3929.8,Net Banking,Insufficient Funds,11,1,0,103052.2,1
TXN-10116,CUST-3188,15140.24,UPI,Insufficient Funds,6,1,1,109615.43,0
TXN-10117,CUST-1387,25335.08,Credit Card,Payment Gateway Timeout,1,0,2,76158.32,0
TXN-10118,CUST-2747,9675.09,Debit Card,Temporary Bank/Network Error,10,0,1,140040.2,1
TXN-10119,CUST-1135,4684.0,Credit Card,Authentication Failed,7,1,0,253814.33,1
TXN-10120,CUST-2362,6528.32,Credit Card,Temporary Bank/Network Error,6,1,2,300000.0,1
TXN-10121,CUST-1333,4262.5,Debit Card,Insufficient Funds,13,1,3,111770.7,1
TXN-10122,CUST-1501,4479.9,Credit Card,Payment Gateway Timeout,4,0,0,55196.1,0
TXN-10123,CUST-1773,4975.13,Debit Card,Temporary Bank/Network Error,6,1,3,73537.85,1
TXN-10124,CUST-1341,12716.36,UPI,Temporary Bank/Network Error,9,0,0,59637.31,1
TXN-10125,CUST-2185,5331.65,Net Banking,Insufficient Funds,11,0,5,100345.33,0
TXN-10126,CUST-2443,7970.25,Debit Card,Temporary Bank/Network Error,8,1,0,35997.14,1
TXN-10127,CUST-3059,5028.04,Net Banking,Insufficient Funds,5,0,2,87408.52,0
TXN-10128,CUST-3420,6291.85,UPI,Card Expired,6,0,2,131964.33,0
TXN-10129,CUST-3444,3291.76,Credit Card,Payment Gateway Timeout,6,1,1,168832.27,1
TXN-10130,CUST-1432,4085.36,Net Banking,Insufficient Funds,9,0,0,25809.19,0
TXN-10131,CUST-2537,8473.06,UPI,Card Expired,6,0,4,30948.37,0
TXN-10132,CUST-3343,7757.06,Net Banking,Insufficient Funds,7,0,2,120414.52,0
TXN-10133,CUST-2495,9382.07,Credit Card,Temporary Bank/Network Error,6,0,1,96871.62,1
TXN-10134,CUST-3174,13997.22,Credit Card,Card Expired,6,0,4,93974.9,0
TXN-10135,CUST-1988,23344.39,Net Banking,Authentication Failed,10,1,2,115162.95,1
TXN-10136,CUST-2913,6916.55,Credit Card,Temporary Bank/Network Error,7,1,1,129485.84,1
TXN-10137,CUST-2521,3666.99,UPI,Temporary Bank/Network Error,6,0,2,69088.71,0
TXN-10138,CUST-2199,7533.31,UPI,Authentication Failed,10,0,2,141656.36,0
TXN-10139,CUST-3374,17621.35,UPI,Authentication Failed,3,0,1,144380.34,0
TXN-10140,CUST-3299,4896.47,UPI,Temporary Bank/Network Error,7,1,2,60975.54,1
TXN-10141,CUST-1011,4863.03,Credit Card,Insufficient Funds,7,0,0,43938.51,0
TXN-10142,CUST-2100,6569.06,Debit Card,Temporary Bank/Network Error,9,0,3,238730.93,1
TXN-10143,CUST-1818,8346.48,Credit Card,Payment Gateway Timeout,6,1,0,78716.76,1
TXN-10144,CUST-3441,12434.65,UPI,Authentication Failed,9,1,1,133295.07,1
TXN-10145,CUST-1569,10893.22,UPI,Temporary Bank/Network Error,12,1,0,68106.69,1
TXN-10146,CUST-1797,9477.71,Credit Card,Temporary Bank/Network Error,16,0,2,76909.81,1
TXN-10147,CUST-1309,2193.85,UPI,Authentication Failed,7,1,2,51311.79,0
TXN-10148,CUST-2638,6592.93,Credit Card,Insufficient Funds,7,0,0,71967.85,0
TXN-10149,CUST-2958,4261.03,UPI,Card Expired,3,1,2,68026.56,0
TXN-10150,CUST-1822,6568.95,Wallet,Temporary Bank/Network Error,7,0,4,31771.3,1
TXN-10151,CUST-1481,5281.73,UPI,Temporary Bank/Network Error,5,0,2,31704.34,0
TXN-10152,CUST-2766,6653.99,Wallet,Temporary Bank/Network Error,10,0,1,73195.21,1
TXN-10153,CUST-1164,10726.28,UPI,Insufficient Funds,11,0,1,74027.2,0
TXN-10154,CUST-1950,6458.23,Net Banking,Insufficient Funds,5,1,2,127602.53,0
TXN-10155,CUST-3129,2934.88,UPI,Insufficient Funds,8,0,3,51014.73,0
TXN-10156,CUST-1631,9675.26,Credit Card,Temporary Bank/Network Error,7,0,1,104121.63,1
TXN-10157,CUST-1287,4654.8,Credit Card,Temporary Bank/Network Error,7,0,2,92460.82,0
TXN-10158,CUST-3310,5923.51,UPI,Insufficient Funds,8,0,1,217925.36,0
TXN-10159,CUST-2095,5995.09,Net Banking,Insufficient Funds,7,1,3,44433.98,0
TXN-10160,CUST-2474,3936.37,Credit Card,Temporary Bank/Network Error,6,0,1,71513.53,1
TXN-10161,CUST-3275,3031.48,Credit Card,Insufficient Funds,6,1,2,26997.4,0
TXN-10162,CUST-2089,7267.23,UPI,Insufficient Funds,11,1,3,49388.03,0
TXN-10163,CUST-2239,10181.59,Credit Card,Card Expired,4,0,2,57739.07,0
TXN-10164,CUST-3260,10924.42,UPI,Card Expired,6,0,2,62425.85,0
TXN-10165,CUST-2395,1617.4,UPI,Insufficient Funds,10,0,2,48096.57,0
TXN-10166,CUST-1220,5753.63,Credit Card,Insufficient Funds,4,0,1,146703.87,0
TXN-10167,CUST-1390,10117.5,UPI,Temporary Bank/Network Error,8,1,1,22885.43,1
TXN-10168,CUST-2804,19257.78,Credit Card,Temporary Bank/Network Error,15,1,1,101871.65,1
TXN-10169,CUST-2492,12396.34,Debit Card,Payment Gateway Timeout,7,0,2,155668.84,0
TXN-10170,CUST-1117,3751.71,Net Banking,Authentication Failed,10,0,0,67294.05,0
TXN-10171,CUST-2000,5529.78,UPI,Insufficient Funds,5,0,1,65909.36,0
TXN-10172,CUST-1691,12588.28,UPI,Card Expired,3,0,2,99615.92,0
TXN-10173,CUST-2467,4694.63,UPI,Authentication Failed,6,1,3,37267.02,0
TXN-10174,CUST-1187,2317.08,Credit Card,Temporary Bank/Network Error,8,0,0,127588.88,1
TXN-10175,CUST-1353,5544.04,UPI,Payment Gateway Timeout,6,0,1,40603.47,0
TXN-10176,CUST-2330,6981.16,Debit Card,Payment Gateway Timeout,6,1,0,57669.23,1
TXN-10177,CUST-2350,8662.27,UPI,Temporary Bank/Network Error,3,0,1,120680.68,0
TXN-10178,CUST-1106,5336.5,Net Banking,Authentication Failed,10,1,5,99609.04,0
TXN-10179,CUST-2009,10348.34,Debit Card,Temporary Bank/Network Error,9,1,0,93054.01,1
TXN-10180,CUST-2724,5949.78,UPI,Temporary Bank/Network Error,4,1,3,81868.45,1
TXN-10181,CUST-1199,9351.48,Debit Card,Card Expired,12,1,3,143226.42,1
TXN-10182,CUST-3022,7142.71,Credit Card,Payment Gateway Timeout,7,1,2,218890.96,1
TXN-10183,CUST-1995,2818.78,UPI,Authentication Failed,5,1,1,165023.01,0
TXN-10184,CUST-1421,2765.31,UPI,Insufficient Funds,6,0,0,61737.34,0
TXN-10185,CUST-2537,2712.96,Net Banking,Temporary Bank/Network Error,8,0,4,96298.68,0
TXN-10186,CUST-2347,8388.6,UPI,Temporary Bank/Network Error,8,0,1,56394.2,1
TXN-10187,CUST-1580,7130.25,Credit Card,Temporary Bank/Network Error,9,0,0,97905.62,1
TXN-10188,CUST-1763,4160.53,UPI,Temporary Bank/Network Error,3,1,0,33318.58,1
TXN-10189,CUST-2127,9361.14,Debit Card,Card Expired,9,1,3,29446.84,0
TXN-10190,CUST-2037,4125.39,Debit Card,Temporary Bank/Network Error,6,0,0,70737.87,1
TXN-10191,CUST-2308,2825.43,Net Banking,Card Expired,6,1,0,64688.2,0
TXN-10192,CUST-1580,7394.41,Wallet,Payment Gateway Timeout,4,0,1,26551.28,0
TXN-10193,CUST-2604,12086.25,UPI,Card Expired,5,1,2,75760.35,0
TXN-10194,CUST-1284,9853.32,UPI,Payment Gateway Timeout,10,1,1,51883.04,1
TXN-10195,CUST-3095,4591.46,Debit Card,Temporary Bank/Network Error,9,1,0,33016.53,1
TXN-10196,CUST-1480,2934.63,Credit Card,Payment Gateway Timeout,5,0,0,44953.53,0
TXN-10197,CUST-2693,6786.72,Credit Card,Authentication Failed,8,1,2,33013.88,0
TXN-10198,CUST-2641,14630.96,Credit Card,Authentication Failed,11,1,2,35913.95,1
TXN-10199,CUST-1131,11480.37,UPI,Card Expired,9,0,1,80159.99,0
TXN-10200,CUST-2202,9029.05,UPI,Card Expired,8,0,1,181039.49,0
TXN-10201,CUST-1339,4472.07,Debit Card,Authentication Failed,2,0,2,114546.85,0
TXN-10202,CUST-1354,3905.44,Net Banking,Insufficient Funds,8,0,0,66443.68,0
TXN-10203,CUST-3265,9877.71,UPI,Temporary Bank/Network Error,9,1,2,102820.03,1
TXN-10204,CUST-3142,3409.48,Debit Card,Insufficient Funds,9,1,0,168137.51,1
TXN-10205,CUST-2490,18706.84,Credit Card,Temporary Bank/Network Error,10,0,1,97739.54,1
TXN-10206,CUST-2007,11066.69,Wallet,Insufficient Funds,5,0,2,111852.33,0
TXN-10207,CUST-1848,4440.37,Net Banking,Temporary Bank/Network Error,9,1,2,49573.25,1
TXN-10208,CUST-1030,6629.06,UPI,Temporary Bank/Network Error,8,1,1,107228.44,1
TXN-10209,CUST-2872,3156.15,UPI,Temporary Bank/Network Error,6,0,2,89830.14,0
TXN-10210,CUST-2004,5941.84,UPI,Temporary Bank/Network Error,16,1,0,51983.7,1
TXN-10211,CUST-3285,13103.22,Credit Card,Temporary Bank/Network Error,6,1,3,52140.46,1
TXN-10212,CUST-3332,17623.34,Credit Card,Authentication Failed,4,1,2,149530.06,0
TXN-10213,CUST-1444,9868.55,Net Banking,Temporary Bank/Network Error,13,1,1,65021.26,1
TXN-10214,CUST-1028,2145.89,Credit Card,Card Expired,9,0,0,96950.7,0
TXN-10215,CUST-2644,8924.47,Credit Card,Temporary Bank/Network Error,6,1,1,164870.69,1
TXN-10216,CUST-1518,8952.68,Net Banking,Authentication Failed,8,1,0,72467.07,1
TXN-10217,CUST-2795,5670.43,Credit Card,Insufficient Funds,6,0,2,33349.47,0
TXN-10218,CUST-3051,11026.77,UPI,Temporary Bank/Network Error,6,0,5,68033.53,0
TXN-10219,CUST-3167,3880.5,Debit Card,Temporary Bank/Network Error,7,1,2,65335.53,1
TXN-10220,CUST-1537,9772.5,Credit Card,Temporary Bank/Network Error,11,1,2,54847.21,1
TXN-10221,CUST-2376,6602.73,UPI,Payment Gateway Timeout,11,0,2,36237.47,1
TXN-10222,CUST-3216,9044.18,Debit Card,Authentication Failed,9,0,0,58271.52,0
TXN-10223,CUST-2323,22564.71,Debit Card,Temporary Bank/Network Error,7,0,1,128401.03,1
TXN-10224,CUST-2365,8320.81,Credit Card,Insufficient Funds,11,1,1,35967.65,1
TXN-10225,CUST-3049,5519.31,UPI,Insufficient Funds,7,1,0,208245.87,1
TXN-10226,CUST-3114,4422.13,Debit Card,Temporary Bank/Network Error,8,1,2,38607.07,1
TXN-10227,CUST-3339,6103.12,Credit Card,Authentication Failed,4,1,1,47309.95,0
TXN-10228,CUST-2518,7067.39,UPI,Temporary Bank/Network Error,6,0,3,45799.82,0
TXN-10229,CUST-2039,5299.19,UPI,Temporary Bank/Network Error,8,0,1,79591.35,1
TXN-10230,CUST-1739,18451.01,Wallet,Insufficient Funds,10,1,3,33997.33,0
TXN-10231,CUST-2674,9332.44,Credit Card,Insufficient Funds,8,0,3,132886.35,0
TXN-10232,CUST-2932,5741.94,UPI,Payment Gateway Timeout,10,1,0,62442.13,1
TXN-10233,CUST-1709,14177.0,UPI,Insufficient Funds,2,0,0,65512.51,0
TXN-10234,CUST-1839,3045.81,UPI,Temporary Bank/Network Error,7,1,2,102453.97,1
TXN-10235,CUST-2774,13550.81,UPI,Authentication Failed,6,1,2,300000.0,1
TXN-10236,CUST-2704,13153.58,UPI,Temporary Bank/Network Error,10,1,0,61615.34,1
TXN-10237,CUST-1105,19548.53,Net Banking,Authentication Failed,10,0,2,106696.09,0
TXN-10238,CUST-3352,7712.75,UPI,Insufficient Funds,8,0,0,106650.66,0
TXN-10239,CUST-1788,12299.8,Credit Card,Insufficient Funds,11,0,1,89761.53,0
TXN-10240,CUST-1725,8861.53,UPI,Authentication Failed,10,0,0,98722.76,0
TXN-10241,CUST-1350,9543.26,UPI,Insufficient Funds,11,0,1,155978.74,0
TXN-10242,CUST-2173,4250.98,UPI,Temporary Bank/Network Error,5,1,1,57781.58,1
TXN-10243,CUST-2061,14857.01,Net Banking,Temporary Bank/Network Error,9,1,1,56221.71,1
TXN-10244,CUST-1886,8301.72,Net Banking,Insufficient Funds,11,0,1,40507.88,0
TXN-10245,CUST-2417,3730.71,UPI,Temporary Bank/Network Error,5,1,0,81794.2,1
TXN-10246,CUST-1609,6644.49,Credit Card,Payment Gateway Timeout,5,0,2,81358.89,0
TXN-10247,CUST-1264,2725.82,Net Banking,Temporary Bank/Network Error,12,0,0,42068.8,1
TXN-10248,CUST-2022,2909.22,Net Banking,Temporary Bank/Network Error,13,1,4,46640.31,1
TXN-10249,CUST-1739,4356.96,UPI,Insufficient Funds,6,1,0,159478.57,1
TXN-10250,CUST-2348,10057.36,Credit Card,Temporary Bank/Network Error,5,0,1,73999.86,0
TXN-10251,CUST-2866,13393.99,Credit Card,Temporary Bank/Network Error,8,1,0,65515.61,1
TXN-10252,CUST-1231,4530.42,Credit Card,Authentication Failed,8,0,1,52600.32,0
TXN-10253,CUST-2547,5841.29,Credit Card,Authentication Failed,8,1,3,109196.52,0
TXN-10254,CUST-3316,7703.9,Wallet,Insufficient Funds,9,0,2,127320.5,0
TXN-10255,CUST-1227,6771.41,Debit Card,Insufficient Funds,8,1,3,40520.96,0
TXN-10256,CUST-2078,7721.38,Wallet,Temporary Bank/Network Error,11,1,0,49544.8,1
TXN-10257,CUST-2338,3812.87,UPI,Temporary Bank/Network Error,8,1,0,112686.83,1
TXN-10258,CUST-2228,9205.2,UPI,Insufficient Funds,12,0,2,60796.77,0
TXN-10259,CUST-1634,6306.48,UPI,Insufficient Funds,13,1,0,75245.14,1
TXN-10260,CUST-3061,5572.05,UPI,Authentication Failed,6,1,1,68276.36,0
TXN-10261,CUST-1415,9601.98,Debit Card,Authentication Failed,8,1,2,81719.4,0
TXN-10262,CUST-1761,7966.93,Net Banking,Payment Gateway Timeout,4,1,1,31901.0,1
TXN-10263,CUST-2012,8809.81,UPI,Temporary Bank/Network Error,11,0,0,94563.66,1
TXN-10264,CUST-1769,6392.52,UPI,Temporary Bank/Network Error,6,0,0,90797.4,1
TXN-10265,CUST-1806,14652.83,UPI,Insufficient Funds,3,1,1,113371.68,0
TXN-10266,CUST-1939,5939.68,UPI,Insufficient Funds,10,1,1,76563.43,1
TXN-10267,CUST-2455,13952.1,UPI,Temporary Bank/Network Error,11,1,2,87032.26,1
TXN-10268,CUST-1171,6008.49,Credit Card,Temporary Bank/Network Error,13,0,4,64018.05,1
TXN-10269,CUST-1521,9828.32,Debit Card,Authentication Failed,10,0,1,29559.27,0
TXN-10270,CUST-2890,4198.91,Credit Card,Card Expired,14,0,1,93325.92,0
TXN-10271,CUST-1643,2746.98,Credit Card,Temporary Bank/Network Error,12,1,2,33708.18,1
TXN-10272,CUST-1462,11326.2,Credit Card,Insufficient Funds,5,1,1,230320.33,0
TXN-10273,CUST-1623,5670.52,Credit Card,Temporary Bank/Network Error,12,0,1,132840.95,1
TXN-10274,CUST-2716,10477.54,UPI,Authentication Failed,5,0,0,77131.48,0
TXN-10275,CUST-2209,13959.75,Credit Card,Authentication Failed,9,1,2,54118.83,0
TXN-10276,CUST-3108,4815.47,Debit Card,Authentication Failed,3,0,1,51499.93,0
TXN-10277,CUST-1890,5163.15,UPI,Temporary Bank/Network Error,6,1,0,57794.64,1
TXN-10278,CUST-1227,7500.51,Credit Card,Temporary Bank/Network Error,9,1,2,164531.53,1
TXN-10279,CUST-2442,6196.65,UPI,Temporary Bank/Network Error,8,0,1,177587.83,1
TXN-10280,CUST-2449,7387.61,UPI,Card Expired,7,1,1,151992.72,0
TXN-10281,CUST-2260,11107.48,UPI,Insufficient Funds,9,1,1,83963.52,1
TXN-10282,CUST-1020,4330.61,Credit Card,Temporary Bank/Network Error,10,1,1,111368.05,1
TXN-10283,CUST-2726,6655.65,Debit Card,Temporary Bank/Network Error,7,1,1,28120.15,1
TXN-10284,CUST-2819,13045.19,UPI,Insufficient Funds,3,1,4,152449.48,0
TXN-10285,CUST-1129,11104.49,Credit Card,Temporary Bank/Network Error,12,1,1,32547.71,1
TXN-10286,CUST-2637,11289.71,Credit Card,Temporary Bank/Network Error,6,1,2,45898.69,1
TXN-10287,CUST-1231,5075.41,UPI,Temporary Bank/Network Error,9,1,1,100374.42,1
TXN-10288,CUST-1533,7558.51,UPI,Insufficient Funds,8,0,0,65249.9,0
TXN-10289,CUST-1747,9238.79,UPI,Insufficient Funds,7,1,0,32396.08,1
TXN-10290,CUST-2771,8884.46,Debit Card,Insufficient Funds,11,1,0,103298.36,1
TXN-10291,CUST-3257,5188.69,UPI,Temporary Bank/Network Error,7,0,1,113799.61,1
TXN-10292,CUST-1402,12342.5,Credit Card,Authentication Failed,9,0,4,78051.59,0
TXN-10293,CUST-1925,10180.56,Net Banking,Authentication Failed,8,0,2,93582.17,0
TXN-10294,CUST-2770,4056.4,UPI,Temporary Bank/Network Error,9,1,1,133610.48,1
TXN-10295,CUST-1596,10177.47,UPI,Authentication Failed,6,1,2,294322.38,1
TXN-10296,CUST-2413,14150.38,Wallet,Payment Gateway Timeout,7,1,1,99890.25,1
TXN-10297,CUST-1927,5839.99,Wallet,Temporary Bank/Network Error,7,1,1,98689.59,1
TXN-10298,CUST-1162,6715.51,Net Banking,Card Expired,9,0,2,41327.39,0
TXN-10299,CUST-2381,14170.64,Debit Card,Authentication Failed,12,0,0,29504.37,0
TXN-10300,CUST-2750,3371.38,UPI,Temporary Bank/Network Error,8,0,1,62382.44,1
TXN-10301,CUST-1416,3408.17,Credit Card,Authentication Failed,7,1,1,86995.72,0
TXN-10302,CUST-3283,10174.62,Credit Card,Temporary Bank/Network Error,3,1,1,133175.6,1
TXN-10303,CUST-1757,5883.21,Credit Card,Authentication Failed,9,1,2,105453.16,1
TXN-10304,CUST-2425,3058.18,UPI,Payment Gateway Timeout,14,0,0,119631.22,1
TXN-10305,CUST-2268,2851.81,Net Banking,Insufficient Funds,7,0,1,127999.72,0
TXN-10306,CUST-3284,8912.49,Credit Card,Insufficient Funds,4,0,0,119647.25,0
TXN-10307,CUST-2663,16154.82,Credit Card,Payment Gateway Timeout,6,1,2,108310.56,1
TXN-10308,CUST-1257,5113.25,Credit Card,Card Expired,8,0,0,59903.25,0
TXN-10309,CUST-3286,4956.2,Net Banking,Temporary Bank/Network Error,9,1,0,161621.91,1
TXN-10310,CUST-1712,5488.43,Debit Card,Payment Gateway Timeout,16,0,2,31553.92,1
TXN-10311,CUST-1771,5467.03,Wallet,Payment Gateway Timeout,8,0,0,65511.41,1
TXN-10312,CUST-1599,11098.64,UPI,Temporary Bank/Network Error,10,0,1,236058.96,1
TXN-10313,CUST-1845,2405.32,Debit Card,Temporary Bank/Network Error,6,1,0,63323.08,1
TXN-10314,CUST-1503,8003.1,UPI,Authentication Failed,13,0,3,96107.03,0
TXN-10315,CUST-1669,17428.77,Net Banking,Insufficient Funds,10,1,2,53665.92,0
TXN-10316,CUST-1210,9985.82,Debit Card,Payment Gateway Timeout,9,1,2,88898.69,1
TXN-10317,CUST-1289,6635.38,Net Banking,Temporary Bank/Network Error,5,0,1,44680.31,0
TXN-10318,CUST-3211,8575.63,Credit Card,Authentication Failed,6,1,0,125125.51,1
TXN-10319,CUST-1579,11976.81,Net Banking,Temporary Bank/Network Error,5,1,2,74084.48,1
TXN-10320,CUST-1524,5061.77,UPI,Authentication Failed,6,0,1,58688.34,0
TXN-10321,CUST-2293,3244.64,Credit Card,Authentication Failed,8,1,0,70437.39,1
TXN-10322,CUST-2811,8864.69,Credit Card,Insufficient Funds,7,1,2,130820.66,0
TXN-10323,CUST-1560,9380.81,Net Banking,Authentication Failed,8,0,3,95050.41,0
TXN-10324,CUST-1356,4717.47,Wallet,Temporary Bank/Network Error,9,0,1,73413.47,1
TXN-10325,CUST-1495,8006.26,Wallet,Temporary Bank/Network Error,9,0,3,158133.27,1
TXN-10326,CUST-1357,4499.19,Debit Card,Temporary Bank/Network Error,7,1,2,59809.68,1
TXN-10327,CUST-3104,18328.44,UPI,Insufficient Funds,10,1,0,52473.67,1
TXN-10328,CUST-2726,3824.6,UPI,Card Expired,5,1,1,152008.01,0
TXN-10329,CUST-1774,7155.63,Debit Card,Card Expired,6,0,1,84150.83,0
TXN-10330,CUST-1747,9348.09,UPI,Temporary Bank/Network Error,7,1,2,116256.59,1
TXN-10331,CUST-2114,6707.29,Wallet,Card Expired,4,0,2,81657.2,0
TXN-10332,CUST-1063,6178.55,Credit Card,Payment Gateway Timeout,9,0,2,74429.49,1
TXN-10333,CUST-2280,28537.79,Debit Card,Authentication Failed,7,0,2,64742.65,0
TXN-10334,CUST-1068,11243.65,UPI,Insufficient Funds,6,0,3,38736.92,0
TXN-10335,CUST-1220,1948.94,UPI,Temporary Bank/Network Error,9,0,3,63753.38,1
TXN-10336,CUST-2008,12434.43,Wallet,Payment Gateway Timeout,7,0,3,117649.74,0
TXN-10337,CUST-1430,8724.7,Credit Card,Authentication Failed,6,0,3,32761.34,0
TXN-10338,CUST-1730,4713.37,Net Banking,Authentication Failed,12,0,0,65411.4,0
TXN-10339,CUST-3097,2002.11,UPI,Insufficient Funds,4,0,3,76717.8,0
TXN-10340,CUST-2546,11323.05,UPI,Insufficient Funds,11,1,3,114486.1,1
TXN-10341,CUST-2066,15900.49,UPI,Authentication Failed,9,1,2,70383.86,0
TXN-10342,CUST-1707,3777.94,UPI,Payment Gateway Timeout,6,1,1,73114.14,1
TXN-10343,CUST-1966,5007.2,Net Banking,Authentication Failed,6,1,4,101705.2,0
TXN-10344,CUST-1811,7560.58,Credit Card,Card Expired,13,0,0,56867.91,1
TXN-10345,CUST-3219,7718.28,Wallet,Temporary Bank/Network Error,7,0,1,70101.88,1
TXN-10346,CUST-3111,7726.41,Credit Card,Payment Gateway Timeout,11,1,1,49647.26,1
TXN-10347,CUST-3235,7832.21,Net Banking,Temporary Bank/Network Error,8,1,2,53430.62,1
TXN-10348,CUST-3059,4456.6,Credit Card,Authentication Failed,15,0,1,64225.85,1
TXN-10349,CUST-3062,6193.64,Wallet,Authentication Failed,11,0,1,134424.16,0
TXN-10350,CUST-1546,4538.22,Net Banking,Temporary Bank/Network Error,7,1,2,62847.59,1
TXN-10351,CUST-2203,9303.71,Wallet,Payment Gateway Timeout,7,1,0,132287.9,1
TXN-10352,CUST-1069,7605.55,UPI,Payment Gateway Timeout,12,1,1,69382.29,1
TXN-10353,CUST-1127,10958.9,Debit Card,Insufficient Funds,5,1,2,51521.54,0
TXN-10354,CUST-1109,5270.96,UPI,Temporary Bank/Network Error,7,1,4,35224.01,1
TXN-10355,CUST-1266,3370.71,Net Banking,Temporary Bank/Network Error,4,0,0,84146.86,0
TXN-10356,CUST-2977,3975.7,Debit Card,Temporary Bank/Network Error,5,1,6,73654.24,0
TXN-10357,CUST-2177,6113.84,Debit Card,Insufficient Funds,13,0,2,35483.42,0
TXN-10358,CUST-1166,5266.73,UPI,Temporary Bank/Network Error,9,0,0,64458.84,1
TXN-10359,CUST-1945,16692.96,Wallet,Card Expired,10,1,4,45643.11,0
TXN-10360,CUST-1397,6485.16,Debit Card,Card Expired,12,1,1,126761.83,1
TXN-10361,CUST-2333,6207.05,UPI,Payment Gateway Timeout,9,1,2,38543.74,1
TXN-10362,CUST-1835,6782.72,Credit Card,Authentication Failed,4,1,2,32077.92,0
TXN-10363,CUST-2515,3658.96,UPI,Temporary Bank/Network Error,5,0,1,132700.14,1
TXN-10364,CUST-2527,5277.71,Credit Card,Payment Gateway Timeout,9,0,2,45250.97,0
TXN-10365,CUST-1268,8001.94,Credit Card,Payment Gateway Timeout,8,1,1,119876.14,1
TXN-10366,CUST-1709,14524.72,Wallet,Payment Gateway Timeout,9,0,1,133985.19,1
TXN-10367,CUST-1226,5687.23,Wallet,Card Expired,10,1,1,80480.99,1
TXN-10368,CUST-2283,4508.57,Net Banking,Insufficient Funds,9,0,2,171768.08,0
TXN-10369,CUST-2121,4497.32,UPI,Payment Gateway Timeout,9,1,1,73457.02,1
TXN-10370,CUST-2789,4041.62,Net Banking,Authentication Failed,9,1,2,34196.96,0
TXN-10371,CUST-2531,8176.2,Credit Card,Temporary Bank/Network Error,8,1,0,138197.82,1
TXN-10372,CUST-1533,2798.91,Credit Card,Authentication Failed,9,1,1,131779.41,1
TXN-10373,CUST-3455,14400.86,Wallet,Card Expired,9,1,2,63745.11,0
TXN-10374,CUST-1361,2747.45,Net Banking,Temporary Bank/Network Error,4,1,3,76801.84,0
TXN-10375,CUST-1819,7815.04,Wallet,Card Expired,7,1,2,126562.8,0
TXN-10376,CUST-3013,14077.36,Debit Card,Temporary Bank/Network Error,13,1,2,91455.19,1
TXN-10377,CUST-1037,7904.8,UPI,Payment Gateway Timeout,7,0,0,48452.12,1
TXN-10378,CUST-3141,7455.12,UPI,Insufficient Funds,5,1,4,41539.15,0
TXN-10379,CUST-1144,9404.98,UPI,Insufficient Funds,6,1,3,75825.1,0
TXN-10380,CUST-3312,5205.48,Credit Card,Temporary Bank/Network Error,5,0,0,67733.15,1
TXN-10381,CUST-1541,3840.46,Wallet,Payment Gateway Timeout,7,0,0,69068.68,1
TXN-10382,CUST-1291,7083.54,UPI,Payment Gateway Timeout,11,1,0,46235.58,1
TXN-10383,CUST-1523,6243.5,Wallet,Payment Gateway Timeout,6,0,3,35072.49,0
TXN-10384,CUST-1378,3455.87,Credit Card,Insufficient Funds,6,0,2,77818.27,0
TXN-10385,CUST-1548,10584.79,UPI,Authentication Failed,16,1,1,165835.04,1
TXN-10386,CUST-3138,9672.28,Net Banking,Temporary Bank/Network Error,11,1,2,50319.28,1
TXN-10387,CUST-1037,4063.88,Debit Card,Authentication Failed,10,1,1,66881.54,1
TXN-10388,CUST-3112,2221.71,Net Banking,Temporary Bank/Network Error,8,1,0,66575.49,1
TXN-10389,CUST-1604,6192.44,UPI,Temporary Bank/Network Error,8,1,2,40185.41,1
TXN-10390,CUST-3059,10542.57,Wallet,Insufficient Funds,4,0,0,126407.43,0
TXN-10391,CUST-1675,7276.59,Debit Card,Payment Gateway Timeout,8,1,1,35928.44,1
TXN-10392,CUST-2818,6872.33,Net Banking,Insufficient Funds,10,1,2,76620.0,0
TXN-10393,CUST-1941,5469.61,Net Banking,Insufficient Funds,13,1,2,37044.85,1
TXN-10394,CUST-2343,7583.15,Wallet,Insufficient Funds,9,1,1,141713.86,1
TXN-10395,CUST-1850,12120.98,Wallet,Temporary Bank/Network Error,6,0,4,40434.78,0
TXN-10396,CUST-2353,5047.61,UPI,Payment Gateway Timeout,9,1,0,73003.38,1
TXN-10397,CUST-3042,3372.71,Net Banking,Insufficient Funds,11,0,0,94568.12,0
TXN-10398,CUST-2301,8995.03,UPI,Insufficient Funds,10,1,1,111850.18,1
TXN-10399,CUST-2254,4194.97,Wallet,Insufficient Funds,8,1,1,103024.08,1
TXN-10400,CUST-1356,3350.12,Credit Card,Authentication Failed,13,1,4,105673.11,1
TXN-10401,CUST-3231,10375.51,Debit Card,Insufficient Funds,10,1,1,107050.7,1
TXN-10402,CUST-2933,8522.12,Credit Card,Authentication Failed,4,1,1,37479.12,0
TXN-10403,CUST-3472,4262.72,Debit Card,Insufficient Funds,6,0,1,128554.52,0
TXN-10404,CUST-1644,10720.62,Debit Card,Authentication Failed,10,0,2,66041.83,0
TXN-10405,CUST-1534,6123.26,UPI,Insufficient Funds,10,1,0,95122.41,1
TXN-10406,CUST-1990,13587.48,Wallet,Temporary Bank/Network Error,10,0,1,110180.96,1
TXN-10407,CUST-3376,4332.12,UPI,Insufficient Funds,13,1,0,122417.81,1
TXN-10408,CUST-1578,5395.88,Credit Card,Authentication Failed,2,1,1,70960.99,0
TXN-10409,CUST-2816,6486.24,Net Banking,Insufficient Funds,2,0,1,40383.97,0
TXN-10410,CUST-2752,6289.56,UPI,Authentication Failed,6,1,2,27398.42,0
TXN-10411,CUST-1042,7319.44,UPI,Authentication Failed,4,1,2,52128.24,0
TXN-10412,CUST-2710,9239.15,Debit Card,Temporary Bank/Network Error,7,1,2,78814.77,1
TXN-10413,CUST-1816,6285.49,Credit Card,Authentication Failed,7,1,1,65502.36,0
TXN-10414,CUST-1611,19278.12,Credit Card,Temporary Bank/Network Error,11,0,2,41169.86,1
TXN-10415,CUST-2345,7550.6,UPI,Card Expired,14,0,2,91398.67,0
TXN-10416,CUST-3460,6818.67,Net Banking,Temporary Bank/Network Error,4,1,1,89955.14,1
TXN-10417,CUST-2651,5700.27,UPI,Temporary Bank/Network Error,7,1,3,122829.48,1
TXN-10418,CUST-1183,18118.51,Debit Card,Authentication Failed,8,1,3,25621.27,0
TXN-10419,CUST-1249,7148.26,UPI,Insufficient Funds,5,1,2,77087.61,0
TXN-10420,CUST-2822,5533.12,UPI,Insufficient Funds,9,1,3,26717.56,0
TXN-10421,CUST-3059,5152.33,Debit Card,Insufficient Funds,3,0,0,111279.73,0
TXN-10422,CUST-2616,6314.96,Debit Card,Insufficient Funds,9,1,2,41467.56,0
TXN-10423,CUST-2020,5889.31,UPI,Payment Gateway Timeout,7,1,2,102207.97,1
TXN-10424,CUST-1069,2418.13,Net Banking,Temporary Bank/Network Error,5,1,4,112794.47,0
TXN-10425,CUST-2179,6800.87,Net Banking,Insufficient Funds,15,1,2,139064.7,1
TXN-10426,CUST-1906,8345.35,Debit Card,Insufficient Funds,7,0,1,40000.45,0
TXN-10427,CUST-2835,9582.58,Net Banking,Insufficient Funds,6,1,0,44607.26,0
TXN-10428,CUST-1327,13825.21,Credit Card,Insufficient Funds,10,0,3,55629.81,0
TXN-10429,CUST-2818,17392.82,Net Banking,Authentication Failed,6,1,4,48307.43,0
TXN-10430,CUST-1730,18656.06,Wallet,Card Expired,6,0,0,101064.16,0
TXN-10431,CUST-2416,8891.89,Wallet,Temporary Bank/Network Error,3,0,5,46654.45,0
TXN-10432,CUST-2510,4105.95,UPI,Insufficient Funds,13,1,1,140653.36,1
TXN-10433,CUST-2295,10775.07,Debit Card,Temporary Bank/Network Error,5,1,1,64647.83,1
TXN-10434,CUST-3190,8443.97,UPI,Insufficient Funds,8,1,1,87786.16,1
TXN-10435,CUST-1402,8340.67,Credit Card,Temporary Bank/Network Error,10,0,4,64118.65,0
TXN-10436,CUST-1111,4334.97,UPI,Temporary Bank/Network Error,10,0,3,102133.45,1
TXN-10437,CUST-2868,4104.84,Net Banking,Temporary Bank/Network Error,5,0,2,285134.59,0
TXN-10438,CUST-3106,7238.38,Credit Card,Insufficient Funds,9,1,2,98125.0,0
TXN-10439,CUST-2503,7103.46,Wallet,Temporary Bank/Network Error,7,0,1,91735.35,1
TXN-10440,CUST-2958,9517.17,UPI,Authentication Failed,7,0,0,200484.75,0
TXN-10441,CUST-2608,5541.36,Net Banking,Insufficient Funds,6,1,2,52509.21,0
TXN-10442,CUST-2858,11662.29,Credit Card,Payment Gateway Timeout,4,1,3,76620.93,0
TXN-10443,CUST-2832,7795.14,Credit Card,Card Expired,9,0,3,44225.63,0
TXN-10444,CUST-2120,6633.58,Credit Card,Payment Gateway Timeout,5,0,3,78124.18,0
TXN-10445,CUST-2220,4092.48,Net Banking,Temporary Bank/Network Error,10,0,1,149600.91,1
TXN-10446,CUST-1379,9963.24,Debit Card,Authentication Failed,10,1,0,71893.66,1
TXN-10447,CUST-2554,5479.61,Debit Card,Payment Gateway Timeout,5,0,1,60461.13,0
TXN-10448,CUST-3499,5554.91,Credit Card,Authentication Failed,7,1,1,76430.49,0
TXN-10449,CUST-2011,6086.46,Credit Card,Temporary Bank/Network Error,7,0,5,61400.8,0
TXN-10450,CUST-1713,26524.12,Wallet,Payment Gateway Timeout,9,1,3,48805.31,1
TXN-10451,CUST-3038,8695.5,UPI,Temporary Bank/Network Error,7,1,0,43796.56,1
TXN-10452,CUST-2813,7040.63,Credit Card,Payment Gateway Timeout,10,1,2,60534.77,1
TXN-10453,CUST-2804,12304.58,UPI,Authentication Failed,6,0,1,38918.01,0
TXN-10454,CUST-2453,22146.94,Debit Card,Card Expired,6,0,2,86811.69,0
TXN-10455,CUST-1028,10768.99,Debit Card,Temporary Bank/Network Error,7,1,1,38444.21,1
TXN-10456,CUST-1654,12189.32,Credit Card,Insufficient Funds,14,1,3,163958.64,1
TXN-10457,CUST-1830,5066.49,Debit Card,Card Expired,5,1,2,78786.44,0
TXN-10458,CUST-3015,10292.55,UPI,Insufficient Funds,3,1,0,105751.04,0
TXN-10459,CUST-2077,6732.23,UPI,Insufficient Funds,13,1,3,73949.87,1
TXN-10460,CUST-1171,10849.81,Credit Card,Payment Gateway Timeout,8,0,2,59300.0,0
TXN-10461,CUST-2576,3655.9,UPI,Authentication Failed,2,1,3,55957.98,0
TXN-10462,CUST-2655,14152.03,UPI,Insufficient Funds,5,1,1,57633.5,0
TXN-10463,CUST-1920,3353.09,Net Banking,Temporary Bank/Network Error,10,1,2,100950.07,1
TXN-10464,CUST-1866,7013.59,Credit Card,Authentication Failed,8,0,2,102362.62,0
TXN-10465,CUST-3082,8062.1,Wallet,Temporary Bank/Network Error,12,1,2,39687.59,1
TXN-10466,CUST-1790,6358.33,Net Banking,Insufficient Funds,3,1,1,46757.64,0
TXN-10467,CUST-2935,8958.79,Credit Card,Temporary Bank/Network Error,7,0,2,56595.54,0
TXN-10468,CUST-2184,7455.8,Credit Card,Insufficient Funds,10,0,1,64585.1,0
TXN-10469,CUST-1085,7778.93,Net Banking,Temporary Bank/Network Error,6,1,1,62577.32,1
TXN-10470,CUST-2262,4951.1,Wallet,Insufficient Funds,4,1,1,79139.43,0
TXN-10471,CUST-1287,5574.6,UPI,Insufficient Funds,4,1,0,125274.78,0
TXN-10472,CUST-1793,4219.68,UPI,Payment Gateway Timeout,10,0,3,69133.23,1
TXN-10473,CUST-3241,4570.58,UPI,Card Expired,7,0,1,194722.38,0
TXN-10474,CUST-3276,29363.19,Credit Card,Temporary Bank/Network Error,9,1,2,204425.51,1
TXN-10475,CUST-2933,7118.23,Debit Card,Payment Gateway Timeout,11,0,0,57518.59,1
TXN-10476,CUST-1357,6044.51,Credit Card,Payment Gateway Timeout,8,1,1,161299.46,1
TXN-10477,CUST-2271,2982.93,UPI,Insufficient Funds,5,0,1,92731.92,0
TXN-10478,CUST-1961,5728.69,Credit Card,Temporary Bank/Network Error,4,1,1,70962.02,1
TXN-10479,CUST-2448,5288.75,Credit Card,Temporary Bank/Network Error,5,0,4,138396.72,0
TXN-10480,CUST-1363,7966.31,Net Banking,Temporary Bank/Network Error,11,0,2,42041.54,1
TXN-10481,CUST-2781,9387.3,Debit Card,Payment Gateway Timeout,4,0,0,54513.6,0
TXN-10482,CUST-3313,8325.74,Credit Card,Card Expired,7,1,3,80603.54,0
TXN-10483,CUST-1622,3229.89,Debit Card,Authentication Failed,11,0,2,60417.62,0
TXN-10484,CUST-2383,14918.85,Wallet,Payment Gateway Timeout,9,1,2,69013.59,1
TXN-10485,CUST-1108,15772.89,UPI,Insufficient Funds,4,0,3,58120.76,0
TXN-10486,CUST-3370,4882.79,UPI,Temporary Bank/Network Error,9,1,2,86907.5,1
TXN-10487,CUST-2059,7208.9,UPI,Insufficient Funds,4,0,0,36897.18,0
TXN-10488,CUST-1745,13490.52,UPI,Payment Gateway Timeout,9,0,0,238536.06,1
TXN-10489,CUST-2173,3799.62,Debit Card,Authentication Failed,7,0,2,37393.03,0
TXN-10490,CUST-1528,2787.52,Debit Card,Card Expired,7,0,3,56875.69,0
TXN-10491,CUST-1856,3534.42,UPI,Authentication Failed,12,0,1,38319.18,0
TXN-10492,CUST-3027,12160.05,UPI,Insufficient Funds,10,0,1,57463.66,0
TXN-10493,CUST-2088,11523.42,Net Banking,Temporary Bank/Network Error,13,1,5,89550.8,1
TXN-10494,CUST-1651,5014.85,Wallet,Temporary Bank/Network Error,7,1,1,56152.88,1
TXN-10495,CUST-2053,6677.93,Credit Card,Authentication Failed,13,0,3,84275.95,0
TXN-10496,CUST-1948,6200.83,UPI,Authentication Failed,8,1,1,60898.91,1
TXN-10497,CUST-1293,5066.14,Debit Card,Temporary Bank/Network Error,8,0,0,154090.75,1
TXN-10498,CUST-3042,8336.39,Wallet,Temporary Bank/Network Error,15,0,5,86640.08,1
TXN-10499,CUST-1748,17357.21,Wallet,Insufficient Funds,13,0,2,115991.86,0
TXN-10500,CUST-3383,4801.67,Net Banking,Temporary Bank/Network Error,9,1,0,198391.98,1
TXN-10501,CUST-3484,7836.5,UPI,Card Expired,4,0,1,94004.12,0
TXN-10502,CUST-3010,12433.43,Credit Card,Temporary Bank/Network Error,6,1,3,125134.66,1
TXN-10503,CUST-1422,4309.86,Wallet,Insufficient Funds,8,1,1,76281.05,0
TXN-10504,CUST-2468,9309.85,Wallet,Temporary Bank/Network Error,8,1,1,70265.39,1
TXN-10505,CUST-3415,12302.64,UPI,Temporary Bank/Network Error,16,1,1,81736.39,1
TXN-10506,CUST-2947,4220.13,Debit Card,Temporary Bank/Network Error,9,0,2,64952.67,1
TXN-10507,CUST-2663,14197.83,Debit Card,Card Expired,5,0,1,38907.7,0
TXN-10508,CUST-3022,14988.87,Debit Card,Insufficient Funds,9,0,2,119560.83,0
TXN-10509,CUST-1325,18233.66,UPI,Payment Gateway Timeout,11,1,1,123973.92,1
TXN-10510,CUST-2921,9908.38,Credit Card,Authentication Failed,4,0,5,84786.51,0
TXN-10511,CUST-2413,5841.05,UPI,Payment Gateway Timeout,6,1,0,74951.18,1
TXN-10512,CUST-1809,8531.51,UPI,Card Expired,3,0,2,118155.7,0
TXN-10513,CUST-1598,6550.82,Credit Card,Temporary Bank/Network Error,5,0,1,63844.08,0
TXN-10514,CUST-1232,9084.33,UPI,Insufficient Funds,6,0,1,86123.24,0
TXN-10515,CUST-1087,8716.08,Debit Card,Insufficient Funds,5,0,1,242584.39,0
TXN-10516,CUST-1388,3135.99,UPI,Payment Gateway Timeout,7,1,0,40198.21,1
TXN-10517,CUST-1748,8053.61,Net Banking,Card Expired,6,0,1,162376.07,0
TXN-10518,CUST-3484,6846.92,Credit Card,Payment Gateway Timeout,5,1,2,45130.04,1
TXN-10519,CUST-1398,7240.53,UPI,Insufficient Funds,7,1,1,93489.64,0
TXN-10520,CUST-2112,4080.61,Credit Card,Authentication Failed,13,1,0,41607.87,1
TXN-10521,CUST-2197,4216.63,Debit Card,Temporary Bank/Network Error,14,0,0,103613.68,1
TXN-10522,CUST-1161,7218.4,UPI,Authentication Failed,8,1,1,98840.51,1
TXN-10523,CUST-2676,13972.99,UPI,Temporary Bank/Network Error,6,1,1,107406.71,1
TXN-10524,CUST-2289,4196.83,UPI,Authentication Failed,5,0,2,174864.88,0
TXN-10525,CUST-3363,3599.9,Credit Card,Insufficient Funds,5,0,2,84201.48,0
TXN-10526,CUST-3303,12950.28,Debit Card,Card Expired,13,1,2,58659.23,1
TXN-10527,CUST-1925,7584.05,Wallet,Authentication Failed,5,0,1,81177.03,0
TXN-10528,CUST-1486,14551.48,Credit Card,Temporary Bank/Network Error,14,1,1,54263.84,1
TXN-10529,CUST-1636,4631.41,UPI,Payment Gateway Timeout,12,1,2,58522.24,1
TXN-10530,CUST-3320,10050.62,Credit Card,Temporary Bank/Network Error,6,1,1,44731.19,1
TXN-10531,CUST-2373,12274.71,Credit Card,Authentication Failed,9,0,1,157116.3,0
TXN-10532,CUST-1418,4988.9,Wallet,Insufficient Funds,8,1,3,127347.83,0
TXN-10533,CUST-2708,7924.18,Credit Card,Temporary Bank/Network Error,10,0,0,62382.16,1
TXN-10534,CUST-2281,6837.0,Debit Card,Card Expired,7,1,0,55170.76,0
TXN-10535,CUST-2526,3217.05,Credit Card,Authentication Failed,10,1,2,124684.87,1
TXN-10536,CUST-1233,3935.76,UPI,Authentication Failed,11,1,2,110671.86,1
TXN-10537,CUST-2800,3360.0,Net Banking,Payment Gateway Timeout,11,1,1,56880.28,1
TXN-10538,CUST-2746,9627.25,Wallet,Insufficient Funds,7,1,3,28024.8,0
TXN-10539,CUST-1966,5951.31,UPI,Payment Gateway Timeout,6,0,0,111000.88,1
TXN-10540,CUST-2662,5693.45,Net Banking,Card Expired,4,0,0,71102.74,0
TXN-10541,CUST-2602,5169.38,Debit Card,Authentication Failed,5,1,1,66755.64,0
TXN-10542,CUST-3426,10476.51,UPI,Insufficient Funds,4,0,2,91804.15,0
TXN-10543,CUST-1787,4694.48,Credit Card,Payment Gateway Timeout,12,1,3,27759.51,1
TXN-10544,CUST-2528,13349.68,Net Banking,Insufficient Funds,6,1,2,36099.48,0
TXN-10545,CUST-3403,10550.8,Debit Card,Authentication Failed,9,0,2,110521.24,0
TXN-10546,CUST-1637,5430.38,Credit Card,Authentication Failed,7,1,1,26436.55,0
TXN-10547,CUST-2244,3520.2,UPI,Payment Gateway Timeout,5,1,0,54141.45,1
TXN-10548,CUST-1462,8014.5,Wallet,Temporary Bank/Network Error,2,1,2,31206.98,0
TXN-10549,CUST-2072,13885.27,UPI,Temporary Bank/Network Error,8,0,1,93661.78,1
TXN-10550,CUST-2303,3146.7,Net Banking,Temporary Bank/Network Error,7,0,0,143494.04,1
TXN-10551,CUST-1430,5867.21,Debit Card,Payment Gateway Timeout,9,1,0,50041.47,1
TXN-10552,CUST-1942,2684.07,Net Banking,Payment Gateway Timeout,9,0,0,113694.52,1
TXN-10553,CUST-1186,3474.76,UPI,Temporary Bank/Network Error,14,1,3,91367.5,1
TXN-10554,CUST-1707,26599.37,UPI,Temporary Bank/Network Error,10,1,2,46736.38,1
TXN-10555,CUST-3293,3933.21,UPI,Payment Gateway Timeout,7,1,0,38580.0,1
TXN-10556,CUST-3267,10417.22,UPI,Authentication Failed,12,0,2,36533.0,0
TXN-10557,CUST-2073,4621.69,Debit Card,Temporary Bank/Network Error,10,0,1,108022.99,1
TXN-10558,CUST-1980,2229.1,UPI,Temporary Bank/Network Error,5,0,3,75556.9,0
TXN-10559,CUST-3347,5944.52,Credit Card,Card Expired,12,0,3,33870.88,0
TXN-10560,CUST-2181,7680.47,Wallet,Insufficient Funds,4,0,0,69134.48,0
TXN-10561,CUST-3170,5192.9,Debit Card,Temporary Bank/Network Error,7,1,2,79843.85,1
TXN-10562,CUST-2830,5533.36,UPI,Temporary Bank/Network Error,6,0,1,30096.14,0
TXN-10563,CUST-1011,4720.6,UPI,Authentication Failed,10,1,1,140193.68,1
TXN-10564,CUST-1649,11662.08,Net Banking,Authentication Failed,7,1,2,45665.42,0
TXN-10565,CUST-2086,9942.49,Credit Card,Payment Gateway Timeout,2,0,0,49154.35,0
TXN-10566,CUST-2383,12354.73,Debit Card,Insufficient Funds,4,0,0,156733.41,0
TXN-10567,CUST-1032,8306.42,Credit Card,Insufficient Funds,9,1,1,82216.61,1
TXN-10568,CUST-2008,7240.29,Wallet,Payment Gateway Timeout,9,0,1,149262.43,1
TXN-10569,CUST-2828,4052.29,UPI,Temporary Bank/Network Error,3,1,2,50810.54,1
TXN-10570,CUST-3464,7934.32,UPI,Temporary Bank/Network Error,4,0,1,47156.28,0
TXN-10571,CUST-1613,4207.24,Credit Card,Insufficient Funds,6,0,1,70581.99,0
TXN-10572,CUST-3493,4453.65,Net Banking,Temporary Bank/Network Error,7,1,3,62245.56,1
TXN-10573,CUST-2441,7798.84,UPI,Insufficient Funds,8,1,2,80171.98,0
TXN-10574,CUST-2668,5044.31,Credit Card,Card Expired,13,1,0,99513.36,1
TXN-10575,CUST-3408,3647.66,UPI,Temporary Bank/Network Error,4,0,2,192395.15,0
TXN-10576,CUST-2003,6801.15,UPI,Card Expired,7,1,2,46381.02,0
TXN-10577,CUST-3097,5569.5,Debit Card,Temporary Bank/Network Error,4,0,0,121643.42,0
TXN-10578,CUST-2534,13233.95,Debit Card,Insufficient Funds,13,0,0,23243.85,0
TXN-10579,CUST-1594,7811.54,Wallet,Temporary Bank/Network Error,12,0,1,43456.58,1
TXN-10580,CUST-2620,6502.56,Debit Card,Payment Gateway Timeout,6,1,0,87738.18,1
TXN-10581,CUST-2310,4852.51,Net Banking,Temporary Bank/Network Error,6,0,1,126194.2,0
TXN-10582,CUST-2926,7300.03,UPI,Authentication Failed,9,0,3,103438.43,0
TXN-10583,CUST-1429,7684.6,UPI,Temporary Bank/Network Error,5,0,2,85102.27,0
TXN-10584,CUST-3363,16721.91,Credit Card,Authentication Failed,10,0,0,40784.72,0
TXN-10585,CUST-3412,6226.66,Debit Card,Card Expired,13,1,0,66327.42,1
TXN-10586,CUST-3135,6492.38,UPI,Temporary Bank/Network Error,9,0,1,78260.41,1
TXN-10587,CUST-2244,2263.89,Wallet,Card Expired,6,1,1,101900.89,0
TXN-10588,CUST-2527,9882.06,Credit Card,Insufficient Funds,6,1,0,131576.1,0
TXN-10589,CUST-2178,4764.78,Net Banking,Insufficient Funds,6,0,1,62249.03,0
TXN-10590,CUST-3429,3340.98,UPI,Temporary Bank/Network Error,10,1,2,36471.28,1
TXN-10591,CUST-1770,8430.55,UPI,Payment Gateway Timeout,11,0,3,60556.95,1
TXN-10592,CUST-3461,12413.79,UPI,Payment Gateway Timeout,9,1,0,60678.32,1
TXN-10593,CUST-2131,3039.79,Credit Card,Insufficient Funds,9,1,0,93936.8,1
TXN-10594,CUST-2076,7693.85,Credit Card,Temporary Bank/Network Error,11,0,3,63888.25,1
TXN-10595,CUST-2199,5180.66,UPI,Insufficient Funds,4,0,0,95381.5,0
TXN-10596,CUST-2287,8758.69,Credit Card,Insufficient Funds,7,1,0,54129.01,1
TXN-10597,CUST-3448,5682.2,Net Banking,Payment Gateway Timeout,9,1,0,90227.72,1
TXN-10598,CUST-1513,12218.98,UPI,Insufficient Funds,4,1,0,45924.12,0
TXN-10599,CUST-1445,12075.47,Credit Card,Temporary Bank/Network Error,13,1,0,39368.75,1
TXN-10600,CUST-1427,6393.48,UPI,Temporary Bank/Network Error,7,1,2,56739.64,1
TXN-10601,CUST-1844,10851.33,Credit Card,Authentication Failed,5,1,2,171405.55,0
TXN-10602,CUST-1790,14459.31,Credit Card,Insufficient Funds,6,1,1,71754.91,0
TXN-10603,CUST-1889,2331.8,Credit Card,Insufficient Funds,8,0,2,42148.92,0
TXN-10604,CUST-3202,6586.87,Debit Card,Insufficient Funds,9,0,1,110442.9,0
TXN-10605,CUST-3257,4627.07,Debit Card,Card Expired,6,0,3,78523.67,0
TXN-10606,CUST-3347,12406.76,UPI,Card Expired,7,0,1,92885.34,0
TXN-10607,CUST-2817,4036.88,UPI,Temporary Bank/Network Error,8,1,4,35034.28,1
TXN-10608,CUST-1112,11674.62,UPI,Payment Gateway Timeout,9,0,0,112953.82,1
TXN-10609,CUST-1318,7064.26,Credit Card,Payment Gateway Timeout,4,1,1,116342.07,1
TXN-10610,CUST-2453,6362.95,Wallet,Temporary Bank/Network Error,7,0,0,67763.51,1
TXN-10611,CUST-2136,4812.5,Credit Card,Payment Gateway Timeout,5,1,2,114336.99,1
TXN-10612,CUST-1188,3863.05,Credit Card,Insufficient Funds,10,1,2,61715.53,1
TXN-10613,CUST-1645,6018.16,UPI,Insufficient Funds,4,1,3,60285.38,0
TXN-10614,CUST-3220,8352.64,Net Banking,Payment Gateway Timeout,7,1,1,37468.29,1
TXN-10615,CUST-1311,2682.84,Wallet,Insufficient Funds,11,1,0,112831.79,1
TXN-10616,CUST-2401,4338.47,Credit Card,Authentication Failed,6,1,1,53507.28,0
TXN-10617,CUST-1781,4815.77,Credit Card,Temporary Bank/Network Error,4,1,3,50397.14,0
TXN-10618,CUST-1161,8174.87,Credit Card,Temporary Bank/Network Error,6,0,1,130007.78,1
TXN-10619,CUST-1477,3842.87,UPI,Insufficient Funds,5,0,2,92008.63,0
TXN-10620,CUST-1906,3856.56,Wallet,Insufficient Funds,12,0,1,99004.11,0
TXN-10621,CUST-1174,5862.31,Debit Card,Card Expired,11,1,2,122154.01,1
TXN-10622,CUST-2080,26629.79,Credit Card,Insufficient Funds,8,1,0,262672.15,1
TXN-10623,CUST-2013,8455.64,Credit Card,Temporary Bank/Network Error,5,1,1,20499.52,1
TXN-10624,CUST-1432,5619.97,Debit Card,Insufficient Funds,8,0,0,75887.99,0
TXN-10625,CUST-2432,9051.14,Credit Card,Payment Gateway Timeout,9,1,0,59308.9,1
TXN-10626,CUST-2618,6475.69,Credit Card,Temporary Bank/Network Error,8,0,4,85441.48,0
TXN-10627,CUST-1128,11416.89,Wallet,Authentication Failed,8,0,2,146280.11,0
TXN-10628,CUST-1305,6860.94,UPI,Card Expired,8,0,2,136009.97,0
TXN-10629,CUST-1314,4308.62,Net Banking,Insufficient Funds,6,0,2,30632.01,0
TXN-10630,CUST-1235,9400.17,UPI,Card Expired,8,1,1,64709.13,0
TXN-10631,CUST-2643,19785.62,Wallet,Payment Gateway Timeout,5,0,2,58526.85,0
TXN-10632,CUST-2912,28684.05,Credit Card,Payment Gateway Timeout,8,0,1,49943.46,0
TXN-10633,CUST-2752,7079.85,Credit Card,Insufficient Funds,9,0,2,47760.61,0
TXN-10634,CUST-2457,4110.79,UPI,Insufficient Funds,9,1,2,44995.22,0
TXN-10635,CUST-1346,1823.4,Credit Card,Payment Gateway Timeout,7,1,1,143411.6,1
TXN-10636,CUST-2995,5181.5,UPI,Temporary Bank/Network Error,5,0,3,132689.05,0
TXN-10637,CUST-2985,5530.87,Credit Card,Temporary Bank/Network Error,8,1,2,46038.11,1
TXN-10638,CUST-2736,6265.5,UPI,Payment Gateway Timeout,9,1,0,103231.08,1
TXN-10639,CUST-3219,3738.41,Debit Card,Card Expired,7,1,0,80602.63,0
TXN-10640,CUST-2864,9631.21,Wallet,Authentication Failed,8,1,0,134790.8,1
TXN-10641,CUST-1901,4303.26,Net Banking,Temporary Bank/Network Error,8,1,1,84829.96,1
TXN-10642,CUST-3228,6620.23,Credit Card,Insufficient Funds,7,1,2,78269.58,0
TXN-10643,CUST-2105,5821.29,UPI,Authentication Failed,9,1,0,94332.2,1
TXN-10644,CUST-1015,5645.25,Credit Card,Temporary Bank/Network Error,5,0,1,70134.4,0
TXN-10645,CUST-1936,7918.55,UPI,Temporary Bank/Network Error,8,0,2,146378.05,1
TXN-10646,CUST-2733,2550.64,UPI,Card Expired,9,0,0,79066.23,0
TXN-10647,CUST-1468,9527.33,UPI,Payment Gateway Timeout,12,1,2,67721.12,1
TXN-10648,CUST-3324,10047.21,UPI,Insufficient Funds,3,0,1,23112.05,0
TXN-10649,CUST-1298,4737.79,Credit Card,Temporary Bank/Network Error,5,0,1,63133.37,0
TXN-10650,CUST-1844,8216.79,UPI,Temporary Bank/Network Error,7,1,0,97838.7,1
TXN-10651,CUST-1646,7961.53,Credit Card,Authentication Failed,6,1,0,67552.5,0
TXN-10652,CUST-2988,4459.59,Credit Card,Payment Gateway Timeout,12,0,0,174937.89,1
TXN-10653,CUST-1850,5201.71,Debit Card,Authentication Failed,10,1,0,60563.88,1
TXN-10654,CUST-2362,2817.02,Net Banking,Authentication Failed,8,0,2,209082.63,0
TXN-10655,CUST-1229,11574.95,UPI,Temporary Bank/Network Error,8,0,1,58185.41,1
TXN-10656,CUST-1144,6893.2,Net Banking,Insufficient Funds,8,1,2,83398.9,0
TXN-10657,CUST-2743,4213.71,Net Banking,Payment Gateway Timeout,7,1,1,127561.59,1
TXN-10658,CUST-3453,9901.13,UPI,Temporary Bank/Network Error,11,0,1,33837.91,1
TXN-10659,CUST-1499,5913.39,UPI,Payment Gateway Timeout,8,0,1,33334.89,0
TXN-10660,CUST-1836,5331.91,UPI,Authentication Failed,11,0,0,48371.09,0
TXN-10661,CUST-1381,5356.4,Credit Card,Authentication Failed,9,0,1,300000.0,0
TXN-10662,CUST-2205,10075.49,Credit Card,Temporary Bank/Network Error,4,0,3,133234.44,0
TXN-10663,CUST-3140,5342.19,UPI,Payment Gateway Timeout,6,0,5,39168.1,0
TXN-10664,CUST-2113,10924.53,Debit Card,Insufficient Funds,9,1,3,115417.41,0
TXN-10665,CUST-1535,4955.67,UPI,Insufficient Funds,8,0,1,100566.0,0
TXN-10666,CUST-2300,5494.17,UPI,Temporary Bank/Network Error,6,0,1,45504.11,0
TXN-10667,CUST-2251,10118.49,Credit Card,Payment Gateway Timeout,9,1,1,236339.46,1
TXN-10668,CUST-3065,6624.04,UPI,Authentication Failed,13,0,1,83616.08,1
TXN-10669,CUST-1780,8656.6,Credit Card,Insufficient Funds,11,0,1,39906.84,0
TXN-10670,CUST-2601,3943.71,Debit Card,Temporary Bank/Network Error,6,0,0,47890.0,1
TXN-10671,CUST-3165,12689.22,Net Banking,Temporary Bank/Network Error,10,0,1,89045.53,1
TXN-10672,CUST-2480,12638.7,Net Banking,Card Expired,1,1,1,109479.32,0
TXN-10673,CUST-3248,4318.43,Net Banking,Temporary Bank/Network Error,9,0,1,65935.01,1
TXN-10674,CUST-1948,4767.09,Net Banking,Authentication Failed,11,1,1,87091.34,1
TXN-10675,CUST-1665,4195.27,Net Banking,Payment Gateway Timeout,11,1,2,101530.57,1
TXN-10676,CUST-1413,5141.92,Wallet,Authentication Failed,4,0,0,89952.27,0
TXN-10677,CUST-1757,10195.73,UPI,Temporary Bank/Network Error,6,0,0,77235.08,1
TXN-10678,CUST-2284,8243.75,Net Banking,Temporary Bank/Network Error,10,1,3,36554.08,1
TXN-10679,CUST-2026,3411.04,Credit Card,Payment Gateway Timeout,7,1,0,59425.79,1
TXN-10680,CUST-2017,11791.24,UPI,Insufficient Funds,6,1,0,63078.98,0
TXN-10681,CUST-2114,7857.41,Credit Card,Card Expired,7,1,5,45384.2,0
TXN-10682,CUST-1111,12219.9,UPI,Payment Gateway Timeout,10,1,1,42894.67,1
TXN-10683,CUST-1380,8353.61,Debit Card,Payment Gateway Timeout,6,1,1,92463.55,1
TXN-10684,CUST-2809,9387.11,UPI,Insufficient Funds,14,1,4,89302.31,1
TXN-10685,CUST-2602,4929.66,Net Banking,Insufficient Funds,15,0,1,77878.12,1
TXN-10686,CUST-2993,12538.05,Wallet,Card Expired,10,1,3,65414.96,0
TXN-10687,CUST-2277,8651.98,Net Banking,Insufficient Funds,12,1,3,60440.11,0
TXN-10688,CUST-3164,1756.87,Credit Card,Authentication Failed,11,1,1,62791.65,1
TXN-10689,CUST-1577,5571.82,Net Banking,Card Expired,6,0,2,138973.39,0
TXN-10690,CUST-1090,6863.35,Credit Card,Temporary Bank/Network Error,11,1,1,49205.73,1
TXN-10691,CUST-1020,10042.82,Net Banking,Authentication Failed,10,1,1,143252.71,1
TXN-10692,CUST-3343,7359.06,Debit Card,Temporary Bank/Network Error,0,1,1,154260.08,0
TXN-10693,CUST-3368,10151.39,Debit Card,Insufficient Funds,13,1,4,36279.15,0
TXN-10694,CUST-2486,4320.74,Credit Card,Temporary Bank/Network Error,5,0,1,92658.26,0
TXN-10695,CUST-2923,5168.34,Credit Card,Authentication Failed,9,1,1,42045.73,1
TXN-10696,CUST-3274,5630.8,Debit Card,Payment Gateway Timeout,10,1,1,114017.25,1
TXN-10697,CUST-2835,8737.08,Debit Card,Temporary Bank/Network Error,9,0,1,52968.27,1
TXN-10698,CUST-1828,6404.83,Debit Card,Authentication Failed,6,1,3,51397.15,0
TXN-10699,CUST-2578,4002.12,Debit Card,Card Expired,11,1,3,54884.96,0
TXN-10700,CUST-3004,5783.6,UPI,Temporary Bank/Network Error,10,1,1,80229.22,1
TXN-10701,CUST-1644,7465.84,UPI,Temporary Bank/Network Error,9,0,1,67775.35,1
TXN-10702,CUST-2240,3687.51,Credit Card,Authentication Failed,9,0,0,48148.98,0
TXN-10703,CUST-2940,6104.13,Credit Card,Temporary Bank/Network Error,8,1,1,242748.07,1
TXN-10704,CUST-1901,5125.47,UPI,Payment Gateway Timeout,9,0,2,149181.01,1
TXN-10705,CUST-2587,8960.68,Wallet,Authentication Failed,4,1,1,50097.84,0
TXN-10706,CUST-2483,5580.43,UPI,Insufficient Funds,7,1,2,64410.55,0
TXN-10707,CUST-2683,6250.0,UPI,Payment Gateway Timeout,8,1,2,263226.09,1
TXN-10708,CUST-1362,7126.89,Credit Card,Authentication Failed,12,1,0,67143.98,1
TXN-10709,CUST-3332,7544.29,Credit Card,Temporary Bank/Network Error,9,0,1,87558.24,1
TXN-10710,CUST-1412,8206.03,UPI,Insufficient Funds,6,1,0,81154.93,0
TXN-10711,CUST-1878,5358.26,Debit Card,Card Expired,10,0,1,56601.18,0
TXN-10712,CUST-2095,5814.0,Debit Card,Authentication Failed,3,1,2,87586.81,0
TXN-10713,CUST-1393,9200.23,UPI,Card Expired,5,0,0,124258.16,0
TXN-10714,CUST-1012,9041.69,Net Banking,Insufficient Funds,7,1,1,68314.44,0
TXN-10715,CUST-1797,10884.69,UPI,Temporary Bank/Network Error,9,0,1,155554.81,1
TXN-10716,CUST-2380,5201.39,UPI,Payment Gateway Timeout,8,1,1,126713.87,1
TXN-10717,CUST-3151,6841.26,Debit Card,Payment Gateway Timeout,3,1,2,45141.65,0
TXN-10718,CUST-1335,9479.39,Net Banking,Insufficient Funds,10,0,1,84465.91,0
TXN-10719,CUST-1351,5432.17,Net Banking,Authentication Failed,7,0,0,92839.13,0
TXN-10720,CUST-1972,13029.64,Debit Card,Temporary Bank/Network Error,10,0,0,57787.09,1
TXN-10721,CUST-2164,4275.49,UPI,Card Expired,11,1,2,48978.97,1
TXN-10722,CUST-2658,6209.8,Debit Card,Temporary Bank/Network Error,3,0,0,92093.97,0
TXN-10723,CUST-1242,5274.38,Net Banking,Insufficient Funds,7,1,1,159692.27,0
TXN-10724,CUST-2507,13921.06,Debit Card,Authentication Failed,8,1,1,91090.98,0
TXN-10725,CUST-2876,3538.01,Credit Card,Card Expired,12,0,0,39842.36,0
TXN-10726,CUST-2428,7078.2,UPI,Authentication Failed,2,1,1,81489.07,0
TXN-10727,CUST-1945,11440.8,Net Banking,Card Expired,12,1,2,70178.54,1
TXN-10728,CUST-1728,5680.84,Net Banking,Payment Gateway Timeout,5,0,3,111358.6,0
TXN-10729,CUST-2995,8945.77,UPI,Temporary Bank/Network Error,5,1,1,63456.45,1
TXN-10730,CUST-2368,4279.53,UPI,Authentication Failed,14,0,2,171565.24,1
TXN-10731,CUST-2380,18564.72,UPI,Insufficient Funds,1,1,0,82092.91,0
TXN-10732,CUST-1037,9038.96,Credit Card,Temporary Bank/Network Error,9,0,2,57477.92,1
TXN-10733,CUST-1102,7693.07,Credit Card,Insufficient Funds,9,0,2,98133.14,0
TXN-10734,CUST-2383,12200.77,Debit Card,Authentication Failed,4,1,0,112283.37,0
TXN-10735,CUST-2690,8241.4,Debit Card,Insufficient Funds,7,1,1,128806.06,0
TXN-10736,CUST-2973,21815.29,Net Banking,Temporary Bank/Network Error,8,1,4,88991.05,1
TXN-10737,CUST-2850,5003.1,Net Banking,Temporary Bank/Network Error,7,1,0,180629.17,1
TXN-10738,CUST-2288,5123.58,UPI,Payment Gateway Timeout,7,0,1,105256.72,1
TXN-10739,CUST-2279,3815.69,UPI,Card Expired,6,1,2,200115.28,0
TXN-10740,CUST-1119,3628.91,Credit Card,Temporary Bank/Network Error,7,1,1,18799.78,1
TXN-10741,CUST-1577,8571.71,Credit Card,Insufficient Funds,7,1,2,213588.33,0
TXN-10742,CUST-1071,10203.94,Debit Card,Temporary Bank/Network Error,6,1,1,182237.21,1
TXN-10743,CUST-2100,6359.69,Credit Card,Authentication Failed,8,0,3,30291.94,0
TXN-10744,CUST-1907,10205.16,Net Banking,Temporary Bank/Network Error,6,0,1,80489.97,0
TXN-10745,CUST-1390,3166.51,UPI,Authentication Failed,7,1,1,42331.12,0
TXN-10746,CUST-1191,6463.57,Wallet,Payment Gateway Timeout,11,1,2,76614.47,1
TXN-10747,CUST-1706,13377.31,UPI,Authentication Failed,7,0,0,51827.66,0
TXN-10748,CUST-3094,6354.78,Credit Card,Insufficient Funds,9,1,1,76363.72,1
TXN-10749,CUST-1250,25554.24,UPI,Insufficient Funds,6,0,2,125910.58,0
TXN-10750,CUST-2587,11773.43,Wallet,Authentication Failed,12,1,0,139803.45,1
TXN-10751,CUST-1780,3818.06,Net Banking,Payment Gateway Timeout,9,1,2,52531.18,1
TXN-10752,CUST-1737,6003.61,UPI,Temporary Bank/Network Error,7,0,0,59194.92,1
TXN-10753,CUST-2769,4676.73,Debit Card,Authentication Failed,5,0,1,61014.31,0
TXN-10754,CUST-1728,3458.76,Credit Card,Authentication Failed,10,0,2,160281.02,0
TXN-10755,CUST-2301,7756.5,Net Banking,Temporary Bank/Network Error,10,1,0,63035.6,1
TXN-10756,CUST-3228,10455.35,Net Banking,Temporary Bank/Network Error,14,0,2,39791.0,1
TXN-10757,CUST-2987,5881.81,Debit Card,Temporary Bank/Network Error,6,0,1,78135.6,0
TXN-10758,CUST-2450,7980.97,Debit Card,Authentication Failed,10,1,2,94627.83,1
TXN-10759,CUST-1027,12055.19,UPI,Authentication Failed,6,1,1,81584.7,0
TXN-10760,CUST-2963,8298.01,Credit Card,Authentication Failed,9,0,2,62350.22,0
TXN-10761,CUST-2681,6952.51,Net Banking,Insufficient Funds,5,0,1,48924.34,0
TXN-10762,CUST-1537,7007.95,UPI,Temporary Bank/Network Error,8,1,2,52851.91,1
TXN-10763,CUST-3061,7692.48,UPI,Authentication Failed,9,1,0,155691.39,1
TXN-10764,CUST-2957,10504.42,UPI,Authentication Failed,4,1,2,33372.15,0
TXN-10765,CUST-1781,7776.4,Net Banking,Temporary Bank/Network Error,6,1,1,58656.92,1
TXN-10766,CUST-1946,20882.45,Net Banking,Payment Gateway Timeout,6,0,1,93489.24,0
TXN-10767,CUST-2413,9926.16,UPI,Insufficient Funds,13,1,2,54687.94,1
TXN-10768,CUST-1576,5706.11,Debit Card,Insufficient Funds,9,1,1,96708.81,1
TXN-10769,CUST-2191,6619.89,UPI,Card Expired,5,0,2,100644.99,1
TXN-10770,CUST-1725,15498.99,Debit Card,Card Expired,8,0,3,31009.91,0
TXN-10771,CUST-1576,4908.27,UPI,Insufficient Funds,10,1,0,26064.41,1
TXN-10772,CUST-1396,3618.23,Net Banking,Temporary Bank/Network Error,12,1,2,77208.5,1
TXN-10773,CUST-2504,6749.17,Wallet,Temporary Bank/Network Error,6,1,1,34713.77,1
TXN-10774,CUST-2009,3960.78,UPI,Temporary Bank/Network Error,10,1,3,117157.76,1
TXN-10775,CUST-2689,11623.01,Credit Card,Authentication Failed,11,1,5,43697.17,0
TXN-10776,CUST-2950,4410.11,UPI,Temporary Bank/Network Error,11,1,3,83704.26,1
TXN-10777,CUST-2529,7097.93,Net Banking,Authentication Failed,5,0,3,44238.63,0
TXN-10778,CUST-1838,6405.47,Wallet,Temporary Bank/Network Error,12,0,3,71626.03,1
TXN-10779,CUST-3479,2588.47,Debit Card,Payment Gateway Timeout,7,0,3,177412.62,0
TXN-10780,CUST-2488,13308.28,Credit Card,Temporary Bank/Network Error,7,0,1,40624.97,1
TXN-10781,CUST-3058,7792.08,UPI,Authentication Failed,10,1,1,154385.54,1
TXN-10782,CUST-1847,6865.47,UPI,Payment Gateway Timeout,11,1,1,42742.89,1
TXN-10783,CUST-2157,9858.22,Net Banking,Insufficient Funds,5,1,2,96391.42,0
TXN-10784,CUST-2740,3352.67,UPI,Insufficient Funds,7,1,0,40932.31,1
TXN-10785,CUST-3495,8148.62,UPI,Authentication Failed,9,1,4,35092.51,0
TXN-10786,CUST-2520,4001.43,Credit Card,Temporary Bank/Network Error,15,1,4,111363.69,1
TXN-10787,CUST-3451,3489.13,Credit Card,Temporary Bank/Network Error,9,1,0,130164.54,1
TXN-10788,CUST-1345,5443.75,UPI,Authentication Failed,5,1,1,57661.68,0
TXN-10789,CUST-2293,6152.36,UPI,Authentication Failed,8,0,1,44445.61,0
TXN-10790,CUST-1769,15929.53,UPI,Authentication Failed,8,0,3,55932.1,0
TXN-10791,CUST-1924,8624.87,Credit Card,Temporary Bank/Network Error,9,1,3,79214.01,1
TXN-10792,CUST-3141,6258.61,Debit Card,Payment Gateway Timeout,6,0,1,65108.48,0
TXN-10793,CUST-1769,7438.79,Wallet,Card Expired,6,0,2,101207.7,0
TXN-10794,CUST-3325,14892.63,Debit Card,Authentication Failed,9,1,0,157702.0,1
TXN-10795,CUST-1365,6232.77,Debit Card,Insufficient Funds,9,1,1,61418.15,1
TXN-10796,CUST-2061,3516.1,Credit Card,Authentication Failed,7,1,2,115197.47,0
TXN-10797,CUST-2253,6738.75,Credit Card,Card Expired,9,0,2,38465.56,0
TXN-10798,CUST-2225,11429.15,UPI,Temporary Bank/Network Error,6,1,1,102730.19,1
TXN-10799,CUST-2260,17388.15,Credit Card,Authentication Failed,8,0,1,35406.78,0
TXN-10800,CUST-1693,10416.53,UPI,Card Expired,10,0,1,53611.53,0
TXN-10801,CUST-2038,5521.61,Debit Card,Temporary Bank/Network Error,4,1,2,122036.56,1
TXN-10802,CUST-2120,6830.42,UPI,Authentication Failed,10,0,0,46190.79,0
TXN-10803,CUST-2099,3384.73,Debit Card,Card Expired,14,0,4,27822.29,0
TXN-10804,CUST-1881,4092.65,UPI,Temporary Bank/Network Error,6,1,2,66072.56,1
TXN-10805,CUST-1835,10193.96,Credit Card,Insufficient Funds,5,1,3,135145.56,0
TXN-10806,CUST-1749,4736.48,Credit Card,Temporary Bank/Network Error,11,1,1,46597.9,1
TXN-10807,CUST-1282,15716.96,Wallet,Payment Gateway Timeout,6,0,2,38377.41,0
TXN-10808,CUST-1663,5214.44,Net Banking,Authentication Failed,4,1,1,81924.21,0
TXN-10809,CUST-1406,5292.78,UPI,Temporary Bank/Network Error,11,1,3,79857.17,1
TXN-10810,CUST-2603,7381.75,UPI,Authentication Failed,9,1,1,286664.03,1
TXN-10811,CUST-1944,7883.91,UPI,Authentication Failed,7,1,1,50696.02,0
TXN-10812,CUST-3191,4832.13,Net Banking,Payment Gateway Timeout,8,1,5,82283.66,0
TXN-10813,CUST-3068,3472.2,Debit Card,Insufficient Funds,10,1,1,102921.77,1
TXN-10814,CUST-3064,17015.97,Credit Card,Authentication Failed,8,1,1,53266.11,0
TXN-10815,CUST-3401,7843.45,Net Banking,Authentication Failed,5,1,5,105161.69,0
TXN-10816,CUST-2855,27726.07,UPI,Insufficient Funds,3,1,0,102106.96,0
TXN-10817,CUST-3030,9737.92,UPI,Payment Gateway Timeout,9,0,3,103859.15,0
TXN-10818,CUST-2690,12814.59,Net Banking,Authentication Failed,7,1,2,182582.45,0
TXN-10819,CUST-2052,4627.13,UPI,Insufficient Funds,9,0,2,26491.66,0
TXN-10820,CUST-1828,5506.66,UPI,Temporary Bank/Network Error,7,0,1,67095.68,1
TXN-10821,CUST-1658,6848.17,UPI,Temporary Bank/Network Error,4,0,0,89688.63,1
TXN-10822,CUST-3405,5931.52,Credit Card,Insufficient Funds,8,1,0,35894.48,1
TXN-10823,CUST-2695,5957.55,Credit Card,Temporary Bank/Network Error,7,1,1,79663.82,1
TXN-10824,CUST-3116,5906.52,Debit Card,Insufficient Funds,5,1,4,190412.9,0
TXN-10825,CUST-1143,6401.18,UPI,Authentication Failed,11,1,1,75298.75,1
TXN-10826,CUST-1641,8713.7,UPI,Temporary Bank/Network Error,6,0,1,68326.13,1
TXN-10827,CUST-1778,4146.92,Debit Card,Temporary Bank/Network Error,11,1,6,81038.89,1
TXN-10828,CUST-1693,5802.09,UPI,Temporary Bank/Network Error,8,0,1,100373.43,1
TXN-10829,CUST-2340,10678.86,UPI,Authentication Failed,4,1,3,56852.69,0
TXN-10830,CUST-2898,10477.58,Net Banking,Insufficient Funds,10,0,1,129532.31,0
TXN-10831,CUST-3473,4637.76,Debit Card,Temporary Bank/Network Error,3,1,2,33910.59,1
TXN-10832,CUST-1875,14344.16,Credit Card,Temporary Bank/Network Error,11,1,2,69144.31,1
TXN-10833,CUST-1774,12909.66,UPI,Card Expired,9,0,0,24158.48,0
TXN-10834,CUST-1839,5923.03,Net Banking,Insufficient Funds,6,1,2,78060.58,0
TXN-10835,CUST-1543,11222.73,Credit Card,Insufficient Funds,7,1,0,50845.84,0
TXN-10836,CUST-2372,4011.24,UPI,Payment Gateway Timeout,9,1,1,196171.04,1
TXN-10837,CUST-1322,8844.11,UPI,Payment Gateway Timeout,9,1,1,92605.34,1
TXN-10838,CUST-2104,3341.23,UPI,Card Expired,4,0,0,94938.17,0
TXN-10839,CUST-2540,9273.67,UPI,Insufficient Funds,5,1,1,105164.61,0
TXN-10840,CUST-2302,5546.34,Debit Card,Authentication Failed,6,0,1,100764.84,0
TXN-10841,CUST-2208,8791.09,UPI,Insufficient Funds,9,0,1,122273.91,0
TXN-10842,CUST-3181,9409.16,UPI,Temporary Bank/Network Error,9,0,0,52771.87,1
TXN-10843,CUST-1231,5550.05,UPI,Temporary Bank/Network Error,9,1,0,32764.19,1
TXN-10844,CUST-1879,4244.43,Debit Card,Temporary Bank/Network Error,10,1,2,82118.99,1
TXN-10845,CUST-1797,8473.88,Credit Card,Card Expired,4,1,2,192364.53,0
TXN-10846,CUST-2868,3685.19,Net Banking,Authentication Failed,8,0,4,73048.97,0
TXN-10847,CUST-2108,8632.68,UPI,Authentication Failed,4,0,4,66538.51,0
TXN-10848,CUST-2211,5977.06,Debit Card,Temporary Bank/Network Error,6,1,1,100058.16,1
TXN-10849,CUST-2764,4453.52,Credit Card,Payment Gateway Timeout,8,1,2,116980.52,1
TXN-10850,CUST-1231,4018.68,UPI,Insufficient Funds,6,1,0,50490.29,0
TXN-10851,CUST-2055,5287.01,Credit Card,Authentication Failed,1,1,1,62571.0,0
TXN-10852,CUST-2265,9164.23,Credit Card,Authentication Failed,11,0,2,74226.6,0
TXN-10853,CUST-2216,3967.31,UPI,Insufficient Funds,6,1,1,95877.21,0
TXN-10854,CUST-1335,8358.24,Debit Card,Temporary Bank/Network Error,2,1,1,106479.18,1
TXN-10855,CUST-1808,9895.73,UPI,Payment Gateway Timeout,6,1,2,158733.77,1
TXN-10856,CUST-1702,4224.21,UPI,Card Expired,10,1,2,36281.63,0
TXN-10857,CUST-1823,6977.97,UPI,Temporary Bank/Network Error,8,0,2,111783.58,1
TXN-10858,CUST-1311,4148.66,Wallet,Authentication Failed,3,0,0,30847.45,0
TXN-10859,CUST-2894,9542.42,UPI,Temporary Bank/Network Error,10,1,4,110561.59,1
TXN-10860,CUST-1136,8943.19,UPI,Card Expired,13,0,2,46599.2,0
TXN-10861,CUST-1056,6619.25,Credit Card,Temporary Bank/Network Error,7,0,0,33428.98,1
TXN-10862,CUST-2855,9165.64,Debit Card,Card Expired,6,0,1,46512.89,0
TXN-10863,CUST-2581,4661.22,UPI,Payment Gateway Timeout,7,0,0,126711.89,0
TXN-10864,CUST-2345,17441.65,UPI,Temporary Bank/Network Error,7,0,2,62880.06,0
TXN-10865,CUST-3280,6991.65,UPI,Authentication Failed,7,0,1,61556.74,0
TXN-10866,CUST-1426,14898.8,UPI,Insufficient Funds,11,1,5,61689.37,0
TXN-10867,CUST-1470,7993.15,UPI,Payment Gateway Timeout,6,1,1,179415.57,1
TXN-10868,CUST-1432,3633.38,UPI,Insufficient Funds,7,0,3,38542.01,0
TXN-10869,CUST-3134,11010.37,Net Banking,Temporary Bank/Network Error,6,1,2,139414.23,1
TXN-10870,CUST-2593,3586.19,Credit Card,Payment Gateway Timeout,8,0,1,139414.72,1
TXN-10871,CUST-1141,3380.63,Debit Card,Temporary Bank/Network Error,9,0,1,54009.15,1
TXN-10872,CUST-3217,7226.94,UPI,Temporary Bank/Network Error,8,1,1,64797.97,1
TXN-10873,CUST-1781,8200.71,Debit Card,Payment Gateway Timeout,6,1,3,83301.59,1
TXN-10874,CUST-2772,9216.18,Net Banking,Temporary Bank/Network Error,9,1,2,180924.82,1
TXN-10875,CUST-2837,11935.11,Credit Card,Temporary Bank/Network Error,8,1,4,90916.24,1
TXN-10876,CUST-1798,6505.15,Net Banking,Authentication Failed,6,0,4,68687.65,0
TXN-10877,CUST-2795,7069.83,Credit Card,Payment Gateway Timeout,5,0,1,84966.28,0
TXN-10878,CUST-1789,4829.12,Credit Card,Card Expired,7,1,1,81242.07,0
TXN-10879,CUST-1951,11524.53,UPI,Card Expired,8,1,2,51026.27,0
TXN-10880,CUST-2961,23868.61,UPI,Card Expired,10,1,2,37762.67,0
TXN-10881,CUST-1044,6884.2,UPI,Temporary Bank/Network Error,13,0,1,23265.44,1
TXN-10882,CUST-1659,8420.79,UPI,Temporary Bank/Network Error,9,1,3,74052.84,1
TXN-10883,CUST-1028,2906.27,Credit Card,Authentication Failed,7,0,3,69430.68,0
TXN-10884,CUST-1742,8223.71,Net Banking,Authentication Failed,7,0,0,77743.5,0
TXN-10885,CUST-1778,4715.13,Credit Card,Insufficient Funds,10,0,3,57314.91,0
TXN-10886,CUST-2395,10706.36,Credit Card,Temporary Bank/Network Error,9,1,3,65902.12,1
TXN-10887,CUST-3492,6381.23,UPI,Temporary Bank/Network Error,5,1,2,95232.03,1
TXN-10888,CUST-2555,17409.64,UPI,Temporary Bank/Network Error,8,1,1,66900.4,1
TXN-10889,CUST-3322,10086.63,UPI,Authentication Failed,9,0,1,33567.11,0
TXN-10890,CUST-3161,4669.02,UPI,Authentication Failed,14,0,0,98804.54,1
TXN-10891,CUST-3048,6239.8,Credit Card,Insufficient Funds,8,1,0,44016.52,1
TXN-10892,CUST-2975,5366.43,Credit Card,Insufficient Funds,8,1,3,89725.2,0
TXN-10893,CUST-3048,14804.48,Credit Card,Authentication Failed,14,0,1,121639.73,1
TXN-10894,CUST-3077,9757.99,UPI,Authentication Failed,7,0,1,141282.25,0
TXN-10895,CUST-2015,7051.05,UPI,Temporary Bank/Network Error,4,0,3,37670.73,0
TXN-10896,CUST-2023,4287.87,Wallet,Temporary Bank/Network Error,9,1,3,58996.65,1
TXN-10897,CUST-1322,9582.68,UPI,Payment Gateway Timeout,9,0,1,40825.66,1
TXN-10898,CUST-2552,4809.39,Credit Card,Insufficient Funds,8,1,0,34671.46,1
TXN-10899,CUST-2891,6219.96,UPI,Authentication Failed,10,0,2,116956.8,0
TXN-10900,CUST-3373,8459.92,Credit Card,Temporary Bank/Network Error,5,0,2,43231.5,0
TXN-10901,CUST-3270,4770.25,UPI,Temporary Bank/Network Error,9,1,1,36590.05,1
TXN-10902,CUST-1968,10035.87,Credit Card,Card Expired,6,0,3,48221.62,0
TXN-10903,CUST-3377,8396.09,UPI,Temporary Bank/Network Error,8,1,3,54081.69,1
TXN-10904,CUST-3253,7162.55,UPI,Insufficient Funds,6,0,2,95753.5,0
TXN-10905,CUST-1448,6229.04,Credit Card,Authentication Failed,11,1,3,81509.05,1
TXN-10906,CUST-1988,3508.81,UPI,Insufficient Funds,10,0,0,31801.15,0
TXN-10907,CUST-2484,6849.47,Credit Card,Payment Gateway Timeout,11,0,4,72982.66,0
TXN-10908,CUST-1198,3197.09,Credit Card,Card Expired,3,0,2,94697.76,0
TXN-10909,CUST-2900,7279.17,Debit Card,Payment Gateway Timeout,10,1,2,90326.12,1
TXN-10910,CUST-3002,11807.65,Credit Card,Temporary Bank/Network Error,10,1,3,38066.38,1
TXN-10911,CUST-2900,5111.34,UPI,Temporary Bank/Network Error,4,1,1,120844.08,1
TXN-10912,CUST-1276,6436.13,Net Banking,Card Expired,5,1,0,76779.75,0
TXN-10913,CUST-1909,4452.33,UPI,Card Expired,6,1,0,112071.93,0
TXN-10914,CUST-2499,11259.64,Net Banking,Payment Gateway Timeout,13,1,2,40597.72,1
TXN-10915,CUST-3199,8817.53,Net Banking,Payment Gateway Timeout,7,0,0,82587.6,0
TXN-10916,CUST-2066,18657.05,UPI,Authentication Failed,11,0,5,46896.9,0
TXN-10917,CUST-1244,7103.62,Credit Card,Temporary Bank/Network Error,10,0,1,98372.65,1
TXN-10918,CUST-2353,7441.9,Debit Card,Authentication Failed,11,1,3,39229.81,0
TXN-10919,CUST-2094,9413.64,Debit Card,Card Expired,2,0,1,90718.25,0
TXN-10920,CUST-1712,2894.06,Debit Card,Payment Gateway Timeout,4,0,1,30774.1,0
TXN-10921,CUST-2932,4362.4,Credit Card,Temporary Bank/Network Error,8,1,5,82150.98,1
TXN-10922,CUST-1986,2339.76,Net Banking,Temporary Bank/Network Error,11,0,1,110935.97,1
TXN-10923,CUST-1683,3919.87,Credit Card,Temporary Bank/Network Error,8,0,0,49434.97,1
TXN-10924,CUST-1934,2761.96,Credit Card,Temporary Bank/Network Error,8,1,0,77051.28,1
TXN-10925,CUST-1104,10487.2,Net Banking,Card Expired,12,0,0,72408.83,0
TXN-10926,CUST-1264,5264.98,UPI,Payment Gateway Timeout,7,1,1,59447.66,1
TXN-10927,CUST-1609,13716.44,UPI,Payment Gateway Timeout,11,0,5,67667.73,0
TXN-10928,CUST-1594,11163.54,UPI,Temporary Bank/Network Error,3,0,2,74241.48,0
TXN-10929,CUST-1505,11006.49,UPI,Insufficient Funds,16,0,1,62572.6,1
TXN-10930,CUST-1514,4425.34,UPI,Payment Gateway Timeout,5,0,0,60069.93,0
TXN-10931,CUST-2236,7894.44,Net Banking,Card Expired,10,0,3,64683.39,0
TXN-10932,CUST-2675,4234.28,Credit Card,Card Expired,7,0,0,78176.24,0
TXN-10933,CUST-1879,6218.53,Credit Card,Card Expired,7,0,1,287347.85,0
TXN-10934,CUST-2572,12235.81,Net Banking,Authentication Failed,10,1,1,33651.21,1
TXN-10935,CUST-1215,9927.68,Debit Card,Card Expired,8,0,1,69882.85,0
TXN-10936,CUST-2498,10534.08,UPI,Temporary Bank/Network Error,5,1,2,50438.95,1
TXN-10937,CUST-2982,8465.89,UPI,Payment Gateway Timeout,7,0,5,36386.88,0
TXN-10938,CUST-2744,5378.86,Wallet,Temporary Bank/Network Error,10,1,1,85710.77,1
TXN-10939,CUST-1886,3447.62,UPI,Card Expired,10,0,0,121165.21,0
TXN-10940,CUST-2842,8034.67,Credit Card,Card Expired,14,0,0,57628.96,1
TXN-10941,CUST-2887,7819.69,Net Banking,Payment Gateway Timeout,10,0,0,68048.81,1
TXN-10942,CUST-3406,3414.13,UPI,Temporary Bank/Network Error,8,0,0,54053.73,1
TXN-10943,CUST-3357,7557.02,Net Banking,Insufficient Funds,7,1,0,72243.45,0
TXN-10944,CUST-1010,6127.35,UPI,Temporary Bank/Network Error,16,1,2,108245.25,1
TXN-10945,CUST-3219,8519.11,Net Banking,Insufficient Funds,5,1,3,168957.23,0
TXN-10946,CUST-2522,13526.99,UPI,Insufficient Funds,8,1,0,44882.46,1
TXN-10947,CUST-1027,9008.65,Credit Card,Card Expired,7,0,2,42511.45,0
TXN-10948,CUST-2718,8980.33,Credit Card,Temporary Bank/Network Error,5,0,1,89841.0,0
TXN-10949,CUST-1999,6680.85,Credit Card,Insufficient Funds,7,0,4,98812.53,0
TXN-10950,CUST-2397,4340.07,Wallet,Temporary Bank/Network Error,4,1,0,31049.27,1
TXN-10951,CUST-3181,4175.49,Net Banking,Payment Gateway Timeout,8,1,2,94889.58,1
TXN-10952,CUST-2251,6131.08,UPI,Authentication Failed,7,1,2,60196.65,0
TXN-10953,CUST-1278,10307.63,Wallet,Insufficient Funds,6,0,3,46080.05,0
TXN-10954,CUST-3117,4216.32,Debit Card,Payment Gateway Timeout,8,0,0,67334.49,1
TXN-10955,CUST-2372,6780.1,Net Banking,Payment Gateway Timeout,7,1,1,97062.69,1
TXN-10956,CUST-2814,9964.21,Debit Card,Card Expired,6,1,3,96060.44,0
TXN-10957,CUST-1630,6478.25,UPI,Card Expired,7,1,3,119212.28,0
TXN-10958,CUST-2170,12808.07,Credit Card,Temporary Bank/Network Error,5,0,1,94743.73,0
TXN-10959,CUST-1525,9869.76,Net Banking,Payment Gateway Timeout,8,0,0,58845.78,1
TXN-10960,CUST-1439,11364.68,Credit Card,Insufficient Funds,9,0,3,133305.35,0
TXN-10961,CUST-1797,6963.28,Debit Card,Payment Gateway Timeout,8,0,0,139777.11,1
TXN-10962,CUST-3115,7413.62,UPI,Temporary Bank/Network Error,4,1,1,74586.04,1
TXN-10963,CUST-2029,9536.82,Wallet,Temporary Bank/Network Error,3,0,2,27846.85,0
TXN-10964,CUST-2108,3763.73,Net Banking,Insufficient Funds,5,0,3,56803.65,0
TXN-10965,CUST-1100,13882.72,UPI,Payment Gateway Timeout,11,0,0,120801.04,1
TXN-10966,CUST-2524,10590.15,Debit Card,Insufficient Funds,8,1,2,86457.8,0
TXN-10967,CUST-2860,2965.85,Credit Card,Temporary Bank/Network Error,4,0,1,95991.78,0
TXN-10968,CUST-3141,9604.18,Credit Card,Payment Gateway Timeout,8,1,1,209543.38,1
TXN-10969,CUST-1844,13419.45,Debit Card,Temporary Bank/Network Error,9,0,2,53138.89,1
TXN-10970,CUST-2479,4267.1,UPI,Temporary Bank/Network Error,10,0,1,240365.8,1
TXN-10971,CUST-2385,7098.04,Net Banking,Temporary Bank/Network Error,8,1,1,42024.2,1
TXN-10972,CUST-2018,8936.19,Wallet,Temporary Bank/Network Error,10,1,0,81234.53,1
TXN-10973,CUST-1615,5601.37,Credit Card,Temporary Bank/Network Error,9,1,1,45185.69,1
TXN-10974,CUST-3495,5327.86,Wallet,Insufficient Funds,8,1,0,82557.68,1
TXN-10975,CUST-2854,8476.73,Credit Card,Authentication Failed,9,0,0,77529.62,0
TXN-10976,CUST-2846,14431.53,Credit Card,Temporary Bank/Network Error,7,1,2,71358.42,1
TXN-10977,CUST-1981,10713.68,UPI,Temporary Bank/Network Error,6,1,1,280368.36,1
TXN-10978,CUST-2012,15472.71,Credit Card,Card Expired,3,0,1,129974.72,0
TXN-10979,CUST-1665,6075.19,UPI,Temporary Bank/Network Error,11,0,0,107925.3,1
TXN-10980,CUST-2767,4354.07,Net Banking,Temporary Bank/Network Error,10,1,1,36002.43,1
TXN-10981,CUST-2980,9440.17,Net Banking,Authentication Failed,4,1,1,63987.09,0
TXN-10982,CUST-1273,3493.95,Net Banking,Insufficient Funds,7,0,0,286952.98,0
TXN-10983,CUST-2628,4967.8,UPI,Temporary Bank/Network Error,8,1,0,225274.01,1
TXN-10984,CUST-2437,7304.15,Credit Card,Authentication Failed,5,0,2,76106.46,0
TXN-10985,CUST-2368,8359.13,UPI,Authentication Failed,4,0,3,64957.22,0
TXN-10986,CUST-3052,3956.05,UPI,Temporary Bank/Network Error,5,0,2,34941.71,0
TXN-10987,CUST-2780,4200.76,Credit Card,Temporary Bank/Network Error,6,1,1,91229.58,1
TXN-10988,CUST-1567,5646.82,Debit Card,Insufficient Funds,12,1,1,42199.19,1
TXN-10989,CUST-1035,8454.97,Wallet,Insufficient Funds,6,1,0,49517.55,0
TXN-10990,CUST-1456,8340.85,UPI,Temporary Bank/Network Error,4,0,2,47960.53,0
TXN-10991,CUST-2407,3498.08,UPI,Payment Gateway Timeout,7,1,1,68169.68,1
TXN-10992,CUST-3127,11634.04,UPI,Temporary Bank/Network Error,12,0,3,169461.98,1
TXN-10993,CUST-1042,10286.09,UPI,Payment Gateway Timeout,7,0,1,132586.65,1
TXN-10994,CUST-3114,3025.07,UPI,Insufficient Funds,10,0,2,120503.58,0
TXN-10995,CUST-3448,25572.37,UPI,Payment Gateway Timeout,8,0,1,87929.36,1
TXN-10996,CUST-3487,5538.45,Credit Card,Authentication Failed,6,1,2,111523.91,0
TXN-10997,CUST-2045,10968.31,Debit Card,Card Expired,6,1,2,235960.06,0
TXN-10998,CUST-2732,5008.05,UPI,Insufficient Funds,8,0,2,116772.41,0
TXN-10999,CUST-2381,7069.4,Wallet,Payment Gateway Timeout,6,1,1,45020.49,1
TXN-11000,CUST-1569,9058.38,Credit Card,Authentication Failed,8,0,2,168632.55,0
TXN-11001,CUST-2617,8912.38,UPI,Temporary Bank/Network Error,8,1,5,61220.63,1
TXN-11002,CUST-3350,11088.29,Debit Card,Temporary Bank/Network Error,11,1,0,105467.73,1
TXN-11003,CUST-2378,6952.75,UPI,Card Expired,5,1,3,74113.49,0
TXN-11004,CUST-2038,9926.04,Debit Card,Authentication Failed,10,0,0,74209.5,0
TXN-11005,CUST-1965,10800.69,UPI,Card Expired,15,0,0,46879.76,1
TXN-11006,CUST-1784,8472.59,Debit Card,Temporary Bank/Network Error,5,0,3,28602.64,0
TXN-11007,CUST-1197,9722.42,Debit Card,Payment Gateway Timeout,6,1,1,86499.44,1
TXN-11008,CUST-2232,11430.33,Net Banking,Temporary Bank/Network Error,10,1,1,70233.03,1
TXN-11009,CUST-3202,4357.32,UPI,Insufficient Funds,6,1,3,82000.37,0
TXN-11010,CUST-2856,6058.93,Wallet,Insufficient Funds,6,1,2,65105.05,0
TXN-11011,CUST-1841,9560.2,Debit Card,Card Expired,3,1,0,67848.97,0
TXN-11012,CUST-1606,6452.89,UPI,Payment Gateway Timeout,9,0,1,191590.19,1
TXN-11013,CUST-1069,3587.41,Credit Card,Payment Gateway Timeout,5,1,2,65675.72,1
TXN-11014,CUST-1342,5552.38,Debit Card,Temporary Bank/Network Error,13,0,2,180857.46,1
TXN-11015,CUST-1625,6883.75,Net Banking,Payment Gateway Timeout,5,0,3,105095.9,0
TXN-11016,CUST-2029,8714.85,Wallet,Insufficient Funds,5,1,1,58065.8,0
TXN-11017,CUST-1324,3986.91,UPI,Payment Gateway Timeout,12,0,2,74152.38,1
TXN-11018,CUST-3472,9808.05,UPI,Temporary Bank/Network Error,6,0,2,94730.04,0
TXN-11019,CUST-2639,9230.52,UPI,Card Expired,10,1,2,92452.91,1
TXN-11020,CUST-3361,9511.22,Credit Card,Payment Gateway Timeout,8,1,2,50675.54,1
TXN-11021,CUST-1805,8661.59,Credit Card,Temporary Bank/Network Error,7,1,3,50566.3,1
TXN-11022,CUST-2815,14301.94,Debit Card,Insufficient Funds,9,1,1,52449.1,0
TXN-11023,CUST-1946,3793.91,UPI,Temporary Bank/Network Error,10,1,0,42544.49,1
TXN-11024,CUST-1716,4312.03,Debit Card,Insufficient Funds,8,1,3,173002.83,0
TXN-11025,CUST-2342,6355.12,Wallet,Authentication Failed,5,0,3,127052.8,0
TXN-11026,CUST-1041,3673.78,Debit Card,Temporary Bank/Network Error,11,1,2,70457.93,1
TXN-11027,CUST-3003,6092.14,Debit Card,Card Expired,5,0,3,64733.15,0
TXN-11028,CUST-3332,18016.54,Debit Card,Payment Gateway Timeout,8,1,4,58250.64,1
TXN-11029,CUST-1842,12802.87,UPI,Payment Gateway Timeout,11,1,2,69658.53,1
TXN-11030,CUST-2484,2802.57,Debit Card,Payment Gateway Timeout,9,0,0,106314.44,1
TXN-11031,CUST-2281,10462.59,Credit Card,Temporary Bank/Network Error,8,1,1,91485.39,1
TXN-11032,CUST-2819,7909.25,Credit Card,Card Expired,7,0,2,233623.39,0
TXN-11033,CUST-3355,4807.18,Credit Card,Temporary Bank/Network Error,7,0,2,110425.04,0
TXN-11034,CUST-1492,6835.5,Credit Card,Payment Gateway Timeout,8,1,0,34374.17,1
TXN-11035,CUST-1365,10680.35,Net Banking,Authentication Failed,11,0,5,269193.28,0
TXN-11036,CUST-1446,4879.91,Credit Card,Authentication Failed,8,0,0,121231.14,0
TXN-11037,CUST-1759,9272.11,UPI,Temporary Bank/Network Error,8,1,1,64676.12,1
TXN-11038,CUST-3094,8462.84,UPI,Payment Gateway Timeout,7,0,3,86097.39,0
TXN-11039,CUST-1262,2633.27,Credit Card,Insufficient Funds,11,0,3,67893.91,0
TXN-11040,CUST-2333,3556.96,Credit Card,Authentication Failed,4,0,0,91623.68,0
TXN-11041,CUST-2869,3387.29,Credit Card,Authentication Failed,11,1,0,91390.51,1
TXN-11042,CUST-2210,9363.39,Credit Card,Temporary Bank/Network Error,7,1,2,132859.48,1
TXN-11043,CUST-2071,8960.05,Debit Card,Payment Gateway Timeout,10,0,2,138402.97,1
TXN-11044,CUST-3030,9113.28,Credit Card,Payment Gateway Timeout,8,0,1,90053.24,1
TXN-11045,CUST-2309,7075.68,Credit Card,Payment Gateway Timeout,13,0,2,146330.85,1
TXN-11046,CUST-2501,5310.12,UPI,Payment Gateway Timeout,6,0,2,32349.64,0
TXN-11047,CUST-2805,6877.43,Net Banking,Card Expired,15,1,1,132982.14,1
TXN-11048,CUST-2119,3949.55,Net Banking,Insufficient Funds,12,1,1,29724.85,1
TXN-11049,CUST-2244,4333.53,UPI,Payment Gateway Timeout,5,1,2,113535.97,1
TXN-11050,CUST-3185,7457.57,UPI,Payment Gateway Timeout,5,1,2,93265.15,1
TXN-11051,CUST-1179,6651.77,Debit Card,Authentication Failed,8,1,2,300000.0,1
TXN-11052,CUST-1978,5430.02,Credit Card,Authentication Failed,14,1,2,86339.35,1
TXN-11053,CUST-2038,13765.44,UPI,Temporary Bank/Network Error,10,1,0,74370.2,1
TXN-11054,CUST-1604,9016.87,UPI,Card Expired,7,0,0,86583.81,0
TXN-11055,CUST-3301,8269.19,Credit Card,Temporary Bank/Network Error,9,1,2,96791.82,1
TXN-11056,CUST-2228,8599.47,Credit Card,Authentication Failed,6,1,3,74301.6,0
TXN-11057,CUST-1206,10283.26,UPI,Insufficient Funds,6,0,2,107828.65,0
TXN-11058,CUST-1264,4043.53,UPI,Payment Gateway Timeout,6,1,3,82908.35,1
TXN-11059,CUST-3354,8873.67,Credit Card,Temporary Bank/Network Error,7,1,2,132800.61,1
TXN-11060,CUST-3364,6383.19,UPI,Payment Gateway Timeout,9,0,0,92142.59,1
TXN-11061,CUST-2328,8866.04,Wallet,Payment Gateway Timeout,6,0,1,66932.33,0
TXN-11062,CUST-1343,18065.89,UPI,Insufficient Funds,5,0,4,74982.93,0
TXN-11063,CUST-2925,5542.73,Wallet,Authentication Failed,6,1,2,69340.01,0
TXN-11064,CUST-2046,17672.94,Credit Card,Authentication Failed,9,1,2,102616.45,0
TXN-11065,CUST-2465,7435.89,Debit Card,Temporary Bank/Network Error,7,1,0,130590.59,1
TXN-11066,CUST-3432,5959.31,Wallet,Authentication Failed,13,0,1,89822.79,1
TXN-11067,CUST-1577,3873.86,Debit Card,Temporary Bank/Network Error,10,1,0,157342.29,1
TXN-11068,CUST-3052,3679.48,Net Banking,Temporary Bank/Network Error,5,1,2,116584.38,1
TXN-11069,CUST-2543,5931.69,Credit Card,Card Expired,10,1,0,39815.79,1
TXN-11070,CUST-2857,8126.76,Credit Card,Insufficient Funds,8,1,2,130664.84,0
TXN-11071,CUST-1182,5324.82,UPI,Temporary Bank/Network Error,12,1,1,109313.18,1
TXN-11072,CUST-1758,3649.59,Debit Card,Insufficient Funds,6,0,5,91419.86,0
TXN-11073,CUST-1884,11427.12,Credit Card,Authentication Failed,7,0,3,158918.86,0
TXN-11074,CUST-2140,11584.22,Net Banking,Temporary Bank/Network Error,5,0,0,178493.59,1
TXN-11075,CUST-3231,11248.5,Wallet,Temporary Bank/Network Error,8,0,2,113123.75,1
TXN-11076,CUST-2101,9053.55,UPI,Insufficient Funds,12,0,1,66002.17,0
TXN-11077,CUST-2692,5028.86,Credit Card,Card Expired,5,1,1,72913.23,0
TXN-11078,CUST-1099,8991.7,Credit Card,Temporary Bank/Network Error,9,1,1,69826.28,1
TXN-11079,CUST-2800,5182.14,Net Banking,Temporary Bank/Network Error,7,1,2,44669.99,1
TXN-11080,CUST-2782,7609.95,UPI,Insufficient Funds,11,1,2,91409.34,1
TXN-11081,CUST-3414,6867.78,UPI,Card Expired,8,1,3,94217.5,0
TXN-11082,CUST-3448,4878.61,UPI,Temporary Bank/Network Error,10,0,1,42213.0,1
TXN-11083,CUST-1391,4938.58,UPI,Temporary Bank/Network Error,8,0,1,34441.72,1
TXN-11084,CUST-2184,9714.47,Net Banking,Temporary Bank/Network Error,8,1,2,172846.39,1
TXN-11085,CUST-2628,2578.99,Net Banking,Temporary Bank/Network Error,7,0,1,31695.26,0
TXN-11086,CUST-2097,13697.19,UPI,Card Expired,7,0,1,100875.45,0
TXN-11087,CUST-1192,10640.66,Net Banking,Authentication Failed,11,1,0,101062.11,1
TXN-11088,CUST-1149,8577.89,UPI,Temporary Bank/Network Error,2,1,0,121607.45,1
TXN-11089,CUST-3408,4562.15,UPI,Payment Gateway Timeout,8,0,2,68764.72,0
TXN-11090,CUST-3111,3853.62,Credit Card,Insufficient Funds,5,1,1,29034.39,0
TXN-11091,CUST-2244,2019.8,UPI,Payment Gateway Timeout,7,1,0,47327.61,1
TXN-11092,CUST-1870,7619.14,Net Banking,Card Expired,3,1,1,224861.44,0
TXN-11093,CUST-1192,3659.2,Credit Card,Authentication Failed,7,0,0,61331.45,0
TXN-11094,CUST-1256,20646.26,Wallet,Temporary Bank/Network Error,10,1,1,206651.79,1
TXN-11095,CUST-3018,16051.15,UPI,Temporary Bank/Network Error,6,1,3,135303.26,1
TXN-11096,CUST-1023,14847.93,UPI,Temporary Bank/Network Error,5,1,1,72741.36,1
TXN-11097,CUST-1806,5569.9,Net Banking,Card Expired,10,0,0,91918.54,0
TXN-11098,CUST-1107,2950.82,Credit Card,Payment Gateway Timeout,4,1,3,74824.9,0
TXN-11099,CUST-2685,9830.84,UPI,Insufficient Funds,14,1,3,100223.06,1
TXN-11100,CUST-1128,6312.69,UPI,Payment Gateway Timeout,6,0,2,77544.16,0
TXN-11101,CUST-1798,5033.6,Credit Card,Insufficient Funds,6,1,2,86256.91,0
TXN-11102,CUST-2866,4915.5,Wallet,Insufficient Funds,10,1,3,39377.71,0
TXN-11103,CUST-1710,6049.03,Debit Card,Insufficient Funds,12,0,1,153368.36,0
TXN-11104,CUST-2200,6150.22,Wallet,Payment Gateway Timeout,8,0,0,71451.52,1
TXN-11105,CUST-1447,6280.79,UPI,Temporary Bank/Network Error,11,1,1,54833.25,1
TXN-11106,CUST-2860,7358.32,Credit Card,Temporary Bank/Network Error,7,1,0,67321.03,1
TXN-11107,CUST-1425,9670.04,Credit Card,Authentication Failed,6,0,5,37998.71,0
TXN-11108,CUST-2750,6702.54,Net Banking,Authentication Failed,7,1,1,44894.96,0
TXN-11109,CUST-2997,5215.93,Net Banking,Insufficient Funds,8,0,1,39410.68,0
TXN-11110,CUST-2034,8328.15,UPI,Payment Gateway Timeout,7,0,1,39329.65,0
TXN-11111,CUST-1857,7031.9,UPI,Card Expired,7,0,1,64340.2,0
TXN-11112,CUST-2772,10729.68,Net Banking,Insufficient Funds,6,0,1,42036.63,0
TXN-11113,CUST-2695,8647.94,UPI,Temporary Bank/Network Error,11,1,4,54594.62,1
TXN-11114,CUST-2945,9393.08,Credit Card,Authentication Failed,4,0,2,50441.06,0
TXN-11115,CUST-1684,7367.86,Net Banking,Temporary Bank/Network Error,9,1,3,76817.86,1
TXN-11116,CUST-1621,7190.56,Net Banking,Authentication Failed,6,1,2,85332.29,0
TXN-11117,CUST-1373,5822.13,UPI,Card Expired,5,1,1,101113.76,0
TXN-11118,CUST-3173,12548.04,UPI,Temporary Bank/Network Error,5,1,3,287410.1,1
TXN-11119,CUST-2551,5257.86,Credit Card,Insufficient Funds,10,1,1,63898.29,1
TXN-11120,CUST-1981,9422.28,UPI,Payment Gateway Timeout,10,0,3,92064.84,0
TXN-11121,CUST-1025,2483.9,UPI,Authentication Failed,7,1,2,69475.2,0
TXN-11122,CUST-3168,4779.71,Credit Card,Insufficient Funds,5,1,1,45583.05,0
TXN-11123,CUST-3015,12727.52,Net Banking,Payment Gateway Timeout,9,1,1,71706.25,1
TXN-11124,CUST-2240,3820.15,UPI,Insufficient Funds,4,1,4,82972.15,0
TXN-11125,CUST-2236,8261.9,Credit Card,Insufficient Funds,6,0,0,104602.91,0
TXN-11126,CUST-2139,1983.51,Debit Card,Authentication Failed,6,1,2,116056.55,0
TXN-11127,CUST-2291,9654.31,Debit Card,Authentication Failed,4,1,2,164345.22,0
TXN-11128,CUST-1832,10793.87,Debit Card,Card Expired,3,0,5,41896.18,0
TXN-11129,CUST-3142,2921.61,UPI,Insufficient Funds,6,1,1,123934.2,0
TXN-11130,CUST-2316,7610.52,Net Banking,Insufficient Funds,3,0,1,43153.79,0
TXN-11131,CUST-2145,6623.68,Debit Card,Temporary Bank/Network Error,9,1,3,53162.09,1
TXN-11132,CUST-1308,13351.29,Debit Card,Temporary Bank/Network Error,4,0,2,128281.79,0
TXN-11133,CUST-2620,4366.64,Debit Card,Payment Gateway Timeout,12,0,2,114960.54,1
TXN-11134,CUST-1588,4971.49,UPI,Insufficient Funds,7,0,1,62631.07,0
TXN-11135,CUST-2090,4198.59,UPI,Insufficient Funds,11,0,1,142626.48,0
TXN-11136,CUST-2063,19658.33,Credit Card,Card Expired,6,1,1,79856.88,0
TXN-11137,CUST-2698,5044.32,Credit Card,Temporary Bank/Network Error,11,0,0,103348.15,1
TXN-11138,CUST-2874,7479.99,Debit Card,Insufficient Funds,9,1,0,104467.51,1
TXN-11139,CUST-2224,5967.8,UPI,Temporary Bank/Network Error,7,1,1,81089.09,1
TXN-11140,CUST-2954,6884.96,UPI,Payment Gateway Timeout,13,0,0,110394.79,1
TXN-11141,CUST-2547,7655.41,Wallet,Insufficient Funds,15,0,1,79549.39,1
TXN-11142,CUST-1916,4756.08,Net Banking,Temporary Bank/Network Error,10,1,2,120668.75,1
TXN-11143,CUST-1548,4634.63,Net Banking,Temporary Bank/Network Error,14,0,2,32337.6,1
TXN-11144,CUST-2696,6108.3,UPI,Temporary Bank/Network Error,7,1,2,52923.75,1
TXN-11145,CUST-1809,14178.45,Credit Card,Authentication Failed,3,1,0,185141.29,0
TXN-11146,CUST-3035,11050.67,UPI,Temporary Bank/Network Error,6,0,0,112469.38,1
TXN-11147,CUST-1069,3719.24,UPI,Payment Gateway Timeout,5,1,2,42594.74,1
TXN-11148,CUST-2513,5282.73,Debit Card,Insufficient Funds,5,0,0,138578.85,0
TXN-11149,CUST-3146,14806.97,UPI,Insufficient Funds,12,0,1,63144.25,0
TXN-11150,CUST-3248,23120.89,UPI,Insufficient Funds,9,0,4,111558.97,0
TXN-11151,CUST-3167,5075.98,Debit Card,Payment Gateway Timeout,10,1,1,32830.05,1
TXN-11152,CUST-1094,3950.8,UPI,Insufficient Funds,3,0,1,118574.47,0
TXN-11153,CUST-1451,7568.94,UPI,Insufficient Funds,10,1,4,43772.53,0
TXN-11154,CUST-2180,7145.79,Wallet,Temporary Bank/Network Error,9,1,2,145660.1,1
TXN-11155,CUST-1817,9015.89,Credit Card,Authentication Failed,6,0,0,37912.65,0
TXN-11156,CUST-1819,7632.58,Net Banking,Temporary Bank/Network Error,7,1,3,141479.99,1
TXN-11157,CUST-2775,10064.16,Debit Card,Card Expired,15,1,1,95090.21,1
TXN-11158,CUST-1992,8517.09,Credit Card,Insufficient Funds,15,1,2,54699.63,1
TXN-11159,CUST-2710,6852.25,Credit Card,Temporary Bank/Network Error,8,1,0,95909.02,1
TXN-11160,CUST-1366,7454.58,Credit Card,Insufficient Funds,14,1,2,85695.48,1
TXN-11161,CUST-1548,7924.87,Wallet,Card Expired,9,1,2,38178.63,0
TXN-11162,CUST-1278,8718.73,Net Banking,Temporary Bank/Network Error,6,0,1,57490.43,0
TXN-11163,CUST-3168,7913.49,Net Banking,Insufficient Funds,10,1,0,29937.76,1
TXN-11164,CUST-1868,6371.67,UPI,Temporary Bank/Network Error,10,1,0,103155.78,1
TXN-11165,CUST-1263,13238.75,Net Banking,Temporary Bank/Network Error,10,1,2,82524.01,1
TXN-11166,CUST-3407,4862.51,Wallet,Card Expired,14,0,1,24584.59,0
TXN-11167,CUST-1646,8860.81,Credit Card,Insufficient Funds,10,1,2,68698.12,1
TXN-11168,CUST-2317,5857.87,Debit Card,Authentication Failed,6,0,2,61162.81,0
TXN-11169,CUST-2243,10031.28,UPI,Authentication Failed,10,0,1,98787.84,0
TXN-11170,CUST-2557,7487.86,Wallet,Payment Gateway Timeout,6,1,0,118164.7,1
TXN-11171,CUST-2620,4978.54,Debit Card,Insufficient Funds,8,0,0,140792.29,0
TXN-11172,CUST-2078,4841.04,Credit Card,Payment Gateway Timeout,9,0,0,49517.8,1
TXN-11173,CUST-3455,8759.43,Wallet,Payment Gateway Timeout,8,1,0,76185.99,1
TXN-11174,CUST-1628,7705.2,UPI,Card Expired,9,0,2,49474.32,0
TXN-11175,CUST-3359,5578.96,Debit Card,Payment Gateway Timeout,12,0,0,85051.96,1
TXN-11176,CUST-1313,4315.81,UPI,Card Expired,9,0,1,69900.15,0
TXN-11177,CUST-2029,2948.55,Credit Card,Temporary Bank/Network Error,8,0,1,143072.17,1
TXN-11178,CUST-2921,6679.97,Debit Card,Temporary Bank/Network Error,7,0,1,194686.47,1
TXN-11179,CUST-1266,8728.19,Wallet,Card Expired,8,1,0,58497.03,1
TXN-11180,CUST-1313,4909.8,Net Banking,Card Expired,10,0,0,147985.22,0
TXN-11181,CUST-3256,6472.15,Net Banking,Authentication Failed,9,0,1,83593.12,0
TXN-11182,CUST-3165,9343.33,Debit Card,Card Expired,2,0,1,43407.3,0
TXN-11183,CUST-2993,6227.43,Wallet,Insufficient Funds,14,0,2,97638.02,0
TXN-11184,CUST-3367,21933.01,Wallet,Temporary Bank/Network Error,9,1,1,22890.41,1
TXN-11185,CUST-2961,3509.89,UPI,Temporary Bank/Network Error,13,1,3,185179.8,1
TXN-11186,CUST-1137,8742.95,Debit Card,Insufficient Funds,10,1,0,98165.05,1
TXN-11187,CUST-3341,16245.39,Wallet,Authentication Failed,8,1,0,74300.8,1
TXN-11188,CUST-3046,6096.91,UPI,Temporary Bank/Network Error,8,0,2,43582.62,1
TXN-11189,CUST-2112,8708.03,Credit Card,Authentication Failed,6,0,3,154280.32,0
TXN-11190,CUST-2233,5905.96,Net Banking,Payment Gateway Timeout,12,0,5,178068.08,0
TXN-11191,CUST-1858,15511.62,UPI,Card Expired,9,1,2,184343.97,1
TXN-11192,CUST-2226,7136.6,UPI,Authentication Failed,11,0,2,63046.48,0
TXN-11193,CUST-2070,26177.43,Debit Card,Temporary Bank/Network Error,7,0,1,138104.12,1
TXN-11194,CUST-1804,8008.17,Credit Card,Payment Gateway Timeout,9,0,0,173611.69,1
TXN-11195,CUST-2838,5076.38,Debit Card,Temporary Bank/Network Error,9,0,1,85441.24,1
TXN-11196,CUST-2706,5276.25,Debit Card,Temporary Bank/Network Error,14,0,0,46760.14,1
TXN-11197,CUST-1091,6616.82,Net Banking,Temporary Bank/Network Error,5,0,1,35058.77,0
TXN-11198,CUST-3473,2931.51,Wallet,Insufficient Funds,7,0,1,113660.17,0
TXN-11199,CUST-3431,5149.36,Credit Card,Temporary Bank/Network Error,11,1,0,49905.68,1
TXN-11200,CUST-1781,8554.55,Net Banking,Insufficient Funds,3,1,1,56245.51,0
TXN-11201,CUST-3090,5990.46,UPI,Insufficient Funds,13,1,0,25881.83,1
TXN-11202,CUST-2621,3877.74,UPI,Temporary Bank/Network Error,5,0,1,70666.78,0
TXN-11203,CUST-1282,6271.82,Credit Card,Payment Gateway Timeout,6,0,5,207943.2,0
TXN-11204,CUST-2793,8335.41,UPI,Temporary Bank/Network Error,10,0,3,51302.79,1
TXN-11205,CUST-3491,7213.71,Debit Card,Temporary Bank/Network Error,10,1,1,70203.63,1
TXN-11206,CUST-2938,3795.46,Debit Card,Temporary Bank/Network Error,8,0,2,39777.45,0
TXN-11207,CUST-2167,8451.54,UPI,Insufficient Funds,8,0,1,42870.45,0
TXN-11208,CUST-2804,2883.43,Credit Card,Insufficient Funds,9,0,1,96975.59,0
TXN-11209,CUST-2008,18529.64,UPI,Insufficient Funds,4,0,3,25591.58,0
TXN-11210,CUST-1924,3916.03,Debit Card,Temporary Bank/Network Error,6,1,0,93175.37,1
TXN-11211,CUST-1997,7838.27,Net Banking,Payment Gateway Timeout,9,0,3,33362.1,0
TXN-11212,CUST-1349,3659.75,Credit Card,Card Expired,9,0,2,27022.17,0
TXN-11213,CUST-3224,7256.48,Net Banking,Authentication Failed,4,1,0,119394.2,0
TXN-11214,CUST-3038,11250.35,UPI,Card Expired,12,0,1,57753.6,0
TXN-11215,CUST-1542,9100.91,Debit Card,Temporary Bank/Network Error,10,1,1,122591.57,1
TXN-11216,CUST-3372,12037.38,UPI,Insufficient Funds,5,0,3,134260.7,0
TXN-11217,CUST-2311,8575.91,Credit Card,Temporary Bank/Network Error,9,0,0,62046.75,1
TXN-11218,CUST-1544,6305.87,UPI,Insufficient Funds,7,1,4,111799.69,0
TXN-11219,CUST-3104,8095.75,UPI,Payment Gateway Timeout,9,1,5,70521.17,1
TXN-11220,CUST-1367,6997.72,Debit Card,Insufficient Funds,10,0,1,134415.84,0
TXN-11221,CUST-1021,29029.91,Debit Card,Temporary Bank/Network Error,6,0,0,97825.9,1
TXN-11222,CUST-3235,8076.9,Debit Card,Insufficient Funds,7,1,5,73197.53,0
TXN-11223,CUST-1426,13118.69,UPI,Card Expired,15,1,3,48682.82,1
TXN-11224,CUST-3070,4202.61,Debit Card,Temporary Bank/Network Error,7,1,3,92221.27,1
TXN-11225,CUST-2047,7706.25,Credit Card,Insufficient Funds,8,0,1,82356.45,0
TXN-11226,CUST-2735,10046.65,Net Banking,Authentication Failed,11,0,1,127791.52,0
TXN-11227,CUST-1815,8438.25,Credit Card,Insufficient Funds,10,0,1,147841.06,0
TXN-11228,CUST-2673,2757.82,Debit Card,Temporary Bank/Network Error,9,0,0,244572.3,1
TXN-11229,CUST-2389,6909.62,Debit Card,Card Expired,7,1,1,175924.36,0
TXN-11230,CUST-3340,8443.07,UPI,Card Expired,10,1,1,74870.9,1
TXN-11231,CUST-3331,12587.65,Net Banking,Authentication Failed,12,1,2,63592.34,1
TXN-11232,CUST-3397,12619.63,Debit Card,Authentication Failed,6,0,2,38381.49,0
TXN-11233,CUST-1890,5428.09,Net Banking,Card Expired,5,1,0,51676.5,0
TXN-11234,CUST-2352,4588.74,UPI,Insufficient Funds,7,1,3,157569.34,0
TXN-11235,CUST-1799,11953.87,UPI,Temporary Bank/Network Error,10,1,2,64211.75,1
TXN-11236,CUST-1967,2515.26,Net Banking,Insufficient Funds,4,1,2,37188.9,0
TXN-11237,CUST-1903,10127.65,Credit Card,Temporary Bank/Network Error,7,0,2,72220.53,0
TXN-11238,CUST-1015,3173.97,Debit Card,Temporary Bank/Network Error,4,0,3,112480.08,0
TXN-11239,CUST-1815,5465.04,Debit Card,Card Expired,6,1,2,78789.01,0
TXN-11240,CUST-2210,5904.74,Wallet,Insufficient Funds,8,0,0,29573.3,0
TXN-11241,CUST-2438,10606.73,UPI,Insufficient Funds,12,1,2,115766.85,1
TXN-11242,CUST-3392,5581.59,Net Banking,Card Expired,3,0,2,63819.71,0
TXN-11243,CUST-2749,9186.51,UPI,Card Expired,10,0,3,78705.24,0
TXN-11244,CUST-2023,8182.17,UPI,Authentication Failed,6,0,1,54906.45,0
TXN-11245,CUST-2472,8176.51,Debit Card,Insufficient Funds,6,1,3,50261.83,0
TXN-11246,CUST-2157,12994.34,UPI,Insufficient Funds,8,0,1,94018.25,0
TXN-11247,CUST-2623,9056.48,UPI,Authentication Failed,10,1,6,79001.54,0
TXN-11248,CUST-1720,5004.86,UPI,Insufficient Funds,7,0,2,107289.22,0
TXN-11249,CUST-2576,6176.16,Credit Card,Insufficient Funds,14,1,0,47005.39,1
TXN-11250,CUST-2621,4785.57,Debit Card,Insufficient Funds,16,0,1,60548.83,1
TXN-11251,CUST-1497,3978.0,UPI,Temporary Bank/Network Error,8,0,4,17274.99,0
TXN-11252,CUST-1042,9604.89,Debit Card,Temporary Bank/Network Error,10,0,4,54181.1,0
TXN-11253,CUST-1705,8499.8,Net Banking,Payment Gateway Timeout,11,1,0,62030.64,1
TXN-11254,CUST-3253,12275.97,Wallet,Temporary Bank/Network Error,8,0,2,78964.77,0
TXN-11255,CUST-2996,21197.8,Credit Card,Insufficient Funds,5,1,1,98090.42,0
TXN-11256,CUST-3443,4613.24,Debit Card,Temporary Bank/Network Error,6,1,0,31560.96,1
TXN-11257,CUST-1395,10507.36,Debit Card,Payment Gateway Timeout,10,1,2,236421.28,1
TXN-11258,CUST-2037,4280.74,UPI,Authentication Failed,5,1,1,87572.17,0
TXN-11259,CUST-1545,9635.78,Wallet,Insufficient Funds,13,1,0,45594.64,1
TXN-11260,CUST-2599,12668.0,Debit Card,Temporary Bank/Network Error,5,1,1,72793.6,1
TXN-11261,CUST-1732,4572.65,UPI,Card Expired,6,1,1,247918.79,1
TXN-11262,CUST-2086,14034.13,Wallet,Insufficient Funds,5,1,2,55513.19,0
TXN-11263,CUST-3126,5726.44,Credit Card,Temporary Bank/Network Error,8,0,2,39279.02,1
TXN-11264,CUST-3363,9335.25,Debit Card,Insufficient Funds,8,1,0,34050.63,0
TXN-11265,CUST-1689,13448.4,UPI,Insufficient Funds,4,1,2,129923.82,0
TXN-11266,CUST-2016,4268.0,Credit Card,Payment Gateway Timeout,11,0,3,96787.27,1
TXN-11267,CUST-2350,5486.15,Debit Card,Card Expired,8,1,2,79214.91,0
TXN-11268,CUST-3474,10013.51,Credit Card,Insufficient Funds,5,0,1,37933.73,0
TXN-11269,CUST-1676,2806.37,UPI,Payment Gateway Timeout,12,0,1,85959.58,1
TXN-11270,CUST-1549,3149.56,UPI,Temporary Bank/Network Error,9,1,3,121501.22,1
TXN-11271,CUST-2569,6096.54,UPI,Insufficient Funds,5,1,2,209973.42,0
TXN-11272,CUST-2819,7959.27,Credit Card,Payment Gateway Timeout,9,1,1,50464.44,1
TXN-11273,CUST-3383,8983.64,UPI,Payment Gateway Timeout,6,0,2,219638.02,0
TXN-11274,CUST-3134,8065.72,Credit Card,Temporary Bank/Network Error,4,1,0,45460.29,1
TXN-11275,CUST-2300,8607.26,Debit Card,Insufficient Funds,15,0,2,145961.9,1
TXN-11276,CUST-2286,6487.22,Credit Card,Temporary Bank/Network Error,10,0,1,48629.56,1
TXN-11277,CUST-1297,7867.29,Debit Card,Temporary Bank/Network Error,13,0,3,53783.79,1
TXN-11278,CUST-2817,4345.75,Credit Card,Authentication Failed,8,1,1,203401.48,1
TXN-11279,CUST-1197,6295.71,Wallet,Insufficient Funds,7,1,0,69849.08,1
TXN-11280,CUST-1150,11305.04,Credit Card,Insufficient Funds,9,1,0,97716.51,1
TXN-11281,CUST-2214,6494.85,Credit Card,Temporary Bank/Network Error,8,1,4,122211.31,1
TXN-11282,CUST-1398,6175.1,Debit Card,Authentication Failed,8,1,0,63706.82,1
TXN-11283,CUST-2335,10535.54,UPI,Insufficient Funds,8,1,2,186166.2,1
TXN-11284,CUST-3003,6282.81,Credit Card,Temporary Bank/Network Error,7,1,2,22335.07,1
TXN-11285,CUST-1941,4877.03,Wallet,Insufficient Funds,7,1,2,48005.33,0
TXN-11286,CUST-2976,4967.0,UPI,Payment Gateway Timeout,8,0,2,59266.66,0
TXN-11287,CUST-2833,11319.19,Credit Card,Temporary Bank/Network Error,4,0,3,76413.99,0
TXN-11288,CUST-2542,5140.49,Wallet,Temporary Bank/Network Error,8,0,3,35172.61,0
TXN-11289,CUST-1689,5927.27,UPI,Temporary Bank/Network Error,6,0,1,53299.89,0
TXN-11290,CUST-2375,17560.05,Debit Card,Card Expired,6,0,1,120024.25,0
TXN-11291,CUST-2212,4196.32,UPI,Insufficient Funds,7,0,1,60880.45,0
TXN-11292,CUST-1510,3807.41,Debit Card,Card Expired,11,1,0,133831.94,1
TXN-11293,CUST-2130,7597.56,Debit Card,Authentication Failed,10,1,2,67249.42,0
TXN-11294,CUST-1829,11783.36,Credit Card,Insufficient Funds,10,1,0,176672.74,1
TXN-11295,CUST-2548,5884.9,Debit Card,Insufficient Funds,7,0,2,184488.91,0
TXN-11296,CUST-2235,6067.77,Credit Card,Card Expired,10,0,3,46142.87,0
TXN-11297,CUST-2155,5684.61,UPI,Card Expired,4,1,4,138752.91,0
TXN-11298,CUST-1946,13485.34,UPI,Card Expired,14,1,0,59920.0,1
TXN-11299,CUST-2834,8103.47,UPI,Payment Gateway Timeout,8,1,1,55664.69,1
TXN-11300,CUST-1791,3821.12,Net Banking,Temporary Bank/Network Error,7,0,0,56032.47,1
TXN-11301,CUST-2866,5346.62,Credit Card,Payment Gateway Timeout,8,1,3,68851.13,1
TXN-11302,CUST-1771,4440.14,Net Banking,Temporary Bank/Network Error,8,0,0,57531.77,1
TXN-11303,CUST-3081,5013.74,Credit Card,Payment Gateway Timeout,11,1,3,203929.75,1
TXN-11304,CUST-2113,7468.12,UPI,Authentication Failed,8,1,3,97791.65,0
TXN-11305,CUST-2850,3782.15,Credit Card,Insufficient Funds,5,1,0,39881.76,0
TXN-11306,CUST-2319,9661.54,Debit Card,Authentication Failed,16,0,1,73896.78,1
TXN-11307,CUST-1384,6175.38,Net Banking,Payment Gateway Timeout,12,0,3,83106.74,1
TXN-11308,CUST-2526,7795.62,Net Banking,Insufficient Funds,6,0,1,70600.11,0
TXN-11309,CUST-2209,2902.34,Credit Card,Insufficient Funds,5,0,2,52289.75,0
TXN-11310,CUST-1495,7557.01,Credit Card,Temporary Bank/Network Error,6,0,0,85359.92,1
TXN-11311,CUST-2045,10394.74,UPI,Card Expired,6,0,1,215541.18,0
TXN-11312,CUST-3264,8757.56,Wallet,Temporary Bank/Network Error,5,1,2,79328.44,1
TXN-11313,CUST-2502,5056.0,Debit Card,Authentication Failed,7,1,1,86145.27,0
TXN-11314,CUST-1927,4557.87,Credit Card,Payment Gateway Timeout,4,1,2,185149.03,1
TXN-11315,CUST-2093,9939.17,Wallet,Insufficient Funds,15,1,1,94225.62,1
TXN-11316,CUST-2378,19579.31,UPI,Temporary Bank/Network Error,7,0,4,106460.25,0
TXN-11317,CUST-2185,3662.58,Credit Card,Temporary Bank/Network Error,3,0,0,64266.13,0
TXN-11318,CUST-1610,12320.15,UPI,Insufficient Funds,5,0,2,82944.47,0
TXN-11319,CUST-2559,4521.15,Credit Card,Temporary Bank/Network Error,11,1,1,198099.82,1
TXN-11320,CUST-2645,6017.96,Net Banking,Payment Gateway Timeout,7,1,1,29018.28,1
TXN-11321,CUST-3145,7850.89,Net Banking,Temporary Bank/Network Error,10,0,0,96164.97,1
TXN-11322,CUST-1474,6348.81,Net Banking,Insufficient Funds,11,0,5,146761.65,0
TXN-11323,CUST-1215,5623.49,Credit Card,Temporary Bank/Network Error,8,0,1,43940.33,1
TXN-11324,CUST-1194,3821.8,Net Banking,Card Expired,9,1,2,43916.3,0
TXN-11325,CUST-1891,5824.73,Credit Card,Authentication Failed,5,0,2,118840.91,0
TXN-11326,CUST-1360,13282.59,UPI,Temporary Bank/Network Error,5,1,3,65033.21,1
TXN-11327,CUST-1614,9689.92,Credit Card,Authentication Failed,6,1,3,55046.06,0
TXN-11328,CUST-2360,8447.81,UPI,Payment Gateway Timeout,7,1,2,40097.12,1
TXN-11329,CUST-1558,9913.84,Credit Card,Authentication Failed,9,1,1,61655.84,1
TXN-11330,CUST-2964,6753.61,UPI,Temporary Bank/Network Error,8,1,3,54849.03,1
TXN-11331,CUST-2972,4085.8,Debit Card,Insufficient Funds,6,0,1,70647.81,0
TXN-11332,CUST-1980,13603.2,UPI,Card Expired,4,0,1,125084.86,0
TXN-11333,CUST-3061,10852.15,Credit Card,Card Expired,13,0,2,87005.03,0
TXN-11334,CUST-2521,9737.94,Credit Card,Authentication Failed,9,1,2,60932.94,0
TXN-11335,CUST-1682,12234.57,UPI,Payment Gateway Timeout,8,1,3,100622.44,1
TXN-11336,CUST-1093,9005.64,Credit Card,Payment Gateway Timeout,6,1,0,97481.38,1
TXN-11337,CUST-2041,19647.68,Credit Card,Payment Gateway Timeout,11,1,1,40617.87,1
TXN-11338,CUST-3171,4869.27,Net Banking,Payment Gateway Timeout,6,1,0,96691.67,1
TXN-11339,CUST-3310,4640.51,UPI,Payment Gateway Timeout,12,1,4,61699.39,1
TXN-11340,CUST-1990,12189.97,Credit Card,Payment Gateway Timeout,6,0,0,42653.34,0
TXN-11341,CUST-3043,6016.29,UPI,Temporary Bank/Network Error,7,0,0,39982.23,1
TXN-11342,CUST-1425,12475.83,UPI,Card Expired,7,1,2,69905.42,0
TXN-11343,CUST-1959,3917.09,Credit Card,Authentication Failed,9,1,1,31740.15,1
TXN-11344,CUST-2359,14734.08,UPI,Temporary Bank/Network Error,7,0,0,100718.42,1
TXN-11345,CUST-2794,10284.89,Credit Card,Temporary Bank/Network Error,7,0,2,45505.95,0
TXN-11346,CUST-2732,2503.33,Credit Card,Payment Gateway Timeout,12,0,0,127233.1,1
TXN-11347,CUST-1180,9903.9,Credit Card,Temporary Bank/Network Error,6,0,0,98004.19,1
TXN-11348,CUST-3111,6357.68,Credit Card,Temporary Bank/Network Error,6,0,2,46579.14,0
TXN-11349,CUST-3463,7718.19,Debit Card,Temporary Bank/Network Error,7,0,2,107581.85,0
TXN-11350,CUST-3456,9502.54,UPI,Temporary Bank/Network Error,11,0,2,113213.14,1
TXN-11351,CUST-1523,10395.95,Debit Card,Payment Gateway Timeout,8,1,2,78710.59,1
TXN-11352,CUST-2557,18194.27,Credit Card,Authentication Failed,6,0,0,62974.23,0
TXN-11353,CUST-2978,2853.92,Credit Card,Payment Gateway Timeout,5,1,3,99725.08,1
TXN-11354,CUST-3258,11686.97,UPI,Payment Gateway Timeout,10,1,2,162596.41,1
TXN-11355,CUST-2290,14024.75,UPI,Insufficient Funds,6,1,1,107663.26,0
TXN-11356,CUST-1555,6400.72,UPI,Temporary Bank/Network Error,12,1,1,47013.63,1
TXN-11357,CUST-2864,12166.05,UPI,Insufficient Funds,7,0,3,83191.59,0
TXN-11358,CUST-2344,4092.88,UPI,Temporary Bank/Network Error,10,0,0,87648.18,1
TXN-11359,CUST-2170,3552.89,UPI,Payment Gateway Timeout,5,1,1,45246.13,1
TXN-11360,CUST-1876,4978.74,Net Banking,Payment Gateway Timeout,13,1,2,98569.41,1
TXN-11361,CUST-3125,8981.63,Debit Card,Temporary Bank/Network Error,9,1,0,152101.61,1
TXN-11362,CUST-2419,7261.98,Debit Card,Authentication Failed,8,0,2,74139.7,0
TXN-11363,CUST-2548,14256.32,Credit Card,Insufficient Funds,5,1,0,163294.9,0
TXN-11364,CUST-2778,9011.55,Credit Card,Payment Gateway Timeout,13,1,0,103663.41,1
TXN-11365,CUST-2406,3177.17,Net Banking,Temporary Bank/Network Error,8,1,4,32302.37,1
TXN-11366,CUST-1421,6771.72,Debit Card,Temporary Bank/Network Error,6,0,0,26630.69,0
TXN-11367,CUST-1837,4104.89,Debit Card,Payment Gateway Timeout,12,0,1,116459.91,1
TXN-11368,CUST-2862,17250.21,Debit Card,Temporary Bank/Network Error,9,1,3,75015.02,1
TXN-11369,CUST-1662,8844.13,Net Banking,Authentication Failed,7,1,0,150400.58,1
TXN-11370,CUST-2737,9763.42,Debit Card,Temporary Bank/Network Error,2,0,2,114752.22,0
TXN-11371,CUST-1149,5418.84,Wallet,Temporary Bank/Network Error,11,0,2,64620.56,1
TXN-11372,CUST-3219,4941.15,UPI,Authentication Failed,10,1,2,91509.08,1
TXN-11373,CUST-1150,9916.9,Credit Card,Card Expired,4,1,3,127367.04,0
TXN-11374,CUST-2088,22767.59,Credit Card,Card Expired,8,0,1,29803.58,0
TXN-11375,CUST-3210,18573.12,UPI,Payment Gateway Timeout,8,1,1,26157.81,1
TXN-11376,CUST-2736,26007.04,Net Banking,Authentication Failed,3,1,1,107530.75,0
TXN-11377,CUST-1800,9452.74,UPI,Card Expired,8,0,2,149665.06,0
TXN-11378,CUST-3152,5634.4,Wallet,Temporary Bank/Network Error,11,1,2,69175.96,1
TXN-11379,CUST-3095,8764.44,Net Banking,Temporary Bank/Network Error,13,0,0,69571.99,1
TXN-11380,CUST-2243,5462.17,UPI,Card Expired,8,0,1,59387.17,0
TXN-11381,CUST-3451,3750.53,UPI,Temporary Bank/Network Error,6,0,1,54424.08,1
TXN-11382,CUST-1515,6174.93,Wallet,Temporary Bank/Network Error,13,1,1,300000.0,1
TXN-11383,CUST-1453,11649.73,Credit Card,Insufficient Funds,10,1,1,36512.84,1
TXN-11384,CUST-3232,3880.77,Net Banking,Payment Gateway Timeout,11,1,4,288397.57,1
TXN-11385,CUST-1210,4448.53,Credit Card,Temporary Bank/Network Error,7,1,1,35585.23,1
TXN-11386,CUST-1656,8818.05,Debit Card,Payment Gateway Timeout,5,0,3,59518.29,0
TXN-11387,CUST-2581,3920.35,Credit Card,Insufficient Funds,4,1,1,67054.84,0
TXN-11388,CUST-1564,4357.55,Debit Card,Card Expired,8,1,1,24924.55,0
TXN-11389,CUST-2414,10377.27,Debit Card,Temporary Bank/Network Error,6,1,2,40621.66,1
TXN-11390,CUST-1526,9365.19,Credit Card,Temporary Bank/Network Error,11,0,2,32486.32,1
TXN-11391,CUST-3237,16345.04,Debit Card,Card Expired,6,1,1,56648.77,0
TXN-11392,CUST-2878,13662.26,UPI,Insufficient Funds,5,0,1,152867.36,0
TXN-11393,CUST-1117,6451.69,Credit Card,Insufficient Funds,6,1,2,92133.02,0
TXN-11394,CUST-2202,15046.97,Debit Card,Temporary Bank/Network Error,9,1,1,236503.39,1
TXN-11395,CUST-2394,6850.69,Net Banking,Insufficient Funds,8,0,1,119708.4,0
TXN-11396,CUST-2239,7809.36,Net Banking,Insufficient Funds,12,1,1,285243.18,1
TXN-11397,CUST-2966,2637.23,Credit Card,Insufficient Funds,8,0,2,27203.21,0
TXN-11398,CUST-3478,11516.21,UPI,Temporary Bank/Network Error,5,1,3,51356.41,1
TXN-11399,CUST-2427,9620.89,UPI,Payment Gateway Timeout,9,0,4,69160.13,0
TXN-11400,CUST-1513,10574.74,Wallet,Insufficient Funds,6,1,0,112757.81,0
TXN-11401,CUST-1867,7708.21,Net Banking,Temporary Bank/Network Error,11,1,2,75724.78,1
TXN-11402,CUST-2244,11753.93,Net Banking,Temporary Bank/Network Error,3,1,2,42568.79,0
TXN-11403,CUST-2006,7692.73,Net Banking,Insufficient Funds,9,1,0,88212.24,1
TXN-11404,CUST-1994,6156.31,Credit Card,Card Expired,11,0,0,116796.71,0
TXN-11405,CUST-1280,17775.01,UPI,Temporary Bank/Network Error,7,1,5,62379.58,1
TXN-11406,CUST-2321,12546.03,Credit Card,Temporary Bank/Network Error,11,1,1,74892.98,1
TXN-11407,CUST-3192,4752.12,UPI,Card Expired,10,0,1,23478.82,0
TXN-11408,CUST-2398,13907.25,Credit Card,Insufficient Funds,7,0,2,44776.53,0
TXN-11409,CUST-1817,12128.7,Debit Card,Card Expired,4,1,1,43719.36,0
TXN-11410,CUST-3377,4672.16,UPI,Authentication Failed,12,1,3,109471.99,1
TXN-11411,CUST-1707,7860.16,UPI,Temporary Bank/Network Error,6,1,2,66287.36,1
TXN-11412,CUST-2590,9213.11,Debit Card,Card Expired,12,1,3,144550.91,1
TXN-11413,CUST-2583,6349.62,Wallet,Payment Gateway Timeout,5,1,0,74316.33,1
TXN-11414,CUST-2355,7969.35,UPI,Authentication Failed,11,1,1,67879.7,1
TXN-11415,CUST-3194,5476.1,Wallet,Temporary Bank/Network Error,14,1,6,57368.21,1
TXN-11416,CUST-1459,12429.01,Debit Card,Temporary Bank/Network Error,10,1,0,133206.43,1
TXN-11417,CUST-1266,3546.25,UPI,Authentication Failed,3,0,3,32672.58,0
TXN-11418,CUST-1769,5388.16,Debit Card,Card Expired,11,1,1,33281.45,1
TXN-11419,CUST-2227,4770.8,Net Banking,Temporary Bank/Network Error,8,1,1,25722.6,1
TXN-11420,CUST-3285,9223.58,Credit Card,Card Expired,3,1,1,52997.19,0
TXN-11421,CUST-3250,11141.8,UPI,Insufficient Funds,6,1,0,94754.42,1
TXN-11422,CUST-2877,11497.67,Credit Card,Card Expired,11,1,4,95850.76,0
TXN-11423,CUST-1745,6255.5,UPI,Authentication Failed,7,1,5,55991.17,0
TXN-11424,CUST-1740,4319.21,UPI,Authentication Failed,12,0,1,65232.71,0
TXN-11425,CUST-2690,8153.98,UPI,Payment Gateway Timeout,10,0,5,31872.68,0
TXN-11426,CUST-2622,3479.7,UPI,Insufficient Funds,10,0,3,16726.5,0
TXN-11427,CUST-1239,1585.83,Net Banking,Payment Gateway Timeout,7,1,1,145583.07,1
TXN-11428,CUST-2770,5378.76,UPI,Insufficient Funds,7,0,0,62512.98,0
TXN-11429,CUST-3026,16400.97,UPI,Temporary Bank/Network Error,8,1,1,29055.62,1
TXN-11430,CUST-2427,5267.19,UPI,Authentication Failed,10,1,2,110950.62,1
TXN-11431,CUST-2693,4775.67,UPI,Payment Gateway Timeout,11,0,0,71568.23,1
TXN-11432,CUST-2478,4514.73,Net Banking,Insufficient Funds,8,1,0,40652.73,1
TXN-11433,CUST-3168,3030.53,Debit Card,Authentication Failed,9,0,3,53244.31,0
TXN-11434,CUST-1425,6243.51,Credit Card,Temporary Bank/Network Error,9,0,0,94937.68,1
TXN-11435,CUST-3467,11902.34,Debit Card,Authentication Failed,7,0,1,83326.6,0
TXN-11436,CUST-3087,4196.17,UPI,Insufficient Funds,7,0,2,60551.82,0
TXN-11437,CUST-3289,4660.39,Debit Card,Insufficient Funds,4,0,0,75752.17,0
TXN-11438,CUST-2243,3794.9,Wallet,Insufficient Funds,10,1,1,127396.23,1
TXN-11439,CUST-3216,19009.49,Net Banking,Payment Gateway Timeout,6,0,3,73247.0,0
TXN-11440,CUST-2176,6696.17,UPI,Payment Gateway Timeout,7,0,1,211874.56,1
TXN-11441,CUST-1774,5120.82,UPI,Insufficient Funds,5,0,3,187958.52,0
TXN-11442,CUST-1552,6055.58,Debit Card,Temporary Bank/Network Error,10,1,1,41948.33,1
TXN-11443,CUST-1951,4543.65,UPI,Temporary Bank/Network Error,12,1,2,60273.97,1
TXN-11444,CUST-2237,5189.36,UPI,Insufficient Funds,3,1,3,56827.99,0
TXN-11445,CUST-2735,15953.77,Credit Card,Authentication Failed,5,0,0,31526.27,0
TXN-11446,CUST-2638,4985.57,Debit Card,Insufficient Funds,9,0,2,109313.26,0
TXN-11447,CUST-3042,7471.81,UPI,Card Expired,8,1,1,107102.75,1
TXN-11448,CUST-3393,7488.88,Credit Card,Temporary Bank/Network Error,3,0,1,89195.52,0
TXN-11449,CUST-2052,6766.28,Debit Card,Authentication Failed,10,0,0,78086.07,0
TXN-11450,CUST-1571,9291.95,UPI,Payment Gateway Timeout,4,1,0,103160.3,1
TXN-11451,CUST-3027,4868.42,UPI,Card Expired,8,0,2,86491.57,0
TXN-11452,CUST-2437,10836.31,UPI,Temporary Bank/Network Error,11,0,3,56359.11,1
TXN-11453,CUST-3475,7977.31,Credit Card,Temporary Bank/Network Error,9,1,4,102917.75,1
TXN-11454,CUST-3026,10653.69,UPI,Temporary Bank/Network Error,7,1,1,69950.15,1
TXN-11455,CUST-2220,17912.83,Net Banking,Payment Gateway Timeout,9,0,3,59459.99,0
TXN-11456,CUST-2275,9502.12,UPI,Authentication Failed,4,0,0,58128.84,0
TXN-11457,CUST-2275,3122.59,Wallet,Insufficient Funds,7,0,0,49505.07,0
TXN-11458,CUST-2742,5078.38,UPI,Payment Gateway Timeout,11,1,0,134490.72,1
TXN-11459,CUST-1006,5242.8,Credit Card,Payment Gateway Timeout,8,1,0,141275.9,1
TXN-11460,CUST-1422,4407.51,Debit Card,Authentication Failed,14,1,0,73610.56,1
TXN-11461,CUST-2512,3955.92,UPI,Insufficient Funds,6,1,2,61913.01,0
TXN-11462,CUST-3096,7278.07,UPI,Insufficient Funds,11,1,1,58314.67,1
TXN-11463,CUST-1798,4710.08,UPI,Card Expired,6,1,1,85305.31,0
TXN-11464,CUST-1647,5213.78,UPI,Payment Gateway Timeout,5,1,2,76952.28,1
TXN-11465,CUST-1808,20024.33,Debit Card,Temporary Bank/Network Error,11,1,2,34451.79,1
TXN-11466,CUST-2729,10637.76,UPI,Payment Gateway Timeout,7,1,1,44891.35,1
TXN-11467,CUST-2850,11785.44,Credit Card,Payment Gateway Timeout,7,0,0,63023.99,1
TXN-11468,CUST-2270,6845.73,Credit Card,Payment Gateway Timeout,11,0,5,137035.95,0
TXN-11469,CUST-3188,9128.15,Credit Card,Payment Gateway Timeout,6,0,1,27621.51,0
TXN-11470,CUST-1388,3191.39,UPI,Authentication Failed,9,1,1,59006.57,1
TXN-11471,CUST-1722,6318.98,UPI,Temporary Bank/Network Error,8,1,2,286438.17,1
TXN-11472,CUST-1156,5259.63,Debit Card,Authentication Failed,13,1,1,56540.81,1
TXN-11473,CUST-1470,5098.16,UPI,Temporary Bank/Network Error,9,1,2,124104.96,1
TXN-11474,CUST-1309,8998.81,UPI,Temporary Bank/Network Error,6,0,0,109615.85,1
TXN-11475,CUST-3096,8185.52,UPI,Authentication Failed,7,0,0,113609.71,0
TXN-11476,CUST-3338,6818.49,UPI,Authentication Failed,15,0,1,76260.1,1
TXN-11477,CUST-3050,7611.16,UPI,Authentication Failed,7,0,0,63416.52,0
TXN-11478,CUST-2998,10012.5,UPI,Insufficient Funds,9,1,1,90862.24,1
TXN-11479,CUST-3339,6679.09,Credit Card,Temporary Bank/Network Error,12,1,0,58670.01,1
TXN-11480,CUST-2922,5658.1,Credit Card,Payment Gateway Timeout,8,1,6,57622.37,0
TXN-11481,CUST-1189,16533.55,Credit Card,Authentication Failed,12,1,2,72456.53,1
TXN-11482,CUST-1016,13621.51,Debit Card,Payment Gateway Timeout,15,1,1,31085.31,1
TXN-11483,CUST-3331,10042.43,UPI,Temporary Bank/Network Error,6,1,1,66505.89,1
TXN-11484,CUST-2476,3766.94,UPI,Authentication Failed,7,1,0,16832.96,1
TXN-11485,CUST-1754,6825.77,UPI,Temporary Bank/Network Error,6,0,1,56479.77,1
TXN-11486,CUST-2913,9595.32,UPI,Temporary Bank/Network Error,8,1,1,89700.48,1
TXN-11487,CUST-2905,7815.64,UPI,Insufficient Funds,9,0,2,106990.48,0
TXN-11488,CUST-2118,7209.12,UPI,Temporary Bank/Network Error,11,1,2,86851.91,1
TXN-11489,CUST-1930,5667.92,UPI,Card Expired,13,1,0,20931.87,1
TXN-11490,CUST-1020,3886.15,UPI,Temporary Bank/Network Error,8,1,1,36458.6,1
TXN-11491,CUST-1181,11401.19,Credit Card,Authentication Failed,8,1,4,102259.5,0
TXN-11492,CUST-1720,17595.04,Wallet,Payment Gateway Timeout,8,0,1,44188.32,0
TXN-11493,CUST-2591,6862.19,Net Banking,Insufficient Funds,9,0,1,61895.2,0
TXN-11494,CUST-2301,4617.56,Debit Card,Card Expired,8,1,1,69009.93,0
TXN-11495,CUST-3093,7373.2,Credit Card,Authentication Failed,4,1,1,38682.64,0
TXN-11496,CUST-3429,7466.0,Debit Card,Temporary Bank/Network Error,9,0,2,82431.09,1
TXN-11497,CUST-1843,12218.51,Credit Card,Payment Gateway Timeout,4,0,1,73612.56,0
TXN-11498,CUST-2795,10815.58,Net Banking,Insufficient Funds,7,1,2,103744.36,0
TXN-11499,CUST-1453,4589.68,Net Banking,Payment Gateway Timeout,8,1,3,159929.17,1
TXN-11500,CUST-2549,13918.28,Net Banking,Card Expired,11,0,3,155188.71,0
TXN-11501,CUST-2732,15427.26,Credit Card,Temporary Bank/Network Error,16,0,0,68164.71,1
TXN-11502,CUST-2096,7276.63,Wallet,Authentication Failed,6,0,1,134114.67,0
TXN-11503,CUST-2612,4161.1,Net Banking,Authentication Failed,8,1,2,42103.9,0
TXN-11504,CUST-2097,15006.44,Wallet,Payment Gateway Timeout,13,1,2,90761.55,1
TXN-11505,CUST-1439,6855.11,Net Banking,Authentication Failed,11,0,5,33477.05,0
TXN-11506,CUST-2210,3819.51,Credit Card,Temporary Bank/Network Error,9,0,3,94005.43,1
TXN-11507,CUST-2742,4605.1,Credit Card,Temporary Bank/Network Error,5,0,2,97503.79,0
TXN-11508,CUST-1378,2736.95,UPI,Temporary Bank/Network Error,6,0,3,47116.5,0
TXN-11509,CUST-2759,6774.85,Credit Card,Temporary Bank/Network Error,6,1,0,75313.04,1
TXN-11510,CUST-1538,4033.1,Debit Card,Insufficient Funds,7,1,3,76731.1,0
TXN-11511,CUST-2413,16699.44,Credit Card,Card Expired,8,0,0,123002.12,0
TXN-11512,CUST-2371,24594.5,Credit Card,Card Expired,10,1,3,52162.26,0
TXN-11513,CUST-2022,6333.8,UPI,Authentication Failed,7,1,3,189975.82,0
TXN-11514,CUST-2812,8454.19,UPI,Authentication Failed,9,1,1,99373.51,1
TXN-11515,CUST-3031,9271.67,Debit Card,Payment Gateway Timeout,8,1,3,42797.47,1
TXN-11516,CUST-1472,5386.64,UPI,Authentication Failed,9,0,2,123560.98,0
TXN-11517,CUST-3453,3489.57,Debit Card,Temporary Bank/Network Error,7,1,2,82304.21,1
TXN-11518,CUST-2205,10494.62,Credit Card,Insufficient Funds,14,0,2,111293.56,0
TXN-11519,CUST-2801,7815.74,Credit Card,Insufficient Funds,5,1,1,128516.83,0
TXN-11520,CUST-2365,11428.12,UPI,Authentication Failed,8,1,2,31362.75,0
TXN-11521,CUST-2826,6331.79,Net Banking,Temporary Bank/Network Error,9,1,2,83543.17,0
TXN-11522,CUST-1099,6320.0,UPI,Payment Gateway Timeout,7,1,0,61131.48,1
TXN-11523,CUST-2836,4912.7,Wallet,Temporary Bank/Network Error,6,1,2,51356.81,1
TXN-11524,CUST-2642,3619.76,UPI,Payment Gateway Timeout,7,0,1,53531.89,0
TXN-11525,CUST-3259,6185.67,UPI,Authentication Failed,9,1,2,81503.61,1
TXN-11526,CUST-1695,6632.76,Wallet,Temporary Bank/Network Error,4,1,1,83079.92,1
TXN-11527,CUST-2047,10414.14,Debit Card,Temporary Bank/Network Error,7,0,3,51826.8,0
TXN-11528,CUST-2358,5115.33,Net Banking,Temporary Bank/Network Error,5,0,1,38073.95,0
TXN-11529,CUST-1522,17315.13,Credit Card,Authentication Failed,9,0,2,42655.05,0
TXN-11530,CUST-1094,7709.01,Debit Card,Card Expired,2,1,0,137340.86,0
TXN-11531,CUST-2439,10350.06,Wallet,Authentication Failed,8,1,1,52825.47,0
TXN-11532,CUST-2747,13106.49,Credit Card,Authentication Failed,2,1,3,81040.13,0
TXN-11533,CUST-2257,11614.09,UPI,Temporary Bank/Network Error,6,1,1,88513.89,1
TXN-11534,CUST-1510,4395.16,Debit Card,Payment Gateway Timeout,4,0,3,58174.97,0
TXN-11535,CUST-1487,4077.08,Wallet,Card Expired,10,0,1,71921.04,0
TXN-11536,CUST-1576,21648.02,UPI,Temporary Bank/Network Error,9,1,5,81087.42,1
TXN-11537,CUST-3018,4018.96,UPI,Payment Gateway Timeout,13,0,2,117400.49,1
TXN-11538,CUST-2775,3950.83,UPI,Card Expired,6,1,2,47249.48,0
TXN-11539,CUST-1657,8657.46,Debit Card,Insufficient Funds,10,0,2,61053.17,0
TXN-11540,CUST-2677,3285.82,Debit Card,Insufficient Funds,11,0,2,157353.86,1
TXN-11541,CUST-3402,7228.18,Net Banking,Payment Gateway Timeout,5,0,2,41151.36,0
TXN-11542,CUST-2351,7189.54,Debit Card,Insufficient Funds,4,1,2,75464.34,0
TXN-11543,CUST-2527,11147.96,Credit Card,Insufficient Funds,7,1,3,59645.55,0
TXN-11544,CUST-3434,7393.75,UPI,Insufficient Funds,6,1,3,92564.83,0
TXN-11545,CUST-1161,6643.22,Credit Card,Insufficient Funds,7,1,1,63267.34,0
TXN-11546,CUST-2141,5775.36,Debit Card,Payment Gateway Timeout,5,1,0,55525.93,1
TXN-11547,CUST-1443,4487.01,Credit Card,Insufficient Funds,3,1,1,118135.43,0
TXN-11548,CUST-1149,2910.09,Credit Card,Payment Gateway Timeout,10,1,1,20510.43,1
TXN-11549,CUST-1717,8422.58,Debit Card,Temporary Bank/Network Error,15,0,0,53777.54,1
TXN-11550,CUST-1331,6393.57,UPI,Payment Gateway Timeout,11,1,2,55499.71,1
TXN-11551,CUST-3096,5118.56,Debit Card,Authentication Failed,11,1,0,27457.17,1
TXN-11552,CUST-3095,17600.64,Debit Card,Temporary Bank/Network Error,8,1,2,81247.45,1
TXN-11553,CUST-1650,10697.07,Credit Card,Authentication Failed,10,0,1,99873.48,0
TXN-11554,CUST-2310,2958.16,UPI,Authentication Failed,3,0,0,107181.29,0
TXN-11555,CUST-2726,4341.58,UPI,Insufficient Funds,7,0,1,46711.48,0
TXN-11556,CUST-1599,5271.18,Debit Card,Temporary Bank/Network Error,7,0,5,65322.27,0
TXN-11557,CUST-1802,12733.86,Debit Card,Authentication Failed,7,0,2,92109.17,0
TXN-11558,CUST-2773,12288.38,UPI,Payment Gateway Timeout,8,0,2,101748.63,0
TXN-11559,CUST-2459,3545.31,UPI,Temporary Bank/Network Error,4,0,2,37899.74,0
TXN-11560,CUST-1977,6782.07,Credit Card,Insufficient Funds,7,0,2,22223.07,0
TXN-11561,CUST-1605,7185.56,UPI,Card Expired,6,0,2,60666.82,0
TXN-11562,CUST-1968,9579.17,Credit Card,Insufficient Funds,16,1,0,90166.38,1
TXN-11563,CUST-1124,6407.86,Wallet,Temporary Bank/Network Error,8,0,2,65227.13,0
TXN-11564,CUST-1638,8830.94,Credit Card,Insufficient Funds,11,1,0,50181.92,1
TXN-11565,CUST-2449,8074.75,Credit Card,Payment Gateway Timeout,9,1,0,39478.21,1
TXN-11566,CUST-2337,12529.01,Debit Card,Temporary Bank/Network Error,9,1,3,88610.11,1
TXN-11567,CUST-2755,4176.9,Debit Card,Temporary Bank/Network Error,10,1,2,55159.54,1
TXN-11568,CUST-2769,3797.17,UPI,Insufficient Funds,7,1,1,73697.95,0
TXN-11569,CUST-1180,9204.67,UPI,Temporary Bank/Network Error,12,1,1,134254.49,1
TXN-11570,CUST-1994,5305.49,Credit Card,Temporary Bank/Network Error,5,0,0,44857.73,1
TXN-11571,CUST-1259,11666.13,Debit Card,Authentication Failed,9,0,1,65729.34,0
TXN-11572,CUST-1829,5111.62,Wallet,Insufficient Funds,8,1,0,33540.55,1
TXN-11573,CUST-2855,3782.29,Debit Card,Authentication Failed,7,1,1,60470.49,0
TXN-11574,CUST-1647,4366.74,UPI,Card Expired,11,0,2,205808.36,0
TXN-11575,CUST-2286,1452.36,Credit Card,Authentication Failed,2,0,1,54297.8,0
TXN-11576,CUST-1100,10242.7,Debit Card,Authentication Failed,11,1,3,58161.1,0
TXN-11577,CUST-2300,5638.36,Debit Card,Payment Gateway Timeout,13,0,1,32397.16,1
TXN-11578,CUST-3424,7565.86,UPI,Temporary Bank/Network Error,9,1,1,128649.53,1
TXN-11579,CUST-1486,5426.93,Wallet,Temporary Bank/Network Error,4,0,2,47124.49,0
TXN-11580,CUST-1275,6858.06,Net Banking,Insufficient Funds,4,0,2,53203.31,0
TXN-11581,CUST-2791,8332.23,Net Banking,Temporary Bank/Network Error,11,1,3,77801.46,1
TXN-11582,CUST-2981,9039.81,UPI,Temporary Bank/Network Error,11,1,1,102425.01,1
TXN-11583,CUST-1868,6202.59,Debit Card,Authentication Failed,7,1,1,25092.4,0
TXN-11584,CUST-1088,7220.77,Net Banking,Insufficient Funds,9,1,0,22258.55,1
TXN-11585,CUST-1785,3471.23,Wallet,Authentication Failed,6,0,2,48671.38,0
TXN-11586,CUST-1380,5768.6,UPI,Card Expired,5,0,0,61034.36,0
TXN-11587,CUST-3323,3909.43,Credit Card,Authentication Failed,8,1,1,102061.86,1
TXN-11588,CUST-1295,13205.38,Debit Card,Authentication Failed,10,1,3,47428.31,0
TXN-11589,CUST-2782,3473.71,Wallet,Card Expired,8,1,1,44853.0,0
TXN-11590,CUST-1885,9736.17,Credit Card,Card Expired,8,0,0,49163.39,0
TXN-11591,CUST-3221,6757.29,Credit Card,Insufficient Funds,12,1,2,39881.27,1
TXN-11592,CUST-2055,10443.67,Credit Card,Payment Gateway Timeout,13,1,3,38970.9,1
TXN-11593,CUST-2539,7034.91,Credit Card,Card Expired,3,0,1,62798.65,0
TXN-11594,CUST-1314,3909.83,UPI,Authentication Failed,9,0,0,72805.33,0
TXN-11595,CUST-1240,9232.26,Wallet,Authentication Failed,5,1,0,103593.24,0
TXN-11596,CUST-2428,12066.9,Debit Card,Payment Gateway Timeout,14,0,1,193675.74,1
TXN-11597,CUST-2673,6562.27,Credit Card,Authentication Failed,8,1,0,129811.52,1
TXN-11598,CUST-1301,3046.12,Net Banking,Temporary Bank/Network Error,10,0,1,122224.79,1
TXN-11599,CUST-2283,4269.38,UPI,Temporary Bank/Network Error,8,1,4,58838.4,1
TXN-11600,CUST-1787,12387.62,UPI,Temporary Bank/Network Error,7,0,1,43509.65,1
TXN-11601,CUST-1925,15987.05,Debit Card,Temporary Bank/Network Error,8,0,1,96077.04,1
TXN-11602,CUST-2698,8309.27,Debit Card,Payment Gateway Timeout,7,1,1,140209.98,1
TXN-11603,CUST-1601,6880.87,Net Banking,Insufficient Funds,11,0,2,65849.77,0
TXN-11604,CUST-1886,3818.11,Credit Card,Temporary Bank/Network Error,6,1,0,91852.82,1
TXN-11605,CUST-2095,6359.75,Wallet,Authentication Failed,10,1,1,59771.67,1
TXN-11606,CUST-1205,12864.99,UPI,Payment Gateway Timeout,13,0,2,32586.67,1
TXN-11607,CUST-2333,4407.66,Debit Card,Temporary Bank/Network Error,2,0,3,64607.72,0
TXN-11608,CUST-2828,4843.01,UPI,Authentication Failed,7,1,1,36795.43,0
TXN-11609,CUST-1769,8180.37,Debit Card,Temporary Bank/Network Error,7,1,1,39141.8,1
TXN-11610,CUST-2215,15562.4,UPI,Authentication Failed,13,0,0,62692.77,1
TXN-11611,CUST-2833,7436.61,Net Banking,Payment Gateway Timeout,6,1,0,101254.34,1
TXN-11612,CUST-3230,5949.56,Wallet,Temporary Bank/Network Error,8,1,2,115971.91,1
TXN-11613,CUST-2464,8927.7,UPI,Authentication Failed,8,0,0,40257.8,0
TXN-11614,CUST-2740,12666.03,Credit Card,Payment Gateway Timeout,6,1,1,92177.31,1
TXN-11615,CUST-1876,6955.39,UPI,Insufficient Funds,7,0,0,44005.02,0
TXN-11616,CUST-2417,5738.53,UPI,Card Expired,11,1,2,41218.59,1
TXN-11617,CUST-3455,3704.45,Wallet,Authentication Failed,6,1,0,116148.54,1
TXN-11618,CUST-2807,5714.98,Debit Card,Temporary Bank/Network Error,6,1,2,77009.35,1
TXN-11619,CUST-2155,13050.8,Wallet,Authentication Failed,2,1,2,38130.94,0
TXN-11620,CUST-2701,7554.59,Credit Card,Temporary Bank/Network Error,7,1,2,60490.94,1
TXN-11621,CUST-2564,13281.09,Credit Card,Temporary Bank/Network Error,6,0,1,149329.59,1
TXN-11622,CUST-2494,6145.63,UPI,Temporary Bank/Network Error,9,0,1,70352.78,1
TXN-11623,CUST-1797,7241.5,UPI,Insufficient Funds,6,1,0,171403.88,1
TXN-11624,CUST-1885,5241.03,Credit Card,Payment Gateway Timeout,4,0,1,56586.09,0
TXN-11625,CUST-2449,5153.95,Net Banking,Temporary Bank/Network Error,8,0,1,106980.17,1
TXN-11626,CUST-3119,4346.59,Credit Card,Temporary Bank/Network Error,5,0,1,103947.48,0
TXN-11627,CUST-1494,1888.77,Debit Card,Temporary Bank/Network Error,8,0,1,69835.12,1
TXN-11628,CUST-1111,10887.39,UPI,Temporary Bank/Network Error,13,0,2,66447.59,1
TXN-11629,CUST-2327,7108.85,Credit Card,Card Expired,11,0,1,45034.82,0
TXN-11630,CUST-2139,5033.75,Debit Card,Temporary Bank/Network Error,6,1,2,52483.97,1
TXN-11631,CUST-2255,5177.93,Credit Card,Card Expired,5,1,1,57292.88,0
TXN-11632,CUST-2839,12293.67,Net Banking,Authentication Failed,10,1,0,51186.59,1
TXN-11633,CUST-2747,4838.74,Credit Card,Payment Gateway Timeout,3,1,0,67565.99,1
TXN-11634,CUST-3336,3246.19,Net Banking,Card Expired,8,1,0,125666.54,1
TXN-11635,CUST-1580,5496.95,Credit Card,Temporary Bank/Network Error,7,1,1,108842.55,1
TXN-11636,CUST-1085,5537.14,UPI,Temporary Bank/Network Error,5,0,1,28976.63,0
TXN-11637,CUST-1743,5008.84,Net Banking,Insufficient Funds,7,1,3,150717.98,0
TXN-11638,CUST-2060,8178.53,UPI,Temporary Bank/Network Error,8,1,1,145624.51,1
TXN-11639,CUST-2398,2411.61,UPI,Payment Gateway Timeout,12,1,2,62830.5,1
TXN-11640,CUST-2394,11121.72,Credit Card,Temporary Bank/Network Error,12,1,0,105779.06,1
TXN-11641,CUST-2879,7218.55,UPI,Temporary Bank/Network Error,9,1,0,68018.68,1
TXN-11642,CUST-2972,6827.82,Credit Card,Authentication Failed,8,1,0,75308.14,1
TXN-11643,CUST-1060,6348.21,Credit Card,Authentication Failed,4,1,1,87054.08,0
TXN-11644,CUST-2227,5892.49,Credit Card,Temporary Bank/Network Error,8,0,1,39587.72,1
TXN-11645,CUST-2876,3822.61,UPI,Authentication Failed,12,0,3,136720.87,0
TXN-11646,CUST-2825,5664.4,UPI,Temporary Bank/Network Error,11,1,1,47720.69,1
TXN-11647,CUST-2347,3345.62,Debit Card,Card Expired,3,0,1,32759.6,0
TXN-11648,CUST-1874,10064.75,Credit Card,Payment Gateway Timeout,8,1,2,46812.01,1
TXN-11649,CUST-3034,3669.61,Debit Card,Card Expired,9,0,2,36589.91,0
TXN-11650,CUST-2324,13736.42,Net Banking,Authentication Failed,6,1,1,115672.84,0
TXN-11651,CUST-2636,5585.85,Debit Card,Authentication Failed,2,0,1,79314.63,0
TXN-11652,CUST-1441,5568.99,Wallet,Temporary Bank/Network Error,7,0,2,77774.98,0
TXN-11653,CUST-1744,8969.11,Debit Card,Temporary Bank/Network Error,9,0,3,35521.29,0
TXN-11654,CUST-3406,5920.13,UPI,Temporary Bank/Network Error,5,0,2,58813.74,0
TXN-11655,CUST-1069,3814.71,UPI,Payment Gateway Timeout,12,1,3,78141.9,1
TXN-11656,CUST-3435,7981.28,Net Banking,Temporary Bank/Network Error,5,0,1,61923.21,0
TXN-11657,CUST-2408,3885.88,Wallet,Authentication Failed,4,0,2,71648.82,0
TXN-11658,CUST-2071,6787.63,UPI,Payment Gateway Timeout,10,0,2,53687.67,1
TXN-11659,CUST-3325,9030.95,UPI,Temporary Bank/Network Error,4,0,1,151500.28,0
TXN-11660,CUST-2084,6033.87,Wallet,Payment Gateway Timeout,6,1,1,44105.88,1
TXN-11661,CUST-1243,9155.45,Debit Card,Insufficient Funds,8,0,2,86347.66,0
TXN-11662,CUST-3234,13481.51,Debit Card,Card Expired,3,0,2,83285.25,0
TXN-11663,CUST-2378,7399.61,Net Banking,Authentication Failed,16,0,3,115917.52,1
TXN-11664,CUST-3250,5712.6,Debit Card,Temporary Bank/Network Error,7,1,1,93791.36,1
TXN-11665,CUST-2474,5658.95,UPI,Insufficient Funds,10,1,0,107368.38,1
TXN-11666,CUST-2004,10343.38,Debit Card,Insufficient Funds,4,0,0,49390.36,0
TXN-11667,CUST-1639,6232.47,Credit Card,Card Expired,13,0,7,64567.75,0
TXN-11668,CUST-2384,7277.22,Credit Card,Payment Gateway Timeout,11,1,1,89109.12,1
TXN-11669,CUST-3231,8195.02,Credit Card,Authentication Failed,8,0,0,62011.74,0
TXN-11670,CUST-2498,14606.67,UPI,Authentication Failed,3,1,0,30079.42,0
TXN-11671,CUST-2036,8196.76,Credit Card,Insufficient Funds,6,0,3,54174.93,0
TXN-11672,CUST-2349,15017.02,Debit Card,Insufficient Funds,9,1,2,47501.86,0
TXN-11673,CUST-3395,7812.26,Debit Card,Insufficient Funds,9,0,1,73213.86,0
TXN-11674,CUST-1893,4279.31,Debit Card,Authentication Failed,10,1,3,46640.78,0
TXN-11675,CUST-3077,5233.8,Debit Card,Insufficient Funds,4,0,3,60926.89,0
TXN-11676,CUST-1775,5045.93,Debit Card,Temporary Bank/Network Error,9,1,2,71278.34,1
TXN-11677,CUST-3189,8235.68,Credit Card,Payment Gateway Timeout,4,0,2,135945.33,0
TXN-11678,CUST-3185,3338.65,Credit Card,Payment Gateway Timeout,7,0,2,123429.67,0
TXN-11679,CUST-1426,16222.45,Debit Card,Insufficient Funds,9,1,0,107519.67,1
TXN-11680,CUST-1528,5614.92,UPI,Authentication Failed,10,0,3,28859.08,0
TXN-11681,CUST-1304,5108.46,Debit Card,Card Expired,7,1,0,135836.01,0
TXN-11682,CUST-2369,3094.92,UPI,Card Expired,18,0,1,62135.25,1
TXN-11683,CUST-2176,13467.94,UPI,Temporary Bank/Network Error,15,0,0,95349.88,1
TXN-11684,CUST-2016,9245.48,Debit Card,Temporary Bank/Network Error,6,0,2,53048.48,0
TXN-11685,CUST-1995,6269.08,Net Banking,Authentication Failed,8,0,2,106412.79,0
TXN-11686,CUST-3208,2844.91,UPI,Insufficient Funds,6,0,0,37860.77,0
TXN-11687,CUST-2877,5890.14,Net Banking,Card Expired,6,0,4,88699.93,0
TXN-11688,CUST-2087,12650.17,Debit Card,Insufficient Funds,13,0,1,97480.88,0
TXN-11689,CUST-2956,6894.15,UPI,Temporary Bank/Network Error,8,1,2,59534.75,1
TXN-11690,CUST-2766,9365.53,Credit Card,Payment Gateway Timeout,2,0,1,98215.32,0
TXN-11691,CUST-3382,13751.33,UPI,Temporary Bank/Network Error,6,1,1,22294.42,1
TXN-11692,CUST-3137,15246.98,Debit Card,Payment Gateway Timeout,8,1,1,59638.86,1
TXN-11693,CUST-1520,7243.22,UPI,Payment Gateway Timeout,6,1,1,88063.67,1
TXN-11694,CUST-2582,10715.99,UPI,Insufficient Funds,10,0,2,93310.58,0
TXN-11695,CUST-1669,6754.85,UPI,Payment Gateway Timeout,4,0,2,154863.01,0
TXN-11696,CUST-2123,5718.71,Debit Card,Temporary Bank/Network Error,10,0,1,31808.08,1
TXN-11697,CUST-3058,7290.92,Credit Card,Temporary Bank/Network Error,8,1,1,89324.58,1
TXN-11698,CUST-2221,11726.4,UPI,Temporary Bank/Network Error,11,1,1,141264.65,1
TXN-11699,CUST-1434,4949.73,Net Banking,Authentication Failed,10,1,2,81788.71,1
TXN-11700,CUST-3098,8544.18,UPI,Payment Gateway Timeout,4,1,1,38246.02,1
TXN-11701,CUST-1514,4968.01,UPI,Card Expired,9,1,0,147196.75,1
TXN-11702,CUST-2814,7413.7,Credit Card,Payment Gateway Timeout,7,0,2,43542.28,0
TXN-11703,CUST-2317,3313.44,Credit Card,Payment Gateway Timeout,4,1,2,45765.86,1
TXN-11704,CUST-1272,5620.07,UPI,Payment Gateway Timeout,17,1,1,158526.13,1
TXN-11705,CUST-1706,9794.34,UPI,Insufficient Funds,6,0,2,27988.23,0
TXN-11706,CUST-3362,23932.29,UPI,Temporary Bank/Network Error,12,0,2,160944.81,1
TXN-11707,CUST-3335,6376.51,UPI,Authentication Failed,7,1,3,61994.76,0
TXN-11708,CUST-2922,7177.34,UPI,Authentication Failed,10,1,0,38653.58,1
TXN-11709,CUST-1706,10104.09,UPI,Temporary Bank/Network Error,7,0,0,115011.69,1
TXN-11710,CUST-2101,3967.85,Credit Card,Temporary Bank/Network Error,2,1,1,93622.0,1
TXN-11711,CUST-2020,10521.06,Credit Card,Temporary Bank/Network Error,7,1,4,44885.36,1
TXN-11712,CUST-1159,7417.58,Debit Card,Temporary Bank/Network Error,6,0,1,48205.03,0
TXN-11713,CUST-2679,8589.01,Debit Card,Authentication Failed,11,0,0,106709.92,0
TXN-11714,CUST-2451,13675.03,Credit Card,Temporary Bank/Network Error,8,1,4,66914.63,1
TXN-11715,CUST-1772,4497.77,Credit Card,Insufficient Funds,4,1,0,107081.07,0
TXN-11716,CUST-2708,4024.33,Credit Card,Authentication Failed,8,1,1,103021.17,1
TXN-11717,CUST-1966,7385.0,Credit Card,Temporary Bank/Network Error,6,1,3,156875.79,1
TXN-11718,CUST-1402,6885.11,Credit Card,Temporary Bank/Network Error,2,1,1,115216.92,1
TXN-11719,CUST-1157,4207.87,UPI,Insufficient Funds,14,1,2,69488.68,1
TXN-11720,CUST-2380,3607.75,Net Banking,Authentication Failed,11,1,2,72584.27,1
TXN-11721,CUST-1369,5342.31,UPI,Temporary Bank/Network Error,6,0,4,66823.27,0
TXN-11722,CUST-1818,8473.61,Credit Card,Insufficient Funds,10,1,1,72520.22,1
TXN-11723,CUST-1065,26215.29,Credit Card,Insufficient Funds,8,1,1,84844.3,0
TXN-11724,CUST-1420,6623.48,Debit Card,Authentication Failed,8,1,1,121677.67,1
TXN-11725,CUST-1244,3449.3,Debit Card,Insufficient Funds,8,1,6,97669.01,0
TXN-11726,CUST-1238,6441.98,Debit Card,Payment Gateway Timeout,9,1,3,78938.41,1
TXN-11727,CUST-2939,10004.74,Debit Card,Insufficient Funds,5,1,0,73849.84,0
TXN-11728,CUST-3224,5790.35,Net Banking,Temporary Bank/Network Error,10,1,1,69504.25,1
TXN-11729,CUST-1658,4337.55,UPI,Payment Gateway Timeout,6,0,1,76464.52,0
TXN-11730,CUST-2462,4953.68,UPI,Insufficient Funds,7,1,0,67743.98,1
TXN-11731,CUST-1695,5848.5,Debit Card,Insufficient Funds,2,1,0,121325.76,0
TXN-11732,CUST-1616,5813.02,UPI,Payment Gateway Timeout,4,1,1,145210.22,1
TXN-11733,CUST-1100,5702.6,Debit Card,Temporary Bank/Network Error,11,1,0,63302.4,1
TXN-11734,CUST-2038,8153.77,UPI,Insufficient Funds,12,1,1,25307.57,1
TXN-11735,CUST-2140,4556.54,Debit Card,Temporary Bank/Network Error,5,0,2,63566.44,0
TXN-11736,CUST-1023,8307.99,Debit Card,Insufficient Funds,12,1,1,67828.49,1
TXN-11737,CUST-1296,2133.86,UPI,Insufficient Funds,6,0,2,41908.02,0
TXN-11738,CUST-2286,8451.55,Net Banking,Temporary Bank/Network Error,4,0,1,34360.24,0
TXN-11739,CUST-3128,12823.46,UPI,Insufficient Funds,7,1,1,68621.92,0
TXN-11740,CUST-1902,12067.03,Net Banking,Insufficient Funds,12,1,1,233630.71,1
TXN-11741,CUST-1199,3435.29,Net Banking,Authentication Failed,8,0,2,125703.92,0
TXN-11742,CUST-2312,11701.93,UPI,Temporary Bank/Network Error,6,1,5,70963.71,0
TXN-11743,CUST-1442,9595.91,Debit Card,Payment Gateway Timeout,8,0,0,27245.47,1
TXN-11744,CUST-2022,2592.43,Net Banking,Insufficient Funds,12,0,2,111519.44,0
TXN-11745,CUST-1825,3771.02,Net Banking,Temporary Bank/Network Error,9,0,1,51112.04,1
TXN-11746,CUST-1566,24182.7,Debit Card,Temporary Bank/Network Error,6,1,2,72510.11,1
TXN-11747,CUST-2990,9244.97,Credit Card,Insufficient Funds,8,0,0,138170.57,0
TXN-11748,CUST-2604,3153.96,Net Banking,Payment Gateway Timeout,11,0,3,189537.32,1
TXN-11749,CUST-2526,1790.65,Debit Card,Insufficient Funds,7,0,1,153680.77,0
TXN-11750,CUST-1929,2216.9,UPI,Temporary Bank/Network Error,5,1,2,73494.42,1
TXN-11751,CUST-1207,3797.14,UPI,Insufficient Funds,7,1,1,102049.28,0
TXN-11752,CUST-2325,16112.18,Credit Card,Card Expired,5,0,3,40099.47,0
TXN-11753,CUST-3041,13499.43,Debit Card,Temporary Bank/Network Error,9,0,2,82615.88,1
TXN-11754,CUST-3456,7236.28,UPI,Card Expired,8,1,3,63982.98,0
TXN-11755,CUST-3030,9433.03,Wallet,Insufficient Funds,11,1,5,72574.58,0
TXN-11756,CUST-1116,14781.95,Debit Card,Card Expired,5,1,0,68900.76,0
TXN-11757,CUST-1091,12027.89,Wallet,Temporary Bank/Network Error,6,1,1,72717.5,1
TXN-11758,CUST-2394,5660.54,Credit Card,Temporary Bank/Network Error,4,0,1,83772.95,0
TXN-11759,CUST-3030,13808.86,Net Banking,Card Expired,6,0,3,74618.77,0
TXN-11760,CUST-1529,5643.47,UPI,Insufficient Funds,9,1,1,51260.81,1
TXN-11761,CUST-1240,4438.43,Debit Card,Authentication Failed,8,1,1,78222.64,0
TXN-11762,CUST-3059,5815.88,Debit Card,Temporary Bank/Network Error,6,0,0,45638.6,1
TXN-11763,CUST-2527,8883.26,Wallet,Insufficient Funds,4,0,5,49021.61,0
TXN-11764,CUST-1677,6983.98,UPI,Card Expired,10,0,1,36972.24,0
TXN-11765,CUST-1855,12446.63,Credit Card,Temporary Bank/Network Error,9,1,0,73480.04,1
TXN-11766,CUST-1902,8073.54,Credit Card,Insufficient Funds,4,0,1,71681.82,0
TXN-11767,CUST-3466,5713.56,UPI,Payment Gateway Timeout,11,1,3,43782.08,1
TXN-11768,CUST-1766,7240.76,Credit Card,Payment Gateway Timeout,6,1,1,130044.56,1
TXN-11769,CUST-2261,3523.12,UPI,Temporary Bank/Network Error,9,1,0,83578.05,1
TXN-11770,CUST-2137,15187.38,Debit Card,Authentication Failed,7,1,1,54099.46,0
TXN-11771,CUST-2138,6404.55,Debit Card,Temporary Bank/Network Error,1,0,3,28269.41,0
TXN-11772,CUST-1885,20107.98,Debit Card,Temporary Bank/Network Error,8,1,0,65617.81,1
TXN-11773,CUST-2792,14350.13,Credit Card,Card Expired,8,1,2,119216.35,0
TXN-11774,CUST-1447,13203.09,Wallet,Card Expired,7,1,2,63870.14,0
TXN-11775,CUST-3021,6959.85,Credit Card,Temporary Bank/Network Error,9,1,2,39460.99,1
TXN-11776,CUST-1981,4307.91,Credit Card,Insufficient Funds,9,0,3,28117.44,0
TXN-11777,CUST-1951,5407.81,Credit Card,Payment Gateway Timeout,14,0,1,65837.68,1
TXN-11778,CUST-2738,10619.14,UPI,Payment Gateway Timeout,9,1,5,50261.2,1
TXN-11779,CUST-1669,5710.16,Debit Card,Temporary Bank/Network Error,5,1,0,85778.7,1
TXN-11780,CUST-2372,13424.65,Credit Card,Insufficient Funds,6,0,0,58703.99,0
TXN-11781,CUST-2770,7910.74,Wallet,Payment Gateway Timeout,8,0,2,86895.9,0
TXN-11782,CUST-1507,13043.08,Credit Card,Card Expired,10,1,1,68549.53,1
TXN-11783,CUST-1027,5550.81,UPI,Insufficient Funds,8,1,1,45527.84,0
TXN-11784,CUST-2511,7318.92,Net Banking,Insufficient Funds,10,1,0,129356.66,1
TXN-11785,CUST-2532,12629.16,Credit Card,Payment Gateway Timeout,4,0,0,48525.06,0
TXN-11786,CUST-3186,3427.49,Net Banking,Temporary Bank/Network Error,12,1,3,53098.5,1
TXN-11787,CUST-1862,7860.54,Credit Card,Insufficient Funds,8,1,0,120713.4,1
TXN-11788,CUST-3080,7028.11,Net Banking,Insufficient Funds,6,0,3,52521.13,0
TXN-11789,CUST-1751,10022.62,Credit Card,Temporary Bank/Network Error,12,1,0,90103.35,1
TXN-11790,CUST-1478,15750.82,Debit Card,Authentication Failed,6,1,2,102309.7,0
TXN-11791,CUST-1646,5396.82,UPI,Temporary Bank/Network Error,11,1,0,47055.48,1
TXN-11792,CUST-2932,6025.3,Credit Card,Card Expired,11,0,0,102343.37,0
TXN-11793,CUST-1973,16670.55,Wallet,Card Expired,7,0,0,147091.89,0
TXN-11794,CUST-1392,5375.66,Debit Card,Temporary Bank/Network Error,14,1,1,122817.72,1
TXN-11795,CUST-1163,6448.7,Credit Card,Authentication Failed,10,0,1,59168.64,0
TXN-11796,CUST-2174,13365.73,Net Banking,Authentication Failed,9,1,0,157120.0,1
TXN-11797,CUST-3215,4822.42,Credit Card,Temporary Bank/Network Error,9,0,3,189454.11,1
TXN-11798,CUST-2105,11885.61,Debit Card,Authentication Failed,6,0,0,79122.2,0
TXN-11799,CUST-2985,7319.89,UPI,Temporary Bank/Network Error,11,0,2,174287.34,1
TXN-11800,CUST-3454,4296.69,Debit Card,Insufficient Funds,11,1,4,126954.83,0
TXN-11801,CUST-1425,6869.96,Credit Card,Payment Gateway Timeout,5,0,1,53396.75,0
TXN-11802,CUST-3102,7130.42,Credit Card,Card Expired,8,1,3,135732.54,0
TXN-11803,CUST-1127,5991.92,Debit Card,Temporary Bank/Network Error,11,0,0,84981.86,1
TXN-11804,CUST-1858,4231.38,Credit Card,Temporary Bank/Network Error,13,0,1,83896.73,1
TXN-11805,CUST-2604,10704.58,Wallet,Insufficient Funds,2,1,3,158024.28,0
TXN-11806,CUST-2428,6386.55,UPI,Payment Gateway Timeout,13,0,1,147639.7,1
TXN-11807,CUST-3361,9647.9,Credit Card,Authentication Failed,11,1,1,77690.24,1
TXN-11808,CUST-1560,5946.99,Debit Card,Temporary Bank/Network Error,7,0,0,75801.55,1
TXN-11809,CUST-3161,13487.65,Debit Card,Payment Gateway Timeout,5,1,0,124121.31,1
TXN-11810,CUST-1099,5729.56,Credit Card,Authentication Failed,14,1,3,59524.86,1
TXN-11811,CUST-1219,7560.01,UPI,Insufficient Funds,7,0,0,137562.31,0
TXN-11812,CUST-1519,4256.5,UPI,Temporary Bank/Network Error,6,1,2,32092.56,1
TXN-11813,CUST-3464,14858.04,UPI,Card Expired,3,0,3,60416.15,0
TXN-11814,CUST-2152,15808.19,Debit Card,Temporary Bank/Network Error,10,1,2,85681.16,1
TXN-11815,CUST-1183,13361.28,Debit Card,Temporary Bank/Network Error,4,1,0,62311.97,1
TXN-11816,CUST-2024,9240.66,UPI,Card Expired,7,1,3,61822.29,0
TXN-11817,CUST-1649,7530.9,Credit Card,Authentication Failed,7,0,0,64096.33,0
TXN-11818,CUST-3161,4458.87,Debit Card,Payment Gateway Timeout,14,1,2,35885.81,1
TXN-11819,CUST-2730,6311.74,Credit Card,Payment Gateway Timeout,9,1,1,120782.93,1
TXN-11820,CUST-2222,7001.02,Credit Card,Payment Gateway Timeout,10,0,2,102061.78,1
TXN-11821,CUST-3237,9755.79,UPI,Card Expired,7,1,1,62201.21,0
TXN-11822,CUST-1870,4665.28,Wallet,Temporary Bank/Network Error,8,1,1,74605.24,1
TXN-11823,CUST-2710,7709.18,Credit Card,Payment Gateway Timeout,9,0,1,77482.11,1
TXN-11824,CUST-2731,11454.08,Wallet,Insufficient Funds,5,0,0,44660.87,1
TXN-11825,CUST-3061,7637.8,Credit Card,Payment Gateway Timeout,7,0,2,186285.45,0
TXN-11826,CUST-3117,17844.03,Credit Card,Authentication Failed,5,1,0,180186.3,0
TXN-11827,CUST-1441,9298.91,Debit Card,Temporary Bank/Network Error,9,0,1,59379.01,1
TXN-11828,CUST-2864,4997.87,UPI,Temporary Bank/Network Error,7,1,1,163475.23,1
TXN-11829,CUST-1840,7292.87,UPI,Authentication Failed,6,1,0,90297.09,1
TXN-11830,CUST-1729,4954.55,UPI,Temporary Bank/Network Error,14,1,1,95023.78,1
TXN-11831,CUST-1761,7154.27,Net Banking,Temporary Bank/Network Error,9,1,0,73266.39,1
TXN-11832,CUST-1292,6000.5,Wallet,Insufficient Funds,11,0,2,70864.35,0
TXN-11833,CUST-2704,5846.41,Credit Card,Insufficient Funds,7,1,1,149946.72,0
TXN-11834,CUST-1822,5857.43,Credit Card,Authentication Failed,8,0,1,173366.97,0
TXN-11835,CUST-3322,22244.12,Debit Card,Insufficient Funds,9,1,0,75644.8,1
TXN-11836,CUST-1959,16958.25,Net Banking,Insufficient Funds,7,0,2,73654.85,0
TXN-11837,CUST-1445,4336.73,Debit Card,Insufficient Funds,9,1,1,74660.39,1
TXN-11838,CUST-1812,8424.96,Debit Card,Temporary Bank/Network Error,7,0,1,58779.04,0
TXN-11839,CUST-1688,9320.66,UPI,Insufficient Funds,11,1,1,121202.43,1
TXN-11840,CUST-3471,6317.1,Net Banking,Card Expired,8,0,1,61951.28,0
TXN-11841,CUST-2058,7161.45,Credit Card,Temporary Bank/Network Error,11,0,1,96101.55,1
TXN-11842,CUST-1649,4199.7,Credit Card,Insufficient Funds,9,1,2,45581.13,0
TXN-11843,CUST-2407,2645.53,UPI,Insufficient Funds,5,0,2,125775.65,0
TXN-11844,CUST-2692,3040.52,UPI,Payment Gateway Timeout,7,1,1,69901.83,1
TXN-11845,CUST-2445,23705.08,Wallet,Temporary Bank/Network Error,5,1,1,96290.43,1
TXN-11846,CUST-3122,10452.76,UPI,Insufficient Funds,6,1,0,67757.61,0
TXN-11847,CUST-2914,9620.82,Net Banking,Payment Gateway Timeout,12,1,1,51558.55,1
TXN-11848,CUST-1235,4489.59,Net Banking,Authentication Failed,7,1,1,33270.16,0
TXN-11849,CUST-3490,5976.74,Credit Card,Authentication Failed,4,0,0,38750.37,0
TXN-11850,CUST-3194,7410.93,UPI,Insufficient Funds,10,1,0,52053.32,1
TXN-11851,CUST-2013,6346.65,Net Banking,Temporary Bank/Network Error,10,0,1,154063.5,1
TXN-11852,CUST-2971,9086.46,Credit Card,Insufficient Funds,7,1,1,41973.41,0
TXN-11853,CUST-1572,4381.92,Net Banking,Temporary Bank/Network Error,17,1,0,54642.9,1
TXN-11854,CUST-1131,11902.95,UPI,Temporary Bank/Network Error,7,0,1,78784.7,1
TXN-11855,CUST-1205,6014.93,Credit Card,Temporary Bank/Network Error,6,0,0,147315.64,1
TXN-11856,CUST-1854,14905.38,Debit Card,Temporary Bank/Network Error,12,1,1,61052.6,1
TXN-11857,CUST-3150,2218.7,Debit Card,Temporary Bank/Network Error,7,0,2,71511.87,0
TXN-11858,CUST-1371,17892.36,Debit Card,Temporary Bank/Network Error,2,1,1,101843.88,1
TXN-11859,CUST-2450,2966.64,UPI,Card Expired,13,1,1,110384.33,1
TXN-11860,CUST-2773,10892.81,Wallet,Temporary Bank/Network Error,7,1,1,113173.78,1
TXN-11861,CUST-1059,3741.92,Wallet,Temporary Bank/Network Error,11,0,3,61220.14,1
TXN-11862,CUST-1393,5827.34,Credit Card,Insufficient Funds,8,0,2,73634.16,0
TXN-11863,CUST-1344,1805.22,Net Banking,Payment Gateway Timeout,6,0,1,96051.83,0
TXN-11864,CUST-2669,11388.19,Debit Card,Payment Gateway Timeout,8,0,0,38103.12,1
TXN-11865,CUST-1648,8683.92,UPI,Insufficient Funds,8,1,1,64454.63,1
TXN-11866,CUST-1316,3509.68,UPI,Payment Gateway Timeout,9,1,0,87907.32,1
TXN-11867,CUST-1280,7070.19,Credit Card,Temporary Bank/Network Error,9,1,1,103878.28,1
TXN-11868,CUST-2421,5824.62,Net Banking,Authentication Failed,4,0,1,35576.05,0
TXN-11869,CUST-3445,6590.07,Credit Card,Payment Gateway Timeout,8,0,1,63235.97,1
TXN-11870,CUST-2851,8542.61,Debit Card,Temporary Bank/Network Error,3,1,3,105734.09,0
TXN-11871,CUST-2731,5763.89,UPI,Temporary Bank/Network Error,6,1,1,75132.17,1
TXN-11872,CUST-3429,9763.35,Debit Card,Authentication Failed,4,1,3,97940.19,0
TXN-11873,CUST-3049,8583.97,UPI,Temporary Bank/Network Error,9,0,0,35054.59,1
TXN-11874,CUST-1573,6661.45,Credit Card,Payment Gateway Timeout,7,1,1,102862.71,1
TXN-11875,CUST-2838,7039.81,UPI,Insufficient Funds,10,0,3,143290.16,0
TXN-11876,CUST-1497,9845.22,UPI,Temporary Bank/Network Error,2,0,2,132825.64,0
TXN-11877,CUST-1207,10686.37,UPI,Authentication Failed,6,0,1,61362.34,0
TXN-11878,CUST-1259,5338.93,UPI,Temporary Bank/Network Error,2,1,4,65052.12,0
TXN-11879,CUST-2949,5559.24,Net Banking,Insufficient Funds,7,1,1,68874.29,0
TXN-11880,CUST-2664,6163.28,Debit Card,Authentication Failed,7,0,1,61647.11,0
TXN-11881,CUST-2208,6546.87,UPI,Insufficient Funds,7,1,1,154268.36,1
TXN-11882,CUST-2364,5889.0,Credit Card,Authentication Failed,11,0,0,62862.12,0
TXN-11883,CUST-3358,9406.21,Debit Card,Payment Gateway Timeout,10,1,1,81350.44,1
TXN-11884,CUST-2907,3378.58,Net Banking,Payment Gateway Timeout,11,1,3,55660.84,1
TXN-11885,CUST-3065,18592.87,UPI,Card Expired,4,0,1,58841.01,0
TXN-11886,CUST-2450,4377.96,UPI,Payment Gateway Timeout,10,1,2,110396.32,1
TXN-11887,CUST-3302,3230.01,UPI,Card Expired,5,0,3,92371.72,0
TXN-11888,CUST-2884,15124.79,Net Banking,Insufficient Funds,4,0,1,56965.66,0
TXN-11889,CUST-3270,6178.79,Debit Card,Temporary Bank/Network Error,12,0,1,46294.89,1
TXN-11890,CUST-2838,5048.16,UPI,Temporary Bank/Network Error,13,0,0,36379.26,1
TXN-11891,CUST-2432,7507.9,UPI,Insufficient Funds,9,1,1,42882.36,1
TXN-11892,CUST-1245,9663.17,UPI,Insufficient Funds,5,1,0,72622.4,0
TXN-11893,CUST-3101,10312.83,Wallet,Temporary Bank/Network Error,5,1,1,57716.91,1
TXN-11894,CUST-1566,2794.22,UPI,Temporary Bank/Network Error,5,0,1,46630.53,0
TXN-11895,CUST-2793,14245.77,Credit Card,Temporary Bank/Network Error,5,1,1,60362.76,1
TXN-11896,CUST-1750,3396.86,UPI,Insufficient Funds,4,1,3,128124.81,0
TXN-11897,CUST-2423,17697.74,UPI,Card Expired,9,1,2,40256.65,0
TXN-11898,CUST-3175,5141.93,Net Banking,Temporary Bank/Network Error,9,0,3,97867.2,1
TXN-11899,CUST-1289,11517.05,UPI,Card Expired,6,0,3,170977.97,0
TXN-11900,CUST-1076,4471.75,Credit Card,Temporary Bank/Network Error,6,0,1,28112.77,0
TXN-11901,CUST-2929,11390.92,Wallet,Payment Gateway Timeout,9,1,5,47465.13,1
TXN-11902,CUST-2397,5492.9,UPI,Payment Gateway Timeout,8,0,2,69341.08,0
TXN-11903,CUST-2912,8299.59,UPI,Payment Gateway Timeout,10,1,0,102617.94,1
TXN-11904,CUST-1405,12700.12,Net Banking,Card Expired,6,1,1,77754.16,0
TXN-11905,CUST-1057,5310.85,Credit Card,Temporary Bank/Network Error,6,1,1,68280.61,1
TXN-11906,CUST-3115,18218.69,Credit Card,Card Expired,12,0,3,99175.94,0
TXN-11907,CUST-1105,10903.31,Credit Card,Payment Gateway Timeout,9,0,2,114114.48,1
TXN-11908,CUST-3229,6540.55,UPI,Temporary Bank/Network Error,6,0,3,57571.09,0
TXN-11909,CUST-1361,5848.34,UPI,Insufficient Funds,7,0,2,62481.94,0
TXN-11910,CUST-1631,11878.01,Debit Card,Temporary Bank/Network Error,4,1,0,174329.59,1
TXN-11911,CUST-1767,4825.94,UPI,Payment Gateway Timeout,11,0,1,46048.23,1
TXN-11912,CUST-1463,2765.4,Credit Card,Insufficient Funds,8,1,0,41191.31,1
TXN-11913,CUST-1245,7240.64,UPI,Insufficient Funds,11,0,3,158938.9,0
TXN-11914,CUST-1663,6201.24,Credit Card,Payment Gateway Timeout,7,1,0,130405.16,1
TXN-11915,CUST-2189,7101.6,Debit Card,Insufficient Funds,4,0,1,166661.92,0
TXN-11916,CUST-2864,9785.24,Credit Card,Payment Gateway Timeout,11,1,1,61426.33,1
TXN-11917,CUST-2472,4984.55,UPI,Payment Gateway Timeout,8,1,1,67001.34,1
TXN-11918,CUST-2693,16894.27,UPI,Payment Gateway Timeout,7,1,0,94053.7,1
TXN-11919,CUST-2856,11355.01,UPI,Temporary Bank/Network Error,8,1,2,17388.82,1
TXN-11920,CUST-1971,7007.57,Debit Card,Temporary Bank/Network Error,7,1,0,49676.55,1
TXN-11921,CUST-3076,7190.37,Debit Card,Authentication Failed,11,1,1,136266.27,1
TXN-11922,CUST-1064,7311.06,Credit Card,Temporary Bank/Network Error,12,0,1,69098.14,1
TXN-11923,CUST-2741,3917.37,Wallet,Temporary Bank/Network Error,7,1,2,50927.35,1
TXN-11924,CUST-1856,14187.31,UPI,Authentication Failed,10,1,2,112262.72,1
TXN-11925,CUST-1757,8337.62,Credit Card,Insufficient Funds,4,1,1,74498.02,0
TXN-11926,CUST-1214,3440.16,UPI,Payment Gateway Timeout,9,1,2,150978.58,1
TXN-11927,CUST-1227,5051.09,Credit Card,Insufficient Funds,9,1,2,43047.62,0
TXN-11928,CUST-2734,4264.06,Credit Card,Card Expired,6,0,1,76437.44,0
TXN-11929,CUST-1106,7104.8,Credit Card,Authentication Failed,5,0,3,36549.67,0
TXN-11930,CUST-2994,7954.12,UPI,Insufficient Funds,9,1,0,103324.84,1
TXN-11931,CUST-2496,5042.42,Credit Card,Temporary Bank/Network Error,8,0,1,91572.04,1
TXN-11932,CUST-2550,7749.22,UPI,Insufficient Funds,4,1,1,79985.3,0
TXN-11933,CUST-1038,9735.08,Net Banking,Payment Gateway Timeout,5,0,2,36295.5,0
TXN-11934,CUST-1343,3254.15,Wallet,Temporary Bank/Network Error,8,1,3,109144.11,1
TXN-11935,CUST-2922,10374.39,UPI,Authentication Failed,6,0,4,74989.57,0
TXN-11936,CUST-2994,11118.8,UPI,Authentication Failed,9,0,4,55948.43,0
TXN-11937,CUST-3424,8205.22,Wallet,Insufficient Funds,6,1,3,98872.21,0
TXN-11938,CUST-3348,6867.27,Wallet,Payment Gateway Timeout,11,1,5,55776.19,1
TXN-11939,CUST-2336,7735.14,Credit Card,Payment Gateway Timeout,13,1,2,99086.81,1
TXN-11940,CUST-2361,2803.12,UPI,Temporary Bank/Network Error,6,0,3,117299.71,0
TXN-11941,CUST-3270,12559.16,Net Banking,Insufficient Funds,7,0,2,267972.77,0
TXN-11942,CUST-1483,4003.91,Net Banking,Authentication Failed,12,0,0,79927.66,0
TXN-11943,CUST-2869,7059.61,Debit Card,Payment Gateway Timeout,9,1,2,57674.92,1
TXN-11944,CUST-1068,5265.99,UPI,Temporary Bank/Network Error,14,0,1,53733.52,1
TXN-11945,CUST-1746,8691.45,UPI,Card Expired,10,0,2,58875.8,0
TXN-11946,CUST-3149,9601.13,Wallet,Insufficient Funds,12,0,1,72030.16,0
TXN-11947,CUST-1465,3904.69,Debit Card,Payment Gateway Timeout,14,1,2,67177.8,1
TXN-11948,CUST-1682,6910.93,Debit Card,Authentication Failed,11,0,1,73313.31,0
TXN-11949,CUST-3340,15610.67,Credit Card,Payment Gateway Timeout,9,0,1,52630.63,1
TXN-11950,CUST-2045,4631.81,UPI,Authentication Failed,11,1,0,74622.16,1
TXN-11951,CUST-3215,8704.48,UPI,Temporary Bank/Network Error,8,0,0,172806.66,1
TXN-11952,CUST-2358,10254.97,Credit Card,Insufficient Funds,9,1,1,267300.97,1
TXN-11953,CUST-1650,8984.77,Net Banking,Card Expired,6,0,1,155994.89,0
TXN-11954,CUST-1072,9205.01,Debit Card,Card Expired,8,1,2,163434.75,0
TXN-11955,CUST-2365,4621.19,Net Banking,Authentication Failed,5,1,3,37745.59,0
TXN-11956,CUST-1076,3544.6,Credit Card,Insufficient Funds,12,1,2,50796.13,1
TXN-11957,CUST-3117,9412.82,UPI,Card Expired,5,1,0,55207.05,0
TXN-11958,CUST-2651,10782.67,Net Banking,Authentication Failed,7,0,0,73054.68,0
TXN-11959,CUST-3327,5152.96,UPI,Insufficient Funds,13,1,4,129880.81,1
TXN-11960,CUST-3061,6996.48,Credit Card,Insufficient Funds,9,0,1,71791.52,0
TXN-11961,CUST-1241,3828.16,Credit Card,Authentication Failed,9,0,1,163086.07,0
TXN-11962,CUST-1003,4968.23,Wallet,Temporary Bank/Network Error,12,1,1,67157.66,1
TXN-11963,CUST-1447,6460.71,Credit Card,Temporary Bank/Network Error,4,0,0,43731.62,0
TXN-11964,CUST-2951,8749.86,Credit Card,Authentication Failed,5,0,1,51758.82,0
TXN-11965,CUST-1796,4742.07,Debit Card,Temporary Bank/Network Error,7,0,2,45693.35,0
TXN-11966,CUST-1340,9097.05,Credit Card,Authentication Failed,11,1,0,41502.66,1
TXN-11967,CUST-1623,3859.57,Net Banking,Card Expired,8,1,1,65636.04,0
TXN-11968,CUST-2142,11048.17,Wallet,Insufficient Funds,6,0,1,152511.71,0
TXN-11969,CUST-2070,9251.62,Credit Card,Insufficient Funds,4,0,1,89276.82,0
TXN-11970,CUST-1477,5154.54,UPI,Insufficient Funds,10,1,1,83578.35,1
TXN-11971,CUST-3116,7798.31,Wallet,Authentication Failed,6,0,0,145114.55,0
TXN-11972,CUST-2631,5917.59,UPI,Authentication Failed,8,0,0,67979.06,0
TXN-11973,CUST-2348,5450.32,Net Banking,Authentication Failed,5,0,1,99951.14,0
TXN-11974,CUST-2716,13222.44,Debit Card,Temporary Bank/Network Error,4,0,3,58723.02,0
TXN-11975,CUST-1098,4739.39,Wallet,Card Expired,12,1,0,67315.0,1
TXN-11976,CUST-2326,10035.32,UPI,Insufficient Funds,5,1,2,79787.33,0
TXN-11977,CUST-2989,4056.04,UPI,Temporary Bank/Network Error,9,0,1,58331.42,1
TXN-11978,CUST-1098,7345.36,Debit Card,Authentication Failed,6,1,2,66037.61,0
TXN-11979,CUST-2214,4417.41,Wallet,Temporary Bank/Network Error,4,1,1,68174.02,1
TXN-11980,CUST-1307,9847.16,Debit Card,Temporary Bank/Network Error,8,0,1,238848.46,1
TXN-11981,CUST-2873,17154.95,Wallet,Payment Gateway Timeout,8,1,1,31621.92,1
TXN-11982,CUST-2546,8354.02,Wallet,Temporary Bank/Network Error,9,1,3,75364.71,1
TXN-11983,CUST-3153,7316.5,UPI,Insufficient Funds,13,1,1,103429.78,1
TXN-11984,CUST-1413,8320.81,UPI,Temporary Bank/Network Error,6,1,1,33897.15,1
TXN-11985,CUST-1833,2369.13,UPI,Payment Gateway Timeout,9,1,1,66022.97,1
TXN-11986,CUST-2145,11451.87,Credit Card,Temporary Bank/Network Error,8,0,0,51054.68,1
TXN-11987,CUST-1179,15050.05,Credit Card,Payment Gateway Timeout,12,1,0,54049.9,1
TXN-11988,CUST-1509,6861.88,Credit Card,Insufficient Funds,7,1,1,92172.09,0
TXN-11989,CUST-1454,6803.33,Wallet,Insufficient Funds,11,1,1,103068.07,1
TXN-11990,CUST-1060,9964.48,UPI,Temporary Bank/Network Error,11,1,2,31860.76,1
TXN-11991,CUST-1871,8927.35,UPI,Payment Gateway Timeout,9,0,1,93032.47,1
TXN-11992,CUST-3359,2794.66,Net Banking,Insufficient Funds,8,0,1,36848.25,0
TXN-11993,CUST-3301,4636.31,UPI,Temporary Bank/Network Error,8,1,2,65866.01,1
TXN-11994,CUST-2872,15861.81,Net Banking,Insufficient Funds,14,1,2,136023.78,1
TXN-11995,CUST-1853,5254.84,UPI,Insufficient Funds,8,1,2,120231.0,0
TXN-11996,CUST-2327,16704.02,Credit Card,Temporary Bank/Network Error,8,0,3,23269.22,0
TXN-11997,CUST-2795,8244.17,UPI,Authentication Failed,7,1,4,65594.47,0
TXN-11998,CUST-3006,7072.15,Debit Card,Card Expired,7,1,6,57097.55,0
TXN-11999,CUST-1353,5280.29,Debit Card,Insufficient Funds,4,1,3,92942.51,0
TXN-12000,CUST-1998,9055.08,UPI,Card Expired,12,1,0,102161.84,1
TXN-12001,CUST-1554,4816.85,UPI,Authentication Failed,8,0,1,96564.56,0
TXN-12002,CUST-1480,7630.09,UPI,Payment Gateway Timeout,6,1,1,98185.9,1
TXN-12003,CUST-2453,5536.07,Debit Card,Insufficient Funds,11,0,1,32352.16,0
TXN-12004,CUST-1763,2556.33,Credit Card,Payment Gateway Timeout,8,1,2,61580.49,1
TXN-12005,CUST-1852,10017.31,UPI,Authentication Failed,6,0,0,32177.53,0
TXN-12006,CUST-3457,5534.58,Net Banking,Payment Gateway Timeout,13,0,0,88933.41,1
TXN-12007,CUST-2363,8589.89,UPI,Insufficient Funds,7,1,1,30664.27,0
TXN-12008,CUST-1659,7918.19,UPI,Card Expired,5,0,1,146414.53,0
TXN-12009,CUST-2550,12737.09,Wallet,Temporary Bank/Network Error,5,0,2,80365.47,0
TXN-12010,CUST-1521,4470.85,Credit Card,Temporary Bank/Network Error,10,1,0,72080.22,1
TXN-12011,CUST-2464,11791.36,UPI,Temporary Bank/Network Error,4,0,1,94783.6,0
TXN-12012,CUST-2387,3300.77,Debit Card,Card Expired,10,0,2,33152.32,0
TXN-12013,CUST-2201,13038.52,UPI,Insufficient Funds,4,0,0,69994.57,0
TXN-12014,CUST-1606,6623.54,Debit Card,Temporary Bank/Network Error,7,1,3,92597.06,1
TXN-12015,CUST-1248,11425.3,Credit Card,Authentication Failed,9,1,2,85159.72,0
TXN-12016,CUST-3231,8003.63,UPI,Payment Gateway Timeout,7,0,0,81873.17,1
TXN-12017,CUST-2853,5681.31,Debit Card,Temporary Bank/Network Error,12,1,2,153652.38,1
TXN-12018,CUST-2742,9619.53,UPI,Temporary Bank/Network Error,11,0,1,54505.88,1
TXN-12019,CUST-1849,7061.5,Wallet,Insufficient Funds,7,1,1,161450.7,0
TXN-12020,CUST-1045,6512.19,UPI,Authentication Failed,3,0,1,80447.99,0
TXN-12021,CUST-3276,4701.89,Net Banking,Temporary Bank/Network Error,12,1,1,177068.04,1
TXN-12022,CUST-2277,9438.23,Debit Card,Temporary Bank/Network Error,8,1,4,45890.82,1
TXN-12023,CUST-3413,3044.0,Credit Card,Authentication Failed,4,1,1,71510.61,0
TXN-12024,CUST-3104,9110.63,Net Banking,Insufficient Funds,6,0,1,83723.47,0
TXN-12025,CUST-1637,7398.77,UPI,Insufficient Funds,5,0,1,52967.0,0
TXN-12026,CUST-2199,12810.92,Debit Card,Insufficient Funds,7,0,2,57808.07,0
TXN-12027,CUST-2143,3637.71,UPI,Payment Gateway Timeout,9,1,3,125223.41,1
TXN-12028,CUST-3050,2633.79,Net Banking,Authentication Failed,4,1,2,133281.64,0
TXN-12029,CUST-2897,6856.68,Credit Card,Insufficient Funds,8,0,1,83183.02,0
TXN-12030,CUST-1494,7982.91,Net Banking,Temporary Bank/Network Error,12,0,2,66204.07,1
TXN-12031,CUST-2488,4568.88,UPI,Temporary Bank/Network Error,4,0,2,80375.41,0
TXN-12032,CUST-3418,6165.46,Net Banking,Authentication Failed,7,0,2,36401.35,0
TXN-12033,CUST-1522,10284.94,Credit Card,Temporary Bank/Network Error,8,1,4,108298.49,1
TXN-12034,CUST-1561,6221.91,UPI,Payment Gateway Timeout,7,1,2,81097.83,1
TXN-12035,CUST-2824,6298.75,Credit Card,Payment Gateway Timeout,7,1,1,54897.1,1
TXN-12036,CUST-1778,4856.29,UPI,Payment Gateway Timeout,10,1,2,74604.76,1
TXN-12037,CUST-1326,3926.58,UPI,Payment Gateway Timeout,8,1,1,35951.89,1
TXN-12038,CUST-1692,1773.34,Credit Card,Insufficient Funds,9,0,2,95733.48,0
TXN-12039,CUST-1662,7429.41,Debit Card,Payment Gateway Timeout,8,1,1,165869.98,1
TXN-12040,CUST-2952,6051.09,UPI,Insufficient Funds,12,0,1,93487.24,0
TXN-12041,CUST-2695,4193.22,UPI,Card Expired,8,1,2,109620.92,0
TXN-12042,CUST-3083,3424.28,UPI,Insufficient Funds,13,1,2,72542.69,1
TXN-12043,CUST-2270,5359.45,UPI,Authentication Failed,8,1,3,129377.4,0
TXN-12044,CUST-2533,13957.49,UPI,Payment Gateway Timeout,5,1,4,105013.68,0
TXN-12045,CUST-2323,7802.53,Debit Card,Payment Gateway Timeout,11,0,2,130836.8,1
TXN-12046,CUST-2717,5980.75,Debit Card,Temporary Bank/Network Error,11,1,1,137421.2,1
TXN-12047,CUST-1792,8510.7,UPI,Payment Gateway Timeout,12,0,3,56864.22,1
TXN-12048,CUST-3140,11281.6,UPI,Card Expired,3,1,1,73120.61,0
TXN-12049,CUST-2450,9549.71,Debit Card,Temporary Bank/Network Error,11,0,2,168308.2,1
TXN-12050,CUST-3151,12529.72,UPI,Authentication Failed,9,0,3,123246.28,0
TXN-12051,CUST-2366,13560.24,Credit Card,Authentication Failed,5,1,1,41902.86,0
TXN-12052,CUST-3347,4863.18,Debit Card,Payment Gateway Timeout,6,1,0,77768.09,1
TXN-12053,CUST-1932,5491.67,Debit Card,Payment Gateway Timeout,7,0,1,88807.11,0
TXN-12054,CUST-1976,5632.62,UPI,Card Expired,8,0,1,52492.27,0
TXN-12055,CUST-3353,8469.56,Net Banking,Card Expired,7,1,0,111047.2,0
TXN-12056,CUST-1107,8450.32,UPI,Authentication Failed,10,1,0,291552.21,1
TXN-12057,CUST-3027,5477.95,UPI,Temporary Bank/Network Error,7,1,3,26968.78,1
TXN-12058,CUST-2120,12482.3,Debit Card,Authentication Failed,5,1,1,143529.12,0
TXN-12059,CUST-2244,14564.24,Wallet,Payment Gateway Timeout,7,0,2,35142.08,0
TXN-12060,CUST-1341,9705.69,Net Banking,Temporary Bank/Network Error,5,1,3,96830.66,1
TXN-12061,CUST-2399,10320.45,UPI,Temporary Bank/Network Error,7,1,1,74009.38,1
TXN-12062,CUST-2741,8397.3,Debit Card,Temporary Bank/Network Error,8,0,1,89115.59,1
TXN-12063,CUST-2749,2708.73,Credit Card,Authentication Failed,11,0,1,124264.9,0
TXN-12064,CUST-1079,6662.93,UPI,Payment Gateway Timeout,14,0,0,68472.37,1
TXN-12065,CUST-1433,13718.97,Credit Card,Temporary Bank/Network Error,10,1,2,80549.91,1
TXN-12066,CUST-2999,2061.48,Credit Card,Payment Gateway Timeout,7,1,4,44082.26,1
TXN-12067,CUST-2569,20966.82,Debit Card,Insufficient Funds,5,0,4,154146.61,0
TXN-12068,CUST-1862,5154.95,UPI,Temporary Bank/Network Error,5,0,1,78634.41,0
TXN-12069,CUST-2300,8302.46,Debit Card,Authentication Failed,8,1,2,51818.14,0
TXN-12070,CUST-1916,8694.93,UPI,Temporary Bank/Network Error,11,1,3,71152.29,1
TXN-12071,CUST-3448,4483.71,Credit Card,Temporary Bank/Network Error,7,1,0,53146.13,1
TXN-12072,CUST-1489,6579.43,UPI,Card Expired,10,1,3,63038.79,0
TXN-12073,CUST-1694,9234.53,Credit Card,Authentication Failed,8,1,2,73923.94,0
TXN-12074,CUST-1557,16666.03,Credit Card,Temporary Bank/Network Error,7,1,0,80522.66,1
TXN-12075,CUST-3180,5136.32,Credit Card,Authentication Failed,10,1,1,109370.25,1
TXN-12076,CUST-3049,11268.79,Debit Card,Temporary Bank/Network Error,5,0,1,84500.61,0
TXN-12077,CUST-3188,6917.12,Net Banking,Insufficient Funds,7,1,1,70862.35,0
TXN-12078,CUST-2640,4741.22,Debit Card,Insufficient Funds,6,0,0,118582.94,0
TXN-12079,CUST-3202,2826.61,UPI,Temporary Bank/Network Error,10,1,3,88777.2,1
TXN-12080,CUST-3118,5418.16,Debit Card,Payment Gateway Timeout,7,0,1,69716.28,0
TXN-12081,CUST-2882,5133.17,UPI,Card Expired,6,0,1,202754.12,0
TXN-12082,CUST-3258,10300.24,UPI,Authentication Failed,7,1,3,116528.98,0
TXN-12083,CUST-2843,5868.8,Net Banking,Payment Gateway Timeout,8,1,1,171897.45,1
TXN-12084,CUST-1987,10174.72,UPI,Temporary Bank/Network Error,12,1,2,141506.01,1
TXN-12085,CUST-2597,10873.75,Debit Card,Authentication Failed,4,1,2,178730.46,0
TXN-12086,CUST-1078,2652.46,Debit Card,Authentication Failed,12,0,1,89318.44,0
TXN-12087,CUST-2770,13662.14,Wallet,Payment Gateway Timeout,9,0,4,109972.22,0
TXN-12088,CUST-3125,4484.19,Net Banking,Payment Gateway Timeout,9,1,3,26119.19,1
TXN-12089,CUST-2062,10816.16,Wallet,Insufficient Funds,10,1,0,28596.69,1
TXN-12090,CUST-1901,8551.48,UPI,Authentication Failed,6,1,2,108560.31,0
TXN-12091,CUST-2927,9854.44,UPI,Insufficient Funds,7,1,2,220645.49,1
TXN-12092,CUST-1120,6631.73,Credit Card,Temporary Bank/Network Error,9,0,1,122609.09,1
TXN-12093,CUST-1995,5724.01,Debit Card,Temporary Bank/Network Error,9,1,1,40501.31,1
TXN-12094,CUST-1745,5388.42,Credit Card,Insufficient Funds,8,1,2,75276.82,0
TXN-12095,CUST-1246,2071.23,Debit Card,Temporary Bank/Network Error,7,1,3,88332.71,1
TXN-12096,CUST-3455,13449.25,Debit Card,Temporary Bank/Network Error,8,0,1,80670.63,1
TXN-12097,CUST-2452,5372.66,Wallet,Payment Gateway Timeout,12,1,1,69370.71,1
TXN-12098,CUST-2412,19127.17,UPI,Authentication Failed,7,0,1,138947.12,0
TXN-12099,CUST-3182,3729.51,Credit Card,Payment Gateway Timeout,5,1,0,63685.17,1
TXN-12100,CUST-1939,6992.89,Debit Card,Authentication Failed,9,1,0,248033.1,1
TXN-12101,CUST-2118,4842.74,UPI,Card Expired,10,1,1,94832.26,1
TXN-12102,CUST-3403,5806.49,Credit Card,Payment Gateway Timeout,12,1,3,37337.54,1
TXN-12103,CUST-1867,7917.45,Credit Card,Payment Gateway Timeout,13,1,2,41425.38,1
TXN-12104,CUST-3433,5502.73,UPI,Card Expired,7,1,2,191534.06,0
TXN-12105,CUST-2917,6616.4,Credit Card,Payment Gateway Timeout,3,1,1,109811.2,1
TXN-12106,CUST-1703,5274.94,UPI,Insufficient Funds,8,1,2,50313.84,0
TXN-12107,CUST-2423,4092.02,UPI,Temporary Bank/Network Error,8,1,1,103993.61,1
TXN-12108,CUST-1506,9154.66,Net Banking,Authentication Failed,6,1,0,43719.35,0
TXN-12109,CUST-1607,2936.75,UPI,Temporary Bank/Network Error,7,1,3,118630.42,1
TXN-12110,CUST-3109,6560.62,UPI,Temporary Bank/Network Error,8,0,1,56251.03,1
TXN-12111,CUST-2224,5400.77,Net Banking,Temporary Bank/Network Error,8,0,1,43933.46,1
TXN-12112,CUST-3194,6458.66,Debit Card,Authentication Failed,7,0,2,31092.21,0
TXN-12113,CUST-1524,11094.78,Net Banking,Payment Gateway Timeout,10,0,2,141878.71,1
TXN-12114,CUST-1456,9582.28,UPI,Authentication Failed,10,1,1,164994.48,1
TXN-12115,CUST-1651,5600.94,UPI,Payment Gateway Timeout,6,0,1,159183.17,1
TXN-12116,CUST-3331,9938.1,Debit Card,Insufficient Funds,3,1,0,189389.99,0
TXN-12117,CUST-3034,11203.5,Credit Card,Card Expired,10,0,0,82066.76,0
TXN-12118,CUST-3391,6216.47,Debit Card,Temporary Bank/Network Error,10,1,0,82906.11,1
TXN-12119,CUST-2250,4355.63,Debit Card,Temporary Bank/Network Error,7,1,3,80814.27,1
TXN-12120,CUST-1927,7264.72,Credit Card,Authentication Failed,7,1,1,122003.44,1
TXN-12121,CUST-1383,7936.99,UPI,Payment Gateway Timeout,11,1,0,108146.53,1
TXN-12122,CUST-1628,3294.85,Debit Card,Temporary Bank/Network Error,9,1,2,137457.6,1
TXN-12123,CUST-1848,3502.63,Net Banking,Authentication Failed,8,0,3,212935.44,0
TXN-12124,CUST-1332,3564.41,Debit Card,Authentication Failed,12,1,0,62499.56,1
TXN-12125,CUST-3344,12525.66,UPI,Insufficient Funds,3,1,0,82757.98,0
TXN-12126,CUST-2733,6614.5,Debit Card,Payment Gateway Timeout,6,0,2,42762.99,0
TXN-12127,CUST-2781,8554.56,Debit Card,Authentication Failed,8,1,2,96268.89,0
TXN-12128,CUST-1335,2735.24,Debit Card,Authentication Failed,10,1,0,42569.24,1
TXN-12129,CUST-3068,9537.91,Wallet,Temporary Bank/Network Error,9,1,1,37509.44,1
TXN-12130,CUST-2559,13399.1,UPI,Authentication Failed,8,1,1,30117.27,1
TXN-12131,CUST-1871,11761.47,Credit Card,Payment Gateway Timeout,5,0,2,53696.46,0
TXN-12132,CUST-1690,9813.32,Net Banking,Authentication Failed,14,0,2,130214.62,0
TXN-12133,CUST-1701,5009.39,Net Banking,Temporary Bank/Network Error,13,0,0,149553.7,1
TXN-12134,CUST-1598,7499.85,UPI,Authentication Failed,7,1,1,80944.25,1
TXN-12135,CUST-3328,5819.98,UPI,Temporary Bank/Network Error,2,0,1,38700.29,0
TXN-12136,CUST-2554,7737.98,Net Banking,Temporary Bank/Network Error,5,1,0,87248.92,1
TXN-12137,CUST-1864,2368.09,Wallet,Card Expired,4,0,2,96058.49,0
TXN-12138,CUST-1692,4078.69,Debit Card,Temporary Bank/Network Error,8,0,2,135090.54,1
TXN-12139,CUST-2864,8806.52,UPI,Insufficient Funds,7,0,2,48166.93,0
TXN-12140,CUST-3336,9549.01,Credit Card,Insufficient Funds,5,1,2,73080.5,0
TXN-12141,CUST-2063,6051.48,Credit Card,Temporary Bank/Network Error,9,0,2,97061.38,1
TXN-12142,CUST-2733,9226.17,Credit Card,Temporary Bank/Network Error,3,1,3,54856.07,0
TXN-12143,CUST-1204,6068.67,Wallet,Payment Gateway Timeout,7,0,0,63214.31,1
TXN-12144,CUST-2627,10084.35,Debit Card,Authentication Failed,14,1,0,61811.06,1
TXN-12145,CUST-3045,16056.83,Credit Card,Authentication Failed,12,1,0,179192.46,1
TXN-12146,CUST-2814,5807.34,Debit Card,Payment Gateway Timeout,7,0,5,64080.17,0
TXN-12147,CUST-1904,4935.47,UPI,Card Expired,12,1,3,213616.0,1
TXN-12148,CUST-3459,14459.55,Wallet,Authentication Failed,10,1,3,79606.49,0
TXN-12149,CUST-3366,9931.77,Wallet,Temporary Bank/Network Error,8,0,0,193285.82,1
TXN-12150,CUST-2965,9517.05,Credit Card,Authentication Failed,8,1,0,95219.14,1
TXN-12151,CUST-3244,3951.99,UPI,Insufficient Funds,12,1,1,83061.7,1
TXN-12152,CUST-3022,6658.99,Credit Card,Payment Gateway Timeout,11,1,1,74119.99,1
TXN-12153,CUST-3484,7430.81,UPI,Temporary Bank/Network Error,14,0,0,78972.02,1
TXN-12154,CUST-2187,19718.48,Debit Card,Payment Gateway Timeout,7,1,2,113109.71,1
TXN-12155,CUST-3153,4711.61,Credit Card,Payment Gateway Timeout,5,0,0,179404.35,1
TXN-12156,CUST-3033,2167.39,UPI,Insufficient Funds,7,0,2,59773.86,0
TXN-12157,CUST-2752,10568.84,UPI,Card Expired,10,1,1,70234.06,1
TXN-12158,CUST-1492,3450.47,Net Banking,Card Expired,10,1,3,51035.99,0
TXN-12159,CUST-2659,8058.91,Wallet,Temporary Bank/Network Error,5,0,0,149052.43,1
TXN-12160,CUST-1725,8350.23,Credit Card,Payment Gateway Timeout,11,0,3,51002.38,1
TXN-12161,CUST-2056,4217.54,UPI,Temporary Bank/Network Error,6,0,3,82936.86,0
TXN-12162,CUST-2448,7245.55,Debit Card,Temporary Bank/Network Error,11,1,1,24944.72,1
TXN-12163,CUST-1474,4451.47,Wallet,Insufficient Funds,10,1,2,148175.54,1
TXN-12164,CUST-2063,8854.52,UPI,Temporary Bank/Network Error,8,0,0,78720.46,1
TXN-12165,CUST-1108,5462.06,Wallet,Temporary Bank/Network Error,8,1,3,39402.36,1
TXN-12166,CUST-2079,2319.92,UPI,Card Expired,10,1,2,30073.48,0
TXN-12167,CUST-1228,8436.78,UPI,Temporary Bank/Network Error,5,1,2,38556.31,1
TXN-12168,CUST-2937,3309.38,UPI,Insufficient Funds,12,0,0,43058.91,1
TXN-12169,CUST-3169,7512.16,UPI,Temporary Bank/Network Error,7,0,1,32830.79,1
TXN-12170,CUST-1848,3816.46,Debit Card,Temporary Bank/Network Error,4,1,2,84058.65,1
TXN-12171,CUST-2679,7857.05,Credit Card,Payment Gateway Timeout,9,1,2,77739.36,1
TXN-12172,CUST-2126,7553.03,Credit Card,Temporary Bank/Network Error,5,1,3,74035.57,1
TXN-12173,CUST-2600,8672.92,Credit Card,Temporary Bank/Network Error,6,0,3,40038.65,0
TXN-12174,CUST-3416,5435.99,Net Banking,Authentication Failed,12,1,0,131661.48,1
TXN-12175,CUST-2847,7042.49,Net Banking,Authentication Failed,6,1,1,60213.34,0
TXN-12176,CUST-3226,7101.41,UPI,Payment Gateway Timeout,5,0,2,71510.55,0
TXN-12177,CUST-2878,13911.29,Credit Card,Payment Gateway Timeout,8,0,1,70794.9,1
TXN-12178,CUST-2853,10058.55,UPI,Insufficient Funds,8,1,1,64979.69,0
TXN-12179,CUST-3107,2405.17,Credit Card,Insufficient Funds,5,1,1,58091.68,0
TXN-12180,CUST-2909,6516.68,Net Banking,Temporary Bank/Network Error,11,1,0,56118.51,1
TXN-12181,CUST-1290,3802.77,Debit Card,Temporary Bank/Network Error,10,0,1,67246.83,1
TXN-12182,CUST-2064,10684.24,Net Banking,Card Expired,13,0,2,60630.7,0
TXN-12183,CUST-3028,3749.99,UPI,Authentication Failed,8,1,2,46540.28,0
TXN-12184,CUST-1080,4439.33,Net Banking,Insufficient Funds,5,1,3,64859.8,0
TXN-12185,CUST-1746,5277.51,UPI,Temporary Bank/Network Error,4,0,0,69042.34,0
TXN-12186,CUST-3178,1747.18,Credit Card,Temporary Bank/Network Error,3,1,0,122602.58,1
TXN-12187,CUST-3163,6951.75,UPI,Temporary Bank/Network Error,7,1,1,66921.02,1
TXN-12188,CUST-2858,13819.25,Credit Card,Payment Gateway Timeout,9,1,2,133625.45,1
TXN-12189,CUST-2978,6292.47,UPI,Authentication Failed,10,0,0,127151.14,0
TXN-12190,CUST-1635,11370.21,UPI,Authentication Failed,6,1,1,98126.02,0
TXN-12191,CUST-1216,5489.4,Debit Card,Authentication Failed,4,1,0,59989.51,0
TXN-12192,CUST-1501,4097.12,UPI,Payment Gateway Timeout,10,1,1,45975.87,1
TXN-12193,CUST-3362,6887.01,Net Banking,Authentication Failed,11,1,1,91076.19,1
TXN-12194,CUST-2145,8870.75,Wallet,Payment Gateway Timeout,9,1,3,54398.11,1
TXN-12195,CUST-1343,8076.24,Wallet,Card Expired,10,1,3,53823.74,0
TXN-12196,CUST-1988,7766.58,Debit Card,Authentication Failed,8,1,0,71307.12,1
TXN-12197,CUST-2577,9390.02,UPI,Temporary Bank/Network Error,11,1,1,52111.55,1
TXN-12198,CUST-2927,7666.85,Credit Card,Temporary Bank/Network Error,7,0,3,58446.46,0
TXN-12199,CUST-1038,4837.97,Debit Card,Card Expired,6,1,0,39747.21,0
TXN-12200,CUST-1717,5330.92,Credit Card,Authentication Failed,5,0,1,72558.48,0
TXN-12201,CUST-2808,5786.79,Debit Card,Temporary Bank/Network Error,8,0,2,79177.7,1
TXN-12202,CUST-2623,8163.15,UPI,Temporary Bank/Network Error,4,1,1,141601.59,1
TXN-12203,CUST-1707,16565.27,UPI,Temporary Bank/Network Error,8,0,4,81014.98,0
TXN-12204,CUST-1762,4597.62,Debit Card,Payment Gateway Timeout,8,1,0,86731.45,1
TXN-12205,CUST-1368,14025.12,Net Banking,Temporary Bank/Network Error,10,0,5,135403.8,0
TXN-12206,CUST-2864,5745.92,UPI,Insufficient Funds,9,1,3,63066.17,0
TXN-12207,CUST-1327,9629.48,UPI,Temporary Bank/Network Error,10,1,2,32234.13,1
TXN-12208,CUST-1578,9828.41,Credit Card,Temporary Bank/Network Error,9,0,0,65155.56,1
TXN-12209,CUST-2262,6002.65,Debit Card,Card Expired,6,0,0,42667.8,0
TXN-12210,CUST-3030,11822.47,Wallet,Card Expired,20,1,2,70231.8,1
TXN-12211,CUST-2932,5288.84,UPI,Authentication Failed,7,0,2,120331.41,0
TXN-12212,CUST-3422,11133.12,Debit Card,Authentication Failed,8,0,1,76118.61,0
TXN-12213,CUST-2916,2764.99,Credit Card,Temporary Bank/Network Error,14,1,1,90046.56,1
TXN-12214,CUST-3351,15541.73,Net Banking,Insufficient Funds,10,0,1,58985.02,0
TXN-12215,CUST-1685,11504.83,Debit Card,Card Expired,11,0,1,112753.36,0
TXN-12216,CUST-2637,14612.74,Credit Card,Payment Gateway Timeout,11,0,3,65971.95,1
TXN-12217,CUST-3099,3845.61,Credit Card,Temporary Bank/Network Error,12,1,2,211210.18,1
TXN-12218,CUST-1306,4948.73,UPI,Insufficient Funds,10,1,1,60362.9,1
TXN-12219,CUST-1306,6559.03,Debit Card,Card Expired,6,1,1,78192.51,0
TXN-12220,CUST-1966,5543.79,Credit Card,Insufficient Funds,6,1,2,77603.67,0
TXN-12221,CUST-1745,9000.95,Debit Card,Authentication Failed,6,0,0,53016.94,0
TXN-12222,CUST-1429,3159.2,UPI,Card Expired,6,0,1,56891.13,0
TXN-12223,CUST-2895,12332.83,Credit Card,Card Expired,5,1,0,84673.3,0
TXN-12224,CUST-1517,7647.13,UPI,Temporary Bank/Network Error,5,1,0,82912.08,1
TXN-12225,CUST-2435,11026.27,UPI,Payment Gateway Timeout,16,1,0,118267.95,1
TXN-12226,CUST-2726,3624.32,UPI,Insufficient Funds,8,1,0,61369.35,1
TXN-12227,CUST-1780,9233.97,Wallet,Card Expired,12,0,2,104751.31,0
TXN-12228,CUST-2218,9820.11,Debit Card,Insufficient Funds,10,1,1,119061.79,1
TXN-12229,CUST-3273,6487.16,Net Banking,Temporary Bank/Network Error,9,1,0,203755.64,1
TXN-12230,CUST-2430,5214.11,Credit Card,Payment Gateway Timeout,11,0,1,35512.47,1
TXN-12231,CUST-1358,7016.49,Debit Card,Payment Gateway Timeout,7,0,4,55593.4,0
TXN-12232,CUST-2862,3455.94,UPI,Authentication Failed,10,0,2,126024.53,0
TXN-12233,CUST-3384,9618.48,Wallet,Temporary Bank/Network Error,12,0,1,96927.37,1
TXN-12234,CUST-1347,5939.04,UPI,Temporary Bank/Network Error,10,1,2,91821.35,1
TXN-12235,CUST-2059,4567.42,Credit Card,Payment Gateway Timeout,8,1,3,61309.09,1
TXN-12236,CUST-2309,3707.69,Credit Card,Temporary Bank/Network Error,11,1,2,48861.82,1
TXN-12237,CUST-1302,7325.44,UPI,Payment Gateway Timeout,8,0,2,88389.44,0
TXN-12238,CUST-1330,3543.74,Credit Card,Card Expired,6,1,2,62177.87,0
TXN-12239,CUST-1341,7180.85,UPI,Temporary Bank/Network Error,12,0,1,112646.03,1
TXN-12240,CUST-1837,7584.79,Credit Card,Payment Gateway Timeout,8,0,0,66849.58,1
TXN-12241,CUST-3283,6467.56,Net Banking,Payment Gateway Timeout,11,1,3,61694.43,1
TXN-12242,CUST-2158,6740.26,Net Banking,Temporary Bank/Network Error,6,1,1,82344.75,1
TXN-12243,CUST-2437,6251.56,UPI,Card Expired,7,0,0,129507.7,0
TXN-12244,CUST-1858,6755.25,Credit Card,Temporary Bank/Network Error,9,1,3,60567.24,1
TXN-12245,CUST-1260,18572.79,Debit Card,Authentication Failed,10,1,3,136905.56,0
TXN-12246,CUST-2563,12959.58,Credit Card,Payment Gateway Timeout,4,0,2,155700.53,0
TXN-12247,CUST-2395,11558.35,Net Banking,Insufficient Funds,6,1,4,146220.81,0
TXN-12248,CUST-2138,6594.06,Net Banking,Authentication Failed,6,0,1,58558.46,0
TXN-12249,CUST-1593,4874.37,Debit Card,Temporary Bank/Network Error,9,1,2,67643.06,1
TXN-12250,CUST-1692,7753.45,Credit Card,Temporary Bank/Network Error,10,1,1,114601.61,1
TXN-12251,CUST-3029,18405.53,UPI,Authentication Failed,8,0,2,85345.45,0
TXN-12252,CUST-1889,7153.66,UPI,Insufficient Funds,11,1,5,90457.8,0
TXN-12253,CUST-2850,9668.99,Credit Card,Insufficient Funds,8,1,0,109771.66,1
TXN-12254,CUST-1527,7412.94,Wallet,Authentication Failed,7,1,1,40189.82,0
TXN-12255,CUST-1179,13048.86,UPI,Temporary Bank/Network Error,12,1,3,66188.8,1
TXN-12256,CUST-1651,11397.08,UPI,Temporary Bank/Network Error,8,0,1,65282.39,1
TXN-12257,CUST-2966,7857.07,UPI,Authentication Failed,8,1,1,56387.85,1
TXN-12258,CUST-1607,4985.01,Credit Card,Insufficient Funds,9,0,2,59976.58,0
TXN-12259,CUST-3491,12750.83,UPI,Authentication Failed,5,1,1,119258.4,0
TXN-12260,CUST-1714,19779.22,Wallet,Temporary Bank/Network Error,2,0,0,119707.87,0
TXN-12261,CUST-1878,4938.05,Debit Card,Card Expired,9,0,0,92050.72,0
TXN-12262,CUST-2082,26392.97,UPI,Temporary Bank/Network Error,12,0,0,103551.9,1
TXN-12263,CUST-2077,14243.61,Debit Card,Temporary Bank/Network Error,5,0,1,84296.33,0
TXN-12264,CUST-3399,2980.65,UPI,Authentication Failed,9,1,0,29775.02,1
TXN-12265,CUST-1434,7725.22,Debit Card,Temporary Bank/Network Error,6,1,0,34847.78,1
TXN-12266,CUST-2090,7239.71,Net Banking,Card Expired,8,0,0,109971.84,0
TXN-12267,CUST-3164,9130.5,UPI,Insufficient Funds,8,1,1,73162.4,1
TXN-12268,CUST-1692,9153.06,UPI,Temporary Bank/Network Error,7,1,0,155815.0,1
TXN-12269,CUST-2553,4055.22,UPI,Temporary Bank/Network Error,14,0,0,123703.49,1
TXN-12270,CUST-1711,7735.11,UPI,Card Expired,15,0,1,71857.74,1
TXN-12271,CUST-3236,6718.52,UPI,Authentication Failed,7,1,1,84003.31,1
TXN-12272,CUST-1671,8342.76,Debit Card,Temporary Bank/Network Error,6,0,0,37967.89,1
TXN-12273,CUST-2516,15948.85,Credit Card,Authentication Failed,10,1,1,52828.75,1
TXN-12274,CUST-2332,4337.59,Net Banking,Payment Gateway Timeout,7,0,0,70131.58,0
TXN-12275,CUST-1609,3569.84,Credit Card,Insufficient Funds,12,1,1,173732.82,1
TXN-12276,CUST-3398,15928.0,UPI,Temporary Bank/Network Error,5,0,2,72613.75,0
TXN-12277,CUST-1821,5864.39,Debit Card,Payment Gateway Timeout,9,1,0,163831.45,1
TXN-12278,CUST-2525,12459.71,Credit Card,Payment Gateway Timeout,8,1,1,161381.4,1
TXN-12279,CUST-2492,13433.23,Wallet,Temporary Bank/Network Error,10,0,2,28420.21,1
TXN-12280,CUST-1869,2375.58,Wallet,Payment Gateway Timeout,7,1,1,109707.45,1
TXN-12281,CUST-2162,6697.11,Net Banking,Insufficient Funds,13,0,2,101472.05,0
TXN-12282,CUST-2803,4506.29,UPI,Insufficient Funds,17,0,2,60809.5,1
TXN-12283,CUST-2399,6111.56,UPI,Card Expired,8,1,2,91288.21,0
TXN-12284,CUST-2459,6872.37,Credit Card,Card Expired,11,1,2,113937.31,1
TXN-12285,CUST-2613,20136.19,Net Banking,Insufficient Funds,4,1,2,67839.49,0
TXN-12286,CUST-2885,10435.72,Net Banking,Insufficient Funds,5,1,0,95937.36,0
TXN-12287,CUST-1415,5412.86,UPI,Temporary Bank/Network Error,11,1,1,37676.72,1
TXN-12288,CUST-2006,9316.2,Debit Card,Temporary Bank/Network Error,5,1,2,59851.03,1
TXN-12289,CUST-1312,9199.0,Credit Card,Authentication Failed,8,0,2,151462.03,0
TXN-12290,CUST-2634,6151.98,Debit Card,Payment Gateway Timeout,9,1,1,99407.51,1
TXN-12291,CUST-1397,8729.68,Wallet,Temporary Bank/Network Error,11,1,2,137561.8,1
TXN-12292,CUST-3383,3847.64,Net Banking,Temporary Bank/Network Error,9,0,1,87826.94,1
TXN-12293,CUST-1378,6769.97,UPI,Temporary Bank/Network Error,8,1,1,96845.11,1
TXN-12294,CUST-2493,3604.72,Debit Card,Insufficient Funds,16,1,2,78223.43,1
TXN-12295,CUST-2802,11398.79,UPI,Authentication Failed,9,0,2,99900.56,0
TXN-12296,CUST-3420,8200.88,Credit Card,Temporary Bank/Network Error,10,1,1,56058.29,1
TXN-12297,CUST-2784,3332.06,UPI,Payment Gateway Timeout,9,0,0,72847.64,1
TXN-12298,CUST-2117,14444.79,UPI,Insufficient Funds,11,0,0,56835.04,0
TXN-12299,CUST-1832,5298.89,UPI,Insufficient Funds,8,0,0,51853.44,0
TXN-12300,CUST-3456,4850.39,UPI,Insufficient Funds,8,0,0,94126.19,0
TXN-12301,CUST-1328,4931.0,Wallet,Insufficient Funds,6,1,1,57537.17,0
TXN-12302,CUST-3163,5187.08,Credit Card,Authentication Failed,8,0,1,105153.81,0
TXN-12303,CUST-3281,7772.64,Debit Card,Temporary Bank/Network Error,13,1,1,46460.41,1
TXN-12304,CUST-1568,4795.59,UPI,Insufficient Funds,6,0,4,49843.69,0
TXN-12305,CUST-1779,10447.54,UPI,Temporary Bank/Network Error,8,1,0,63999.01,1
TXN-12306,CUST-2383,7204.37,Debit Card,Insufficient Funds,4,0,0,78244.87,0
TXN-12307,CUST-1247,2078.71,Debit Card,Insufficient Funds,11,1,0,31631.72,1
TXN-12308,CUST-1156,6354.12,Debit Card,Insufficient Funds,11,1,0,42283.72,1
TXN-12309,CUST-1485,5645.73,UPI,Temporary Bank/Network Error,6,1,3,56868.14,1
TXN-12310,CUST-1198,5870.57,Credit Card,Insufficient Funds,15,1,1,96939.93,1
TXN-12311,CUST-3169,5573.16,UPI,Card Expired,7,0,2,57708.94,0
TXN-12312,CUST-3238,4690.72,Net Banking,Payment Gateway Timeout,10,1,3,90780.12,1
TXN-12313,CUST-2181,9551.67,UPI,Payment Gateway Timeout,12,0,0,45155.45,1
TXN-12314,CUST-2638,7388.61,Wallet,Insufficient Funds,10,0,1,44804.47,0
TXN-12315,CUST-1443,3086.54,UPI,Card Expired,7,1,1,77213.47,0
TXN-12316,CUST-3121,8088.87,UPI,Card Expired,6,0,2,156425.48,0
TXN-12317,CUST-1210,7856.45,UPI,Authentication Failed,6,1,2,77893.61,0
TXN-12318,CUST-3030,6346.28,Wallet,Temporary Bank/Network Error,9,1,2,38000.48,1
TXN-12319,CUST-3385,3744.95,UPI,Insufficient Funds,9,0,1,76666.79,0
TXN-12320,CUST-1719,3515.04,Credit Card,Card Expired,8,0,1,98626.95,0
TXN-12321,CUST-3149,8644.34,UPI,Insufficient Funds,7,1,1,73675.2,0
TXN-12322,CUST-1393,4170.4,Wallet,Card Expired,6,0,0,31922.98,0
TXN-12323,CUST-1919,7829.99,Debit Card,Temporary Bank/Network Error,6,1,3,22128.63,1
TXN-12324,CUST-1476,18507.37,UPI,Temporary Bank/Network Error,7,1,1,82753.2,1
TXN-12325,CUST-1047,6055.86,UPI,Temporary Bank/Network Error,10,1,4,72322.3,1
TXN-12326,CUST-3415,11708.57,Debit Card,Authentication Failed,12,0,3,75524.33,0
TXN-12327,CUST-1441,19073.96,Debit Card,Temporary Bank/Network Error,9,1,1,92045.05,1
TXN-12328,CUST-3277,1983.93,Net Banking,Authentication Failed,10,1,0,127937.98,1
TXN-12329,CUST-1282,6574.69,Debit Card,Payment Gateway Timeout,7,1,3,51594.22,1
TXN-12330,CUST-3388,4196.88,UPI,Temporary Bank/Network Error,4,0,2,63173.56,0
TXN-12331,CUST-2759,10614.88,Wallet,Card Expired,11,1,0,81927.18,1
TXN-12332,CUST-2098,6633.15,UPI,Payment Gateway Timeout,8,1,1,49134.41,1
TXN-12333,CUST-2781,7328.68,Wallet,Insufficient Funds,11,1,1,74487.72,1
TXN-12334,CUST-1559,11222.78,UPI,Temporary Bank/Network Error,8,1,2,63750.25,1
TXN-12335,CUST-3155,14234.38,Wallet,Insufficient Funds,7,0,1,39637.0,0
TXN-12336,CUST-2235,16414.65,UPI,Card Expired,7,0,2,130654.08,0
TXN-12337,CUST-2903,5212.37,UPI,Insufficient Funds,9,1,0,63500.31,1
TXN-12338,CUST-2879,4239.1,Credit Card,Temporary Bank/Network Error,6,1,2,43974.45,1
TXN-12339,CUST-3481,3441.43,UPI,Temporary Bank/Network Error,8,0,1,39442.78,1
TXN-12340,CUST-1245,11144.31,UPI,Insufficient Funds,7,0,2,64262.22,0
TXN-12341,CUST-2813,9451.68,Net Banking,Authentication Failed,7,1,1,79196.1,0
TXN-12342,CUST-1718,11328.68,Wallet,Temporary Bank/Network Error,7,0,2,87360.53,0
TXN-12343,CUST-1308,10561.68,UPI,Payment Gateway Timeout,12,0,1,100085.1,1
TXN-12344,CUST-1505,2297.36,UPI,Card Expired,10,0,1,247000.42,0
TXN-12345,CUST-2600,7722.07,Wallet,Temporary Bank/Network Error,7,0,1,43946.4,1
TXN-12346,CUST-2899,11912.18,UPI,Temporary Bank/Network Error,8,0,0,59653.93,1
TXN-12347,CUST-1984,6169.63,UPI,Temporary Bank/Network Error,11,1,0,59466.81,1
TXN-12348,CUST-2281,6831.97,Net Banking,Insufficient Funds,8,0,0,44567.43,0
TXN-12349,CUST-1215,4393.41,UPI,Authentication Failed,12,0,1,104638.87,1
TXN-12350,CUST-2268,7382.96,UPI,Card Expired,5,0,1,42015.88,0
TXN-12351,CUST-1498,8137.29,Credit Card,Payment Gateway Timeout,10,0,3,109187.05,0
TXN-12352,CUST-2981,15347.53,UPI,Payment Gateway Timeout,2,0,2,75306.25,0
TXN-12353,CUST-1210,3179.63,Credit Card,Temporary Bank/Network Error,13,0,0,52247.06,1
TXN-12354,CUST-1565,10230.79,Credit Card,Authentication Failed,11,0,2,95824.32,0
TXN-12355,CUST-2982,3972.46,Debit Card,Insufficient Funds,10,0,0,67523.2,0
TXN-12356,CUST-2220,7347.64,Net Banking,Insufficient Funds,9,0,3,39736.82,0
TXN-12357,CUST-1099,10909.88,UPI,Authentication Failed,15,0,1,62360.82,1
TXN-12358,CUST-1863,11624.2,Debit Card,Card Expired,10,1,1,49512.37,1
TXN-12359,CUST-3058,18892.81,Wallet,Authentication Failed,13,0,1,77660.7,0
TXN-12360,CUST-1236,17230.78,Debit Card,Insufficient Funds,11,1,0,99746.02,1
TXN-12361,CUST-2994,6627.83,Credit Card,Authentication Failed,12,0,0,76548.99,1
TXN-12362,CUST-3469,7260.45,Credit Card,Authentication Failed,6,0,1,127727.67,0
TXN-12363,CUST-2920,11332.6,Net Banking,Insufficient Funds,6,0,1,129547.29,0
TXN-12364,CUST-1217,9853.19,Credit Card,Insufficient Funds,5,1,2,61448.35,0
TXN-12365,CUST-1446,5000.14,Debit Card,Authentication Failed,9,0,1,73066.38,0
TXN-12366,CUST-2575,4950.79,UPI,Temporary Bank/Network Error,3,1,0,123423.22,1
TXN-12367,CUST-3366,8689.35,UPI,Authentication Failed,8,1,1,128923.4,1
TXN-12368,CUST-1695,20622.59,Debit Card,Temporary Bank/Network Error,7,0,0,31625.82,1
TXN-12369,CUST-3055,4163.42,Net Banking,Temporary Bank/Network Error,7,1,1,54330.29,1
TXN-12370,CUST-3083,3843.63,UPI,Authentication Failed,9,1,3,74443.61,0
TXN-12371,CUST-1862,3416.44,Credit Card,Payment Gateway Timeout,8,0,1,93382.14,1
TXN-12372,CUST-3186,3683.99,Debit Card,Authentication Failed,9,0,0,77484.62,0
TXN-12373,CUST-1548,4982.62,Debit Card,Temporary Bank/Network Error,4,1,0,77203.81,1
TXN-12374,CUST-2906,18958.55,Credit Card,Authentication Failed,11,0,3,43404.77,0
TXN-12375,CUST-3404,9260.94,UPI,Payment Gateway Timeout,11,0,2,31897.79,1
TXN-12376,CUST-3095,32013.69,UPI,Insufficient Funds,7,1,0,76436.28,0
TXN-12377,CUST-3121,5251.57,Net Banking,Authentication Failed,4,1,0,71043.39,0
TXN-12378,CUST-2939,4500.69,Net Banking,Temporary Bank/Network Error,9,1,1,70703.12,1
TXN-12379,CUST-1535,14081.51,UPI,Authentication Failed,12,0,2,25043.95,0
TXN-12380,CUST-2479,9509.5,UPI,Card Expired,4,0,2,81086.12,0
TXN-12381,CUST-1616,9901.84,UPI,Payment Gateway Timeout,7,1,0,52482.73,1
TXN-12382,CUST-1380,6976.34,Debit Card,Card Expired,4,0,1,300000.0,0
TXN-12383,CUST-2176,12513.73,Wallet,Card Expired,6,0,4,67781.92,0
TXN-12384,CUST-1319,9052.8,UPI,Authentication Failed,13,1,1,91846.12,1
TXN-12385,CUST-3107,14146.51,Net Banking,Payment Gateway Timeout,9,0,2,84352.11,0
TXN-12386,CUST-1719,9051.17,Wallet,Payment Gateway Timeout,3,1,0,214530.32,1
TXN-12387,CUST-1700,9823.91,UPI,Temporary Bank/Network Error,3,1,0,77642.09,1
TXN-12388,CUST-1763,7594.73,Debit Card,Insufficient Funds,13,0,2,106867.96,0
TXN-12389,CUST-2226,2974.09,Credit Card,Card Expired,4,1,2,69867.66,0
TXN-12390,CUST-2513,4155.35,Credit Card,Insufficient Funds,4,1,0,49422.26,0
TXN-12391,CUST-1351,4951.27,Net Banking,Insufficient Funds,6,0,2,71483.51,0
TXN-12392,CUST-2803,6516.13,UPI,Insufficient Funds,8,0,1,65226.37,0
TXN-12393,CUST-1509,11328.21,UPI,Card Expired,13,0,2,37205.13,0
TXN-12394,CUST-3105,3994.87,UPI,Payment Gateway Timeout,10,1,2,228947.23,1
TXN-12395,CUST-1232,9684.65,UPI,Payment Gateway Timeout,8,0,1,36951.99,1
TXN-12396,CUST-3268,11273.97,UPI,Authentication Failed,10,1,3,40690.52,0
TXN-12397,CUST-1228,5188.94,Debit Card,Temporary Bank/Network Error,7,0,3,105142.02,0
TXN-12398,CUST-1304,10932.51,Credit Card,Insufficient Funds,8,1,1,93090.7,0
TXN-12399,CUST-1651,4845.64,Debit Card,Authentication Failed,10,0,0,60400.96,0
TXN-12400,CUST-1690,5631.17,Credit Card,Temporary Bank/Network Error,9,1,2,36611.55,1
TXN-12401,CUST-2602,6726.44,Debit Card,Card Expired,10,1,0,19698.38,1
TXN-12402,CUST-1086,10255.53,Credit Card,Temporary Bank/Network Error,10,0,4,56099.9,0
TXN-12403,CUST-2883,7908.53,UPI,Authentication Failed,10,0,4,96127.77,0
TXN-12404,CUST-3225,12733.11,Debit Card,Insufficient Funds,5,0,1,64390.58,0
TXN-12405,CUST-2001,4711.59,Credit Card,Card Expired,13,1,1,145037.21,1
TXN-12406,CUST-1858,2312.72,Credit Card,Card Expired,8,1,0,65656.63,1
TXN-12407,CUST-1752,6262.86,Wallet,Insufficient Funds,13,0,1,91527.66,0
TXN-12408,CUST-3016,5469.3,Debit Card,Temporary Bank/Network Error,11,1,0,162435.29,1
TXN-12409,CUST-1916,12075.43,Credit Card,Temporary Bank/Network Error,7,0,2,67973.93,0
TXN-12410,CUST-3253,4010.1,Credit Card,Insufficient Funds,10,0,3,34614.41,0
TXN-12411,CUST-2389,7097.01,Debit Card,Temporary Bank/Network Error,8,1,1,73247.74,1
TXN-12412,CUST-1660,9214.47,UPI,Insufficient Funds,5,1,1,81901.63,0
TXN-12413,CUST-2447,14527.26,UPI,Card Expired,11,0,0,118165.66,0
TXN-12414,CUST-3430,7033.0,Credit Card,Card Expired,10,1,1,73328.58,1
TXN-12415,CUST-2769,7857.13,Credit Card,Insufficient Funds,4,0,2,50583.09,0
TXN-12416,CUST-1321,7152.38,Credit Card,Authentication Failed,5,1,2,50280.55,0
TXN-12417,CUST-3403,6394.6,UPI,Temporary Bank/Network Error,12,1,4,115974.81,1
TXN-12418,CUST-3072,9857.51,UPI,Authentication Failed,8,0,2,35874.62,0
TXN-12419,CUST-3038,8317.46,Credit Card,Insufficient Funds,6,0,2,115709.75,0
TXN-12420,CUST-1414,3786.24,Net Banking,Temporary Bank/Network Error,5,1,0,51607.74,1
TXN-12421,CUST-1777,7838.49,UPI,Card Expired,7,1,2,53059.05,0
TXN-12422,CUST-2371,10767.48,UPI,Temporary Bank/Network Error,4,1,1,35200.93,1
TXN-12423,CUST-1886,5730.78,Debit Card,Temporary Bank/Network Error,6,0,0,78124.72,1
TXN-12424,CUST-3420,8993.3,UPI,Insufficient Funds,10,0,3,82730.85,0
TXN-12425,CUST-3242,3743.56,UPI,Payment Gateway Timeout,6,1,1,36630.45,1
TXN-12426,CUST-3417,5179.63,Credit Card,Insufficient Funds,17,1,0,74777.7,1
TXN-12427,CUST-1698,8150.88,Net Banking,Temporary Bank/Network Error,15,0,0,118116.95,1
TXN-12428,CUST-1182,10867.81,Debit Card,Card Expired,9,1,2,143483.52,0
TXN-12429,CUST-1388,5061.88,UPI,Temporary Bank/Network Error,5,1,1,190504.94,1
TXN-12430,CUST-2378,7355.45,Credit Card,Authentication Failed,7,1,3,109383.02,0
TXN-12431,CUST-3004,6400.25,Debit Card,Insufficient Funds,8,1,4,114929.79,0
TXN-12432,CUST-1055,9873.15,UPI,Temporary Bank/Network Error,6,1,0,71853.16,1
TXN-12433,CUST-1786,6306.81,Debit Card,Temporary Bank/Network Error,7,1,2,73371.65,1
TXN-12434,CUST-2037,7922.26,UPI,Temporary Bank/Network Error,13,0,1,42357.65,1
TXN-12435,CUST-1093,9079.41,Net Banking,Temporary Bank/Network Error,8,1,1,119948.7,1
TXN-12436,CUST-2904,5126.62,Credit Card,Temporary Bank/Network Error,8,1,5,62701.58,1
TXN-12437,CUST-1932,12319.76,UPI,Insufficient Funds,9,0,1,76934.57,0
TXN-12438,CUST-1377,2305.83,Wallet,Authentication Failed,5,1,0,53500.71,0
TXN-12439,CUST-2201,13663.3,Credit Card,Insufficient Funds,12,0,3,35821.85,0
TXN-12440,CUST-1953,10718.96,Net Banking,Temporary Bank/Network Error,3,1,3,70123.02,0
TXN-12441,CUST-1412,7251.58,Net Banking,Authentication Failed,9,1,0,70851.37,1
TXN-12442,CUST-1573,5938.64,UPI,Payment Gateway Timeout,8,1,1,127575.2,1
TXN-12443,CUST-1621,4124.06,Wallet,Temporary Bank/Network Error,15,0,2,202812.7,1
TXN-12444,CUST-2596,14000.92,Debit Card,Card Expired,5,1,0,41943.74,0
TXN-12445,CUST-2804,8177.61,Debit Card,Authentication Failed,9,1,1,193947.13,1
TXN-12446,CUST-1588,3412.37,Debit Card,Insufficient Funds,6,1,1,56799.24,0
TXN-12447,CUST-1831,10224.44,Credit Card,Temporary Bank/Network Error,14,1,1,65547.79,1
TXN-12448,CUST-2814,5914.39,UPI,Temporary Bank/Network Error,9,1,1,77590.11,1
TXN-12449,CUST-3353,4837.89,UPI,Payment Gateway Timeout,5,1,1,48854.67,1
TXN-12450,CUST-1455,9239.01,Debit Card,Payment Gateway Timeout,13,0,0,155986.17,1
TXN-12451,CUST-2445,3931.74,UPI,Card Expired,5,1,1,63668.77,0
TXN-12452,CUST-2022,5000.05,Credit Card,Temporary Bank/Network Error,9,1,1,63097.33,1
TXN-12453,CUST-1698,6282.05,UPI,Temporary Bank/Network Error,4,1,3,37470.28,1
TXN-12454,CUST-2886,5583.29,Wallet,Authentication Failed,6,0,0,46444.35,0
TXN-12455,CUST-2266,9755.92,Credit Card,Temporary Bank/Network Error,8,1,2,78768.57,1
TXN-12456,CUST-1195,3402.47,Debit Card,Temporary Bank/Network Error,10,1,0,20187.64,1
TXN-12457,CUST-1893,7102.88,UPI,Card Expired,6,0,1,38111.08,0
TXN-12458,CUST-2586,2766.06,Debit Card,Authentication Failed,10,0,1,89433.37,0
TXN-12459,CUST-1164,4846.66,UPI,Card Expired,8,1,0,27455.87,1
TXN-12460,CUST-2719,7440.35,Credit Card,Payment Gateway Timeout,8,0,1,67257.2,1
TXN-12461,CUST-3481,4877.34,Credit Card,Card Expired,7,1,2,138640.47,0
TXN-12462,CUST-2949,2158.27,Net Banking,Insufficient Funds,7,0,5,95890.31,0
TXN-12463,CUST-1940,9835.91,Credit Card,Payment Gateway Timeout,6,1,3,67288.25,1
TXN-12464,CUST-3220,7578.82,UPI,Temporary Bank/Network Error,13,1,0,86540.31,1
TXN-12465,CUST-3177,9679.17,UPI,Insufficient Funds,3,0,3,64246.93,0
TXN-12466,CUST-1255,10610.73,Debit Card,Authentication Failed,8,0,2,85107.02,0
TXN-12467,CUST-2551,1371.7,Credit Card,Temporary Bank/Network Error,9,1,1,36229.89,1
TXN-12468,CUST-2309,9838.71,UPI,Card Expired,10,1,2,76137.28,1
TXN-12469,CUST-1092,4389.17,Wallet,Insufficient Funds,8,0,2,161138.32,0
TXN-12470,CUST-3180,6820.14,Net Banking,Card Expired,7,0,0,83058.02,0
TXN-12471,CUST-2338,5755.63,UPI,Insufficient Funds,8,1,3,66852.43,0
TXN-12472,CUST-1508,6033.02,Debit Card,Card Expired,12,1,0,63210.28,1
TXN-12473,CUST-1827,10994.93,Debit Card,Payment Gateway Timeout,8,1,1,180456.58,1
TXN-12474,CUST-1455,7523.49,Net Banking,Authentication Failed,8,0,2,64175.78,0
TXN-12475,CUST-2485,8830.46,Net Banking,Insufficient Funds,14,1,1,53546.48,1
TXN-12476,CUST-2336,17178.43,UPI,Payment Gateway Timeout,6,1,0,43143.63,1
TXN-12477,CUST-3073,6756.67,Wallet,Authentication Failed,7,1,3,121468.85,0
TXN-12478,CUST-1159,6529.74,Credit Card,Authentication Failed,12,1,1,37768.61,1
TXN-12479,CUST-3458,10284.02,Credit Card,Temporary Bank/Network Error,7,0,0,175997.28,1
TXN-12480,CUST-1439,6833.22,Debit Card,Authentication Failed,7,1,4,73854.22,0
TXN-12481,CUST-2937,11750.71,UPI,Authentication Failed,6,1,1,107367.65,0
TXN-12482,CUST-1824,24754.63,UPI,Temporary Bank/Network Error,7,1,1,258326.52,1
TXN-12483,CUST-2079,2320.67,Credit Card,Temporary Bank/Network Error,6,1,1,34458.7,1
TXN-12484,CUST-1093,3698.98,Debit Card,Authentication Failed,10,0,2,76485.68,0
TXN-12485,CUST-1188,12444.07,UPI,Temporary Bank/Network Error,8,0,1,43594.82,1
TXN-12486,CUST-1831,14867.56,UPI,Temporary Bank/Network Error,11,0,1,57698.07,1
TXN-12487,CUST-3306,8241.6,Net Banking,Insufficient Funds,8,0,2,86396.66,0
TXN-12488,CUST-2280,8399.43,UPI,Payment Gateway Timeout,7,1,0,157573.89,1
TXN-12489,CUST-2673,5988.58,UPI,Insufficient Funds,9,1,1,42427.52,1
TXN-12490,CUST-1874,1769.58,Credit Card,Temporary Bank/Network Error,5,1,1,137388.25,1
TXN-12491,CUST-2690,2355.32,UPI,Payment Gateway Timeout,6,1,4,132766.18,1
TXN-12492,CUST-1611,8847.53,Wallet,Insufficient Funds,6,0,2,89068.24,0
TXN-12493,CUST-2062,23115.08,UPI,Card Expired,5,1,1,49909.89,0
TXN-12494,CUST-3039,6612.59,Credit Card,Payment Gateway Timeout,10,0,1,39743.35,1
TXN-12495,CUST-3386,4262.69,Credit Card,Temporary Bank/Network Error,6,0,3,46736.76,0
TXN-12496,CUST-2642,9730.33,Net Banking,Authentication Failed,4,0,0,32488.5,0
TXN-12497,CUST-1990,7031.79,UPI,Payment Gateway Timeout,8,0,2,70818.15,0
TXN-12498,CUST-2528,3907.68,Debit Card,Payment Gateway Timeout,7,1,1,103758.31,1
TXN-12499,CUST-1017,7298.72,Credit Card,Temporary Bank/Network Error,6,1,1,87013.02,1
TXN-12500,CUST-3415,9272.76,UPI,Authentication Failed,8,1,3,49417.34,0
TXN-12501,CUST-2604,3777.7,Credit Card,Temporary Bank/Network Error,6,1,3,85398.96,1
TXN-12502,CUST-2072,12261.83,UPI,Payment Gateway Timeout,8,1,3,109906.94,1
TXN-12503,CUST-1933,9052.4,Debit Card,Temporary Bank/Network Error,13,0,0,52322.55,1
TXN-12504,CUST-1042,8289.79,UPI,Insufficient Funds,7,0,3,134963.33,0
TXN-12505,CUST-2133,5187.27,Debit Card,Insufficient Funds,6,0,1,92991.31,0
TXN-12506,CUST-2419,3437.8,Credit Card,Temporary Bank/Network Error,7,1,0,83184.01,1
TXN-12507,CUST-2234,9740.68,Credit Card,Authentication Failed,11,1,1,27637.73,1
TXN-12508,CUST-3105,5181.54,UPI,Payment Gateway Timeout,9,0,1,101587.28,1
TXN-12509,CUST-2340,5500.22,UPI,Temporary Bank/Network Error,11,0,3,89837.11,1
TXN-12510,CUST-2074,14880.41,Credit Card,Temporary Bank/Network Error,9,1,3,40908.28,1
TXN-12511,CUST-2182,4826.08,UPI,Insufficient Funds,12,0,1,49535.35,0
TXN-12512,CUST-1770,13563.62,Debit Card,Insufficient Funds,11,1,5,125095.07,0
TXN-12513,CUST-2555,3126.27,Credit Card,Insufficient Funds,6,1,1,53069.62,0
TXN-12514,CUST-1769,4202.9,UPI,Payment Gateway Timeout,6,1,1,59104.08,1
TXN-12515,CUST-2863,7956.95,UPI,Insufficient Funds,8,0,2,62491.05,0
TXN-12516,CUST-2702,3154.05,Debit Card,Temporary Bank/Network Error,8,0,0,111632.87,1
TXN-12517,CUST-2728,16146.06,Debit Card,Card Expired,10,1,0,98362.77,1
TXN-12518,CUST-2358,8800.79,UPI,Temporary Bank/Network Error,4,0,0,55449.62,0
TXN-12519,CUST-1124,3153.54,Credit Card,Authentication Failed,10,1,3,81161.63,0
TXN-12520,CUST-1263,8884.61,Credit Card,Temporary Bank/Network Error,12,1,2,219236.55,1
TXN-12521,CUST-2880,2954.65,Net Banking,Insufficient Funds,8,0,1,99449.68,0
TXN-12522,CUST-2132,11131.72,Net Banking,Card Expired,5,1,2,37361.59,0
TXN-12523,CUST-1215,15872.26,UPI,Insufficient Funds,8,1,3,79674.0,0
TXN-12524,CUST-1745,3727.11,Net Banking,Temporary Bank/Network Error,8,1,1,43063.3,1
TXN-12525,CUST-3229,4172.05,Credit Card,Card Expired,7,0,1,31237.42,0
TXN-12526,CUST-2644,6290.53,Wallet,Insufficient Funds,6,0,2,44428.3,0
TXN-12527,CUST-2145,7574.35,UPI,Card Expired,15,1,1,134142.19,1
TXN-12528,CUST-2398,4164.02,Debit Card,Temporary Bank/Network Error,6,0,0,40051.16,1
TXN-12529,CUST-1765,9694.01,Credit Card,Payment Gateway Timeout,14,1,0,71117.77,1
TXN-12530,CUST-2490,12910.0,Credit Card,Temporary Bank/Network Error,4,1,1,60692.3,1
TXN-12531,CUST-2584,9188.36,Credit Card,Payment Gateway Timeout,13,0,2,64563.41,1
TXN-12532,CUST-3233,8360.62,UPI,Insufficient Funds,6,1,0,87871.34,0
TXN-12533,CUST-1837,7173.38,Net Banking,Authentication Failed,7,1,0,45547.38,0
TXN-12534,CUST-2298,5246.47,Debit Card,Payment Gateway Timeout,12,1,1,102494.9,1
TXN-12535,CUST-3147,7469.04,Credit Card,Temporary Bank/Network Error,5,1,2,64799.16,1
TXN-12536,CUST-2037,6024.83,Wallet,Temporary Bank/Network Error,6,0,1,90206.55,1
TXN-12537,CUST-1520,10498.34,Debit Card,Temporary Bank/Network Error,8,1,1,76800.81,1
TXN-12538,CUST-3336,9621.04,Credit Card,Authentication Failed,9,1,1,67278.78,1
TXN-12539,CUST-3156,13387.63,Debit Card,Authentication Failed,11,1,0,103203.59,1
TXN-12540,CUST-1546,7055.45,Credit Card,Card Expired,10,0,2,88837.22,0
TXN-12541,CUST-2351,10976.24,Credit Card,Temporary Bank/Network Error,7,0,2,64486.71,0
TXN-12542,CUST-2445,4592.59,Net Banking,Temporary Bank/Network Error,8,0,2,17993.17,0
TXN-12543,CUST-2779,9586.87,Net Banking,Card Expired,10,1,2,130220.97,1
TXN-12544,CUST-2571,4033.76,UPI,Payment Gateway Timeout,6,0,0,51856.88,1
TXN-12545,CUST-3014,5564.91,Debit Card,Authentication Failed,6,1,2,149487.36,0
TXN-12546,CUST-1971,3560.68,Net Banking,Card Expired,11,1,0,113671.69,1
TXN-12547,CUST-2604,6529.62,Wallet,Temporary Bank/Network Error,5,1,2,153590.39,1
TXN-12548,CUST-1945,3857.12,Credit Card,Card Expired,6,1,4,131161.83,0
TXN-12549,CUST-1840,6649.78,Debit Card,Authentication Failed,9,0,0,144802.33,0
TXN-12550,CUST-2734,16948.25,Net Banking,Insufficient Funds,11,1,2,92033.26,1
TXN-12551,CUST-1730,11417.54,Credit Card,Temporary Bank/Network Error,5,0,1,59759.19,0
TXN-12552,CUST-3348,8332.84,Credit Card,Card Expired,2,0,0,67784.24,0
TXN-12553,CUST-2225,4248.59,UPI,Insufficient Funds,8,1,0,126751.42,1
TXN-12554,CUST-2545,13807.35,Net Banking,Payment Gateway Timeout,8,0,1,59977.13,0
TXN-12555,CUST-2643,4400.84,Credit Card,Insufficient Funds,6,1,3,70483.85,0
TXN-12556,CUST-1426,9303.26,UPI,Authentication Failed,7,0,1,53628.37,0
TXN-12557,CUST-1089,5182.12,Credit Card,Insufficient Funds,9,0,1,118284.67,0
TXN-12558,CUST-3386,3390.38,Wallet,Payment Gateway Timeout,3,1,1,51344.6,1
TXN-12559,CUST-1918,3840.21,Net Banking,Authentication Failed,8,0,4,57451.73,0
TXN-12560,CUST-2569,14452.64,UPI,Insufficient Funds,6,0,2,45039.29,0
TXN-12561,CUST-2631,5729.59,Debit Card,Insufficient Funds,7,1,0,74212.72,1
TXN-12562,CUST-1785,6302.22,UPI,Insufficient Funds,8,0,1,26867.03,0
TXN-12563,CUST-1516,5074.25,Credit Card,Payment Gateway Timeout,7,0,2,53258.25,0
TXN-12564,CUST-1907,9692.04,Wallet,Temporary Bank/Network Error,11,0,6,71487.02,0
TXN-12565,CUST-3477,5618.16,Debit Card,Temporary Bank/Network Error,3,0,3,86858.07,0
TXN-12566,CUST-3364,8809.39,Net Banking,Insufficient Funds,8,1,1,105945.94,0
TXN-12567,CUST-3406,6445.8,Wallet,Card Expired,9,0,0,24921.4,0
TXN-12568,CUST-1800,4976.31,Debit Card,Temporary Bank/Network Error,4,0,2,145585.14,0
TXN-12569,CUST-1389,5639.29,Net Banking,Temporary Bank/Network Error,8,0,2,133843.22,1
TXN-12570,CUST-2782,4252.08,UPI,Payment Gateway Timeout,12,1,1,39976.54,1
TXN-12571,CUST-1946,13840.14,UPI,Temporary Bank/Network Error,12,0,4,59948.94,1
TXN-12572,CUST-1910,7808.5,Debit Card,Authentication Failed,7,0,2,28009.09,0
TXN-12573,CUST-2571,5155.75,Credit Card,Insufficient Funds,4,1,2,90443.43,0
TXN-12574,CUST-1597,10542.16,Credit Card,Payment Gateway Timeout,7,0,1,60329.45,0
TXN-12575,CUST-2738,3216.38,Wallet,Temporary Bank/Network Error,10,0,1,55628.91,1
TXN-12576,CUST-3360,4017.99,Debit Card,Insufficient Funds,9,0,1,116104.3,0
TXN-12577,CUST-2679,9858.03,UPI,Temporary Bank/Network Error,10,0,3,85013.51,1
TXN-12578,CUST-1761,6926.94,Credit Card,Temporary Bank/Network Error,8,1,0,56404.78,1
TXN-12579,CUST-1627,6905.41,Debit Card,Authentication Failed,9,0,3,46462.76,0
TXN-12580,CUST-1411,7530.56,Wallet,Card Expired,13,0,2,99011.21,0
TXN-12581,CUST-2554,6245.17,Debit Card,Temporary Bank/Network Error,10,1,1,59510.84,1
TXN-12582,CUST-2494,6369.79,UPI,Card Expired,6,1,2,155671.23,0
TXN-12583,CUST-2918,10162.21,Wallet,Payment Gateway Timeout,11,0,3,72129.2,0
TXN-12584,CUST-2602,3439.37,UPI,Authentication Failed,12,1,4,102710.54,1
TXN-12585,CUST-2653,4385.05,UPI,Card Expired,5,1,0,71991.7,0
TXN-12586,CUST-2037,5496.61,Credit Card,Authentication Failed,7,1,1,50716.58,0
TXN-12587,CUST-1404,14840.78,UPI,Temporary Bank/Network Error,13,1,2,34860.45,1
TXN-12588,CUST-3280,5358.58,Debit Card,Temporary Bank/Network Error,6,0,0,134447.3,1
TXN-12589,CUST-2919,10894.29,Credit Card,Temporary Bank/Network Error,4,0,2,58184.25,0
TXN-12590,CUST-1899,7558.59,UPI,Authentication Failed,6,1,1,75129.75,0
TXN-12591,CUST-3323,5726.12,Net Banking,Insufficient Funds,5,0,1,143263.04,0
TXN-12592,CUST-2478,7784.76,UPI,Payment Gateway Timeout,11,0,0,50923.17,1
TXN-12593,CUST-1413,16863.17,UPI,Card Expired,11,0,4,54506.55,0
TXN-12594,CUST-2961,7537.11,UPI,Insufficient Funds,12,1,4,75933.92,0
TXN-12595,CUST-2691,5458.26,Debit Card,Card Expired,6,0,1,77136.72,0
TXN-12596,CUST-2791,7207.63,UPI,Payment Gateway Timeout,5,0,2,112619.51,0
TXN-12597,CUST-2422,8882.14,UPI,Insufficient Funds,11,0,0,37863.87,0
TXN-12598,CUST-3351,3778.96,Net Banking,Authentication Failed,3,1,2,104966.24,0
TXN-12599,CUST-2905,9926.16,Debit Card,Insufficient Funds,10,1,2,88303.74,1
TXN-12600,CUST-2558,5905.84,UPI,Payment Gateway Timeout,5,0,3,54183.01,0
TXN-12601,CUST-3426,7573.02,Credit Card,Card Expired,6,0,1,140563.42,0
TXN-12602,CUST-3267,8407.61,UPI,Authentication Failed,7,1,2,63029.61,0
TXN-12603,CUST-1300,6336.93,Wallet,Payment Gateway Timeout,13,0,1,153510.43,1
TXN-12604,CUST-3230,7925.07,Net Banking,Payment Gateway Timeout,7,0,1,74529.77,0
TXN-12605,CUST-1611,4295.49,Net Banking,Card Expired,4,1,0,57166.92,0
TXN-12606,CUST-3312,6775.59,Credit Card,Payment Gateway Timeout,12,1,3,89259.28,1
TXN-12607,CUST-1966,6494.9,Net Banking,Insufficient Funds,9,0,2,35633.1,0
TXN-12608,CUST-2834,3127.4,UPI,Card Expired,3,1,1,56024.8,0
TXN-12609,CUST-2375,4464.59,Debit Card,Temporary Bank/Network Error,6,1,4,48238.95,1
TXN-12610,CUST-3374,4878.46,Credit Card,Authentication Failed,8,1,2,40488.79,0
TXN-12611,CUST-3035,12223.85,UPI,Temporary Bank/Network Error,4,0,1,236187.01,1
TXN-12612,CUST-3097,8700.13,Debit Card,Authentication Failed,4,0,0,61220.54,0
TXN-12613,CUST-2428,5934.45,Credit Card,Card Expired,9,1,1,71077.46,1
TXN-12614,CUST-3256,3581.8,UPI,Temporary Bank/Network Error,7,0,1,125725.32,1
TXN-12615,CUST-2428,19101.4,UPI,Authentication Failed,14,1,0,123373.66,1
TXN-12616,CUST-3322,8894.2,Net Banking,Payment Gateway Timeout,8,1,0,30052.58,1
TXN-12617,CUST-2932,7032.37,Debit Card,Temporary Bank/Network Error,10,1,1,74640.46,1
TXN-12618,CUST-1350,16376.63,UPI,Payment Gateway Timeout,9,1,0,260142.4,1
TXN-12619,CUST-1447,11302.67,Debit Card,Card Expired,10,0,0,62618.56,0
TXN-12620,CUST-3474,5390.22,Wallet,Insufficient Funds,11,1,4,101616.1,0
TXN-12621,CUST-2877,16708.61,Debit Card,Temporary Bank/Network Error,8,1,1,77398.63,1
TXN-12622,CUST-2114,9020.69,Debit Card,Authentication Failed,4,1,1,129972.61,0
TXN-12623,CUST-3053,6699.86,Debit Card,Temporary Bank/Network Error,8,1,2,300000.0,1
TXN-12624,CUST-1303,11501.88,UPI,Temporary Bank/Network Error,6,0,3,124121.79,0
TXN-12625,CUST-1181,8868.79,UPI,Authentication Failed,5,0,1,281919.91,0
TXN-12626,CUST-1141,10487.01,Wallet,Insufficient Funds,11,0,2,129677.36,0
TXN-12627,CUST-1084,6291.13,Net Banking,Insufficient Funds,5,0,0,53606.81,0
TXN-12628,CUST-2294,4313.44,Credit Card,Card Expired,7,0,0,80477.22,0
TXN-12629,CUST-2787,22781.44,Credit Card,Card Expired,11,1,1,96585.26,1
TXN-12630,CUST-2590,5636.41,Debit Card,Authentication Failed,11,1,2,58802.41,1
TXN-12631,CUST-1150,9206.35,Wallet,Authentication Failed,10,0,2,187409.94,0
TXN-12632,CUST-3397,18770.31,Credit Card,Insufficient Funds,10,0,2,117526.22,0
TXN-12633,CUST-1709,11969.57,Credit Card,Insufficient Funds,11,1,3,67249.4,0
TXN-12634,CUST-3230,12426.95,Credit Card,Temporary Bank/Network Error,7,0,3,76732.33,0
TXN-12635,CUST-1195,14139.09,Credit Card,Insufficient Funds,7,0,3,128231.98,0
TXN-12636,CUST-1670,4199.2,Net Banking,Temporary Bank/Network Error,3,1,3,97974.4,0
TXN-12637,CUST-3389,6680.0,Net Banking,Authentication Failed,8,1,1,66101.6,0
TXN-12638,CUST-2502,6625.04,UPI,Temporary Bank/Network Error,4,1,1,71916.84,1
TXN-12639,CUST-2751,18086.08,Credit Card,Authentication Failed,4,0,0,67429.49,0
TXN-12640,CUST-3290,12478.75,Debit Card,Temporary Bank/Network Error,7,0,4,103415.56,0
TXN-12641,CUST-2336,19843.75,Debit Card,Temporary Bank/Network Error,7,1,0,78202.45,1
TXN-12642,CUST-2042,11817.37,Credit Card,Payment Gateway Timeout,7,0,1,69953.59,0
TXN-12643,CUST-2325,12248.34,UPI,Insufficient Funds,8,0,1,44983.66,0
TXN-12644,CUST-3292,7131.18,Net Banking,Authentication Failed,4,1,2,48071.09,0
TXN-12645,CUST-1225,5680.51,Net Banking,Payment Gateway Timeout,9,1,1,74784.62,1
TXN-12646,CUST-3451,8934.42,UPI,Temporary Bank/Network Error,4,1,4,51372.17,0
TXN-12647,CUST-3438,8891.63,Credit Card,Payment Gateway Timeout,13,1,3,36440.39,1
TXN-12648,CUST-1401,7702.16,UPI,Insufficient Funds,8,0,1,105452.38,0
TXN-12649,CUST-2159,7615.4,Credit Card,Insufficient Funds,12,0,2,66099.34,0
TXN-12650,CUST-2399,6775.22,UPI,Temporary Bank/Network Error,7,1,2,186791.31,1
TXN-12651,CUST-1987,5499.52,Debit Card,Card Expired,11,1,3,55432.86,0
TXN-12652,CUST-1638,8231.7,Credit Card,Temporary Bank/Network Error,10,1,4,53980.84,1
TXN-12653,CUST-3085,12575.29,UPI,Payment Gateway Timeout,10,0,2,58171.53,1
TXN-12654,CUST-3450,9430.94,Net Banking,Authentication Failed,12,1,1,48571.58,1
TXN-12655,CUST-1845,8601.88,Net Banking,Insufficient Funds,9,1,1,37483.62,0
TXN-12656,CUST-2531,9627.12,Net Banking,Insufficient Funds,5,1,0,21533.14,0
TXN-12657,CUST-2849,6199.88,Net Banking,Temporary Bank/Network Error,6,1,1,51478.9,1
TXN-12658,CUST-1789,10609.24,Credit Card,Card Expired,8,1,1,105164.66,0
TXN-12659,CUST-2492,4170.37,Credit Card,Payment Gateway Timeout,6,1,1,57477.9,1
TXN-12660,CUST-1845,4876.35,UPI,Payment Gateway Timeout,8,1,2,60442.91,1
TXN-12661,CUST-1567,7361.79,UPI,Insufficient Funds,7,1,2,87005.86,0
TXN-12662,CUST-3243,6878.05,UPI,Temporary Bank/Network Error,10,1,1,46678.14,1
TXN-12663,CUST-2600,15123.7,Credit Card,Temporary Bank/Network Error,10,1,2,92086.67,1
TXN-12664,CUST-3229,10011.24,Credit Card,Insufficient Funds,6,0,0,46030.76,0
TXN-12665,CUST-2576,6218.32,Credit Card,Insufficient Funds,7,0,3,42541.72,0
TXN-12666,CUST-1837,4641.3,Credit Card,Authentication Failed,10,1,2,63707.48,1
TXN-12667,CUST-2213,2228.79,Debit Card,Temporary Bank/Network Error,6,0,2,84405.77,0
TXN-12668,CUST-1128,21603.73,UPI,Authentication Failed,7,0,2,40143.22,0
TXN-12669,CUST-1633,10602.12,Credit Card,Insufficient Funds,12,0,0,47454.25,0
TXN-12670,CUST-1787,3805.78,Credit Card,Temporary Bank/Network Error,9,1,0,36938.45,1
TXN-12671,CUST-1440,7631.58,Credit Card,Card Expired,7,1,1,133219.11,0
TXN-12672,CUST-3342,9941.93,Credit Card,Insufficient Funds,12,0,2,153157.53,0
TXN-12673,CUST-2899,7567.55,Credit Card,Temporary Bank/Network Error,10,1,0,91905.42,1
TXN-12674,CUST-1512,7289.28,Wallet,Authentication Failed,8,1,3,92139.86,0
TXN-12675,CUST-1797,11252.91,Wallet,Insufficient Funds,9,1,0,58762.8,1
TXN-12676,CUST-3218,7808.06,UPI,Temporary Bank/Network Error,9,1,0,97873.12,1
TXN-12677,CUST-2424,3616.65,UPI,Authentication Failed,10,1,4,46581.65,0
TXN-12678,CUST-2056,3661.33,Net Banking,Temporary Bank/Network Error,6,0,0,33432.69,0
TXN-12679,CUST-3364,3155.74,Credit Card,Insufficient Funds,4,1,2,43161.28,0
TXN-12680,CUST-1596,6191.71,Debit Card,Payment Gateway Timeout,11,0,3,109371.81,1
TXN-12681,CUST-1264,9822.98,UPI,Authentication Failed,6,1,3,93354.6,0
TXN-12682,CUST-2832,7324.21,UPI,Temporary Bank/Network Error,6,1,1,76040.09,1
TXN-12683,CUST-1497,4928.77,Credit Card,Temporary Bank/Network Error,11,0,1,92979.67,1
TXN-12684,CUST-3169,19142.94,Debit Card,Authentication Failed,10,1,1,55034.51,1
TXN-12685,CUST-1603,4160.46,Debit Card,Authentication Failed,7,1,4,84039.0,0
TXN-12686,CUST-1890,4948.35,Credit Card,Payment Gateway Timeout,14,1,1,138709.97,1
TXN-12687,CUST-3406,8480.9,Credit Card,Temporary Bank/Network Error,10,0,1,73803.04,1
TXN-12688,CUST-1842,3793.55,Credit Card,Authentication Failed,7,0,0,103180.52,0
TXN-12689,CUST-1682,3711.48,Debit Card,Insufficient Funds,5,0,1,95592.93,0
TXN-12690,CUST-1664,6707.27,Credit Card,Temporary Bank/Network Error,8,1,0,116297.36,1
TXN-12691,CUST-2235,9865.52,UPI,Insufficient Funds,8,0,1,100635.6,0
TXN-12692,CUST-1433,2235.54,Credit Card,Temporary Bank/Network Error,7,0,1,75118.21,1
TXN-12693,CUST-2776,5539.85,Net Banking,Authentication Failed,8,0,0,112022.55,0
TXN-12694,CUST-1074,7668.36,Credit Card,Authentication Failed,9,1,1,89682.65,1
TXN-12695,CUST-2699,6421.43,Credit Card,Payment Gateway Timeout,7,1,1,38069.89,1
TXN-12696,CUST-2752,14812.26,Debit Card,Authentication Failed,6,1,2,181876.05,0
TXN-12697,CUST-3377,5619.05,Wallet,Temporary Bank/Network Error,12,0,3,97838.1,1
TXN-12698,CUST-2003,8268.3,Credit Card,Temporary Bank/Network Error,14,1,4,43275.82,1
TXN-12699,CUST-1579,4385.35,UPI,Insufficient Funds,5,0,2,144283.43,0
TXN-12700,CUST-1618,10950.37,Credit Card,Insufficient Funds,8,0,1,41038.4,0
TXN-12701,CUST-1507,3253.32,Debit Card,Authentication Failed,5,0,0,73136.52,0
TXN-12702,CUST-3121,9460.47,Net Banking,Payment Gateway Timeout,7,1,2,56154.99,1
TXN-12703,CUST-2303,6488.14,Debit Card,Authentication Failed,4,1,0,120900.07,0
TXN-12704,CUST-2290,12764.04,UPI,Temporary Bank/Network Error,17,0,1,73995.42,1
TXN-12705,CUST-3398,6084.97,UPI,Card Expired,9,1,1,76118.15,1
TXN-12706,CUST-2903,10681.39,UPI,Insufficient Funds,17,0,0,101366.69,1
TXN-12707,CUST-3057,15439.44,Net Banking,Insufficient Funds,9,1,1,93100.32,0
TXN-12708,CUST-2016,13624.98,Credit Card,Payment Gateway Timeout,7,1,1,172158.81,1
TXN-12709,CUST-3046,5383.82,Debit Card,Payment Gateway Timeout,5,1,1,63771.32,1
TXN-12710,CUST-1370,6206.42,UPI,Authentication Failed,9,1,0,63869.51,1
TXN-12711,CUST-1597,11707.06,Net Banking,Temporary Bank/Network Error,14,0,1,185130.46,1
TXN-12712,CUST-2014,7456.01,Wallet,Card Expired,4,1,1,24503.04,0
TXN-12713,CUST-1540,10489.66,UPI,Payment Gateway Timeout,7,0,1,36655.56,0
TXN-12714,CUST-2695,1796.98,Credit Card,Temporary Bank/Network Error,7,0,1,159231.39,1
TXN-12715,CUST-1179,5576.47,UPI,Authentication Failed,7,1,2,67094.13,0
TXN-12716,CUST-2762,8000.88,UPI,Temporary Bank/Network Error,6,0,2,76498.17,0
TXN-12717,CUST-1606,10226.06,UPI,Payment Gateway Timeout,8,0,1,83463.12,1
TXN-12718,CUST-2872,11170.15,Net Banking,Insufficient Funds,6,0,1,101994.58,0
TXN-12719,CUST-3240,7157.74,Debit Card,Authentication Failed,6,0,2,72380.96,0
TXN-12720,CUST-2098,2899.91,Debit Card,Authentication Failed,14,0,1,41169.69,1
TXN-12721,CUST-1938,4984.44,Wallet,Insufficient Funds,10,1,1,277490.23,1
TXN-12722,CUST-2766,3532.2,Debit Card,Payment Gateway Timeout,8,1,3,151780.7,1
TXN-12723,CUST-1130,12258.18,UPI,Payment Gateway Timeout,9,1,2,52198.77,1
TXN-12724,CUST-2405,3991.92,UPI,Insufficient Funds,4,0,1,27672.97,0
TXN-12725,CUST-1898,7099.27,UPI,Insufficient Funds,7,0,1,75657.53,0
TXN-12726,CUST-1462,13051.48,Net Banking,Temporary Bank/Network Error,6,0,0,52366.2,0
TXN-12727,CUST-2376,9798.64,UPI,Authentication Failed,8,1,3,87571.57,0
TXN-12728,CUST-3369,10640.72,Credit Card,Authentication Failed,9,0,2,28331.71,0
TXN-12729,CUST-3444,4355.19,Net Banking,Authentication Failed,8,0,2,64861.14,0
TXN-12730,CUST-2260,3729.17,UPI,Payment Gateway Timeout,7,0,0,90922.84,1
TXN-12731,CUST-2378,5163.76,Debit Card,Insufficient Funds,6,0,0,100051.62,0
TXN-12732,CUST-2699,4610.1,Net Banking,Insufficient Funds,9,0,1,59417.45,0
TXN-12733,CUST-1073,2868.69,Credit Card,Insufficient Funds,7,1,2,63143.59,0
TXN-12734,CUST-1259,6660.64,Debit Card,Payment Gateway Timeout,12,1,1,50046.26,1
TXN-12735,CUST-2114,8451.62,UPI,Authentication Failed,9,1,1,163075.77,1
TXN-12736,CUST-1574,7089.27,UPI,Insufficient Funds,7,1,2,113856.26,0
TXN-12737,CUST-2221,3190.27,Debit Card,Authentication Failed,7,0,2,87740.64,0
TXN-12738,CUST-2005,6442.21,UPI,Authentication Failed,10,1,2,35981.07,1
TXN-12739,CUST-1436,3894.45,Debit Card,Payment Gateway Timeout,1,1,1,136486.92,0
TXN-12740,CUST-1691,8325.91,UPI,Insufficient Funds,4,0,0,59421.71,0
TXN-12741,CUST-2854,2006.94,Credit Card,Payment Gateway Timeout,3,0,2,98565.6,0
TXN-12742,CUST-2478,5906.99,UPI,Card Expired,9,0,0,65707.75,0
TXN-12743,CUST-2806,6227.66,Net Banking,Card Expired,13,1,2,37337.96,1
TXN-12744,CUST-2369,4865.98,Credit Card,Payment Gateway Timeout,8,1,0,51838.22,1
TXN-12745,CUST-3174,5726.87,Credit Card,Payment Gateway Timeout,8,1,1,102683.75,1
TXN-12746,CUST-1525,6128.25,Debit Card,Insufficient Funds,8,0,0,94782.65,0
TXN-12747,CUST-2858,9727.63,Wallet,Card Expired,5,0,4,47331.15,0
TXN-12748,CUST-2457,5226.39,Net Banking,Payment Gateway Timeout,3,1,2,50529.23,0
TXN-12749,CUST-1050,22497.0,Credit Card,Temporary Bank/Network Error,7,0,0,142102.44,1
TXN-12750,CUST-2890,11543.12,Net Banking,Temporary Bank/Network Error,4,1,0,141718.11,1
TXN-12751,CUST-2475,8745.66,Debit Card,Temporary Bank/Network Error,7,1,2,66218.18,1
TXN-12752,CUST-2961,7360.36,Debit Card,Insufficient Funds,5,1,3,41711.49,0
TXN-12753,CUST-2892,5283.6,UPI,Card Expired,4,1,0,45779.06,0
TXN-12754,CUST-2655,6762.87,Credit Card,Payment Gateway Timeout,6,1,3,55599.49,1
TXN-12755,CUST-1038,2517.73,UPI,Temporary Bank/Network Error,9,1,3,69223.35,1
TXN-12756,CUST-1365,4404.44,Debit Card,Temporary Bank/Network Error,4,1,1,98732.2,1
TXN-12757,CUST-3206,5917.17,Credit Card,Payment Gateway Timeout,6,0,3,49987.95,0
TXN-12758,CUST-2908,3660.89,Credit Card,Card Expired,2,1,2,114961.63,0
TXN-12759,CUST-1158,4056.89,UPI,Authentication Failed,10,0,0,34683.76,0
TXN-12760,CUST-2528,2396.09,UPI,Temporary Bank/Network Error,13,0,0,105353.46,1
TXN-12761,CUST-1305,18476.67,Credit Card,Insufficient Funds,4,1,2,44590.99,0
TXN-12762,CUST-2327,10211.39,Wallet,Temporary Bank/Network Error,5,1,1,188651.05,1
TXN-12763,CUST-2879,5874.74,Debit Card,Authentication Failed,13,1,1,79505.14,1
TXN-12764,CUST-1583,5566.59,UPI,Insufficient Funds,9,1,1,85366.98,1
TXN-12765,CUST-3399,2995.64,Net Banking,Payment Gateway Timeout,4,0,3,255410.04,0
TXN-12766,CUST-1397,23620.76,UPI,Temporary Bank/Network Error,13,0,0,115828.75,1
TXN-12767,CUST-3120,15853.1,UPI,Payment Gateway Timeout,7,0,1,39047.64,0
TXN-12768,CUST-3222,9211.3,Net Banking,Temporary Bank/Network Error,5,1,2,65219.06,1
TXN-12769,CUST-1656,15612.64,UPI,Payment Gateway Timeout,4,1,1,35021.6,1
TXN-12770,CUST-1959,9223.46,Credit Card,Temporary Bank/Network Error,8,1,2,44166.69,1
TXN-12771,CUST-1445,7268.62,Credit Card,Payment Gateway Timeout,7,1,1,127918.91,1
TXN-12772,CUST-1721,42228.25,Wallet,Card Expired,11,0,1,52994.82,0
TXN-12773,CUST-2416,4457.56,Credit Card,Temporary Bank/Network Error,8,1,2,120973.01,1
TXN-12774,CUST-1878,10760.11,Credit Card,Authentication Failed,8,1,0,47203.76,1
TXN-12775,CUST-3133,3283.17,Net Banking,Temporary Bank/Network Error,10,0,3,113555.79,1
TXN-12776,CUST-1941,3631.71,Wallet,Temporary Bank/Network Error,6,0,1,66578.94,0
TXN-12777,CUST-1342,11093.9,Credit Card,Payment Gateway Timeout,6,1,1,43674.15,1
TXN-12778,CUST-3411,4898.39,UPI,Temporary Bank/Network Error,9,0,3,69346.4,1
TXN-12779,CUST-1044,14990.04,Net Banking,Temporary Bank/Network Error,4,1,1,47574.68,1
TXN-12780,CUST-2309,7410.62,Debit Card,Temporary Bank/Network Error,7,1,2,81817.85,1
TXN-12781,CUST-3248,7090.49,Net Banking,Payment Gateway Timeout,5,0,4,68016.82,0
TXN-12782,CUST-2023,5260.65,UPI,Payment Gateway Timeout,6,1,1,186299.17,1
TXN-12783,CUST-2105,4632.13,UPI,Insufficient Funds,9,0,0,60119.04,0
TXN-12784,CUST-2103,15106.52,UPI,Temporary Bank/Network Error,8,1,4,90843.4,1
TXN-12785,CUST-1515,6230.92,Debit Card,Payment Gateway Timeout,7,0,1,30124.22,0
TXN-12786,CUST-1743,14172.75,UPI,Temporary Bank/Network Error,5,1,3,91187.21,1
TXN-12787,CUST-3396,5001.6,Credit Card,Authentication Failed,10,1,1,31092.26,1
TXN-12788,CUST-2219,3686.94,Credit Card,Card Expired,12,0,5,50895.46,0
TXN-12789,CUST-1880,3542.22,UPI,Authentication Failed,8,0,2,59971.65,0
TXN-12790,CUST-2587,7900.83,UPI,Insufficient Funds,10,1,3,62557.79,0
TXN-12791,CUST-1641,4684.57,Net Banking,Insufficient Funds,4,0,3,85118.91,0
TXN-12792,CUST-1101,7961.23,UPI,Insufficient Funds,6,1,2,141130.44,0
TXN-12793,CUST-2482,24892.68,Debit Card,Temporary Bank/Network Error,7,0,3,54914.75,0
TXN-12794,CUST-1660,18148.97,UPI,Temporary Bank/Network Error,10,0,1,50571.69,1
TXN-12795,CUST-1671,7485.12,Debit Card,Payment Gateway Timeout,7,1,2,120509.87,1
TXN-12796,CUST-1270,4340.8,Net Banking,Card Expired,6,0,1,34338.39,0
TXN-12797,CUST-2782,5709.61,Credit Card,Temporary Bank/Network Error,11,0,4,108137.67,1
TXN-12798,CUST-1184,5244.84,Net Banking,Insufficient Funds,6,1,0,71612.76,0
TXN-12799,CUST-2786,8608.76,UPI,Insufficient Funds,5,1,3,44295.95,0
TXN-12800,CUST-1558,4762.91,UPI,Card Expired,5,0,6,64890.0,0
TXN-12801,CUST-2212,6292.32,Debit Card,Card Expired,12,1,3,43409.9,0
TXN-12802,CUST-1844,4091.16,UPI,Temporary Bank/Network Error,8,1,3,37027.73,1
TXN-12803,CUST-2769,7036.55,Wallet,Authentication Failed,11,1,1,57318.93,1
TXN-12804,CUST-3122,6885.87,Credit Card,Payment Gateway Timeout,7,1,0,71772.06,1
TXN-12805,CUST-3262,8792.87,UPI,Temporary Bank/Network Error,13,0,2,105844.5,1
TXN-12806,CUST-1262,6957.78,UPI,Payment Gateway Timeout,11,0,1,49743.96,1
TXN-12807,CUST-2815,3439.92,Credit Card,Insufficient Funds,9,0,2,106280.32,0
TXN-12808,CUST-2992,6881.1,Credit Card,Insufficient Funds,6,0,0,36914.5,0
TXN-12809,CUST-1830,5277.41,UPI,Authentication Failed,7,1,0,22180.9,1
TXN-12810,CUST-2928,12205.29,Credit Card,Authentication Failed,3,0,2,88839.63,0
TXN-12811,CUST-3112,10175.28,Debit Card,Authentication Failed,8,1,1,50862.62,0
TXN-12812,CUST-2388,5677.8,Debit Card,Authentication Failed,4,1,0,39484.25,0
TXN-12813,CUST-2295,16904.25,Wallet,Temporary Bank/Network Error,12,1,2,102639.86,1
TXN-12814,CUST-1239,4349.94,Credit Card,Authentication Failed,11,1,0,258306.24,1
TXN-12815,CUST-3244,15787.36,Wallet,Card Expired,11,1,3,84691.4,0
TXN-12816,CUST-2267,4457.25,Debit Card,Insufficient Funds,13,1,1,147291.94,1
TXN-12817,CUST-1013,4657.07,Debit Card,Payment Gateway Timeout,8,1,1,63037.68,1
TXN-12818,CUST-2547,8216.83,UPI,Temporary Bank/Network Error,8,0,1,79086.55,1
TXN-12819,CUST-1896,5566.55,Credit Card,Temporary Bank/Network Error,7,1,1,131945.54,1
TXN-12820,CUST-2386,6377.18,Credit Card,Card Expired,10,1,0,214116.01,1
TXN-12821,CUST-3086,14013.07,UPI,Insufficient Funds,4,1,0,72185.9,0
TXN-12822,CUST-1861,7578.6,Net Banking,Authentication Failed,11,0,1,166977.99,0
TXN-12823,CUST-2588,3785.63,UPI,Payment Gateway Timeout,7,0,1,18163.74,0
TXN-12824,CUST-1482,3755.26,Debit Card,Card Expired,7,1,1,45230.31,0
TXN-12825,CUST-2577,4265.38,UPI,Authentication Failed,13,1,2,85217.46,1
TXN-12826,CUST-2610,4877.68,Debit Card,Temporary Bank/Network Error,11,1,1,86769.97,1
TXN-12827,CUST-2566,7674.59,Credit Card,Insufficient Funds,6,1,1,112850.06,0
TXN-12828,CUST-1258,3158.64,Net Banking,Payment Gateway Timeout,8,1,0,66003.06,1
TXN-12829,CUST-1233,5629.05,UPI,Card Expired,7,1,3,121312.51,0
TXN-12830,CUST-1819,3892.17,Debit Card,Payment Gateway Timeout,9,1,1,42983.05,1
TXN-12831,CUST-2152,19500.47,Net Banking,Temporary Bank/Network Error,5,0,2,84037.34,0
TXN-12832,CUST-1692,4792.95,UPI,Payment Gateway Timeout,8,1,2,37721.8,1
TXN-12833,CUST-3471,4812.0,Credit Card,Payment Gateway Timeout,6,0,1,51949.69,0
TXN-12834,CUST-2819,9469.89,Debit Card,Payment Gateway Timeout,6,0,3,43975.99,0
TXN-12835,CUST-1194,5093.73,Debit Card,Temporary Bank/Network Error,6,1,1,58641.38,1
TXN-12836,CUST-2132,7691.74,UPI,Insufficient Funds,11,1,2,163210.69,1
TXN-12837,CUST-2175,9530.52,Debit Card,Temporary Bank/Network Error,10,0,1,21364.58,1
TXN-12838,CUST-2585,5720.55,UPI,Authentication Failed,6,1,2,45389.13,0
TXN-12839,CUST-2815,4028.34,Debit Card,Payment Gateway Timeout,7,0,4,111257.55,0
TXN-12840,CUST-2537,10472.58,Credit Card,Insufficient Funds,12,1,3,187483.2,1
TXN-12841,CUST-2859,4514.9,UPI,Authentication Failed,11,0,1,63832.9,0
TXN-12842,CUST-1757,10002.58,Net Banking,Authentication Failed,11,0,3,87475.15,0
TXN-12843,CUST-1593,8440.53,Credit Card,Card Expired,4,0,1,49489.27,0
TXN-12844,CUST-1289,4131.48,UPI,Authentication Failed,9,1,2,53799.75,0
TXN-12845,CUST-2230,2895.86,UPI,Card Expired,10,0,1,54906.11,0
TXN-12846,CUST-1944,5728.38,UPI,Payment Gateway Timeout,5,0,1,30430.02,0
TXN-12847,CUST-2733,28292.41,Debit Card,Insufficient Funds,9,0,2,98443.96,0
TXN-12848,CUST-1697,3702.94,UPI,Insufficient Funds,9,1,2,139495.78,1
TXN-12849,CUST-1654,11821.76,Credit Card,Temporary Bank/Network Error,12,0,3,41829.68,1
TXN-12850,CUST-1565,4140.46,Debit Card,Payment Gateway Timeout,10,1,1,96377.55,1
TXN-12851,CUST-1537,10384.42,Credit Card,Insufficient Funds,11,1,1,96593.02,1
TXN-12852,CUST-2710,859.27,Credit Card,Temporary Bank/Network Error,9,0,1,52786.24,1
TXN-12853,CUST-2762,4418.59,Debit Card,Insufficient Funds,6,0,1,64596.09,0
TXN-12854,CUST-3106,5211.95,Net Banking,Payment Gateway Timeout,6,1,2,173843.08,1
TXN-12855,CUST-3363,7434.15,Credit Card,Insufficient Funds,11,1,4,96954.37,0
TXN-12856,CUST-3461,4794.78,Net Banking,Payment Gateway Timeout,9,1,2,131282.9,1
TXN-12857,CUST-1661,23956.41,Debit Card,Payment Gateway Timeout,11,1,2,43161.08,1
TXN-12858,CUST-1503,4516.39,Credit Card,Payment Gateway Timeout,4,1,4,73245.98,0
TXN-12859,CUST-1722,17582.09,UPI,Payment Gateway Timeout,5,1,1,83983.86,1
TXN-12860,CUST-1580,7093.31,UPI,Insufficient Funds,5,0,1,66275.06,0
TXN-12861,CUST-1693,8361.52,Wallet,Authentication Failed,6,1,0,76614.46,0
TXN-12862,CUST-2369,4736.43,Debit Card,Temporary Bank/Network Error,7,0,5,38690.44,0
TXN-12863,CUST-1761,3478.15,Credit Card,Card Expired,5,1,3,45722.39,0
TXN-12864,CUST-2912,7145.95,Credit Card,Insufficient Funds,9,1,2,73846.1,0
TXN-12865,CUST-1440,10844.86,Credit Card,Insufficient Funds,10,0,1,106608.61,0
TXN-12866,CUST-1220,6514.63,Credit Card,Insufficient Funds,9,1,1,61806.83,1
TXN-12867,CUST-2583,6496.71,UPI,Payment Gateway Timeout,11,0,4,52992.13,0
TXN-12868,CUST-1770,6825.01,Net Banking,Card Expired,5,0,3,184451.51,0
TXN-12869,CUST-3494,8607.44,Wallet,Card Expired,7,0,1,71408.78,0
TXN-12870,CUST-2624,8628.84,Debit Card,Authentication Failed,4,1,3,37574.14,0
TXN-12871,CUST-1429,4553.9,UPI,Insufficient Funds,9,1,1,87708.58,1
TXN-12872,CUST-1300,4107.26,UPI,Insufficient Funds,12,0,1,135867.94,1
TXN-12873,CUST-3233,2546.96,Debit Card,Temporary Bank/Network Error,9,0,0,116203.11,1
TXN-12874,CUST-2580,8872.65,UPI,Authentication Failed,5,1,2,63210.7,0
TXN-12875,CUST-2241,10050.9,Net Banking,Card Expired,6,0,1,117709.61,0
TXN-12876,CUST-3175,7797.43,UPI,Payment Gateway Timeout,6,1,2,39385.51,1
TXN-12877,CUST-1380,2270.88,Net Banking,Temporary Bank/Network Error,6,0,2,104451.14,0
TXN-12878,CUST-1074,4861.53,UPI,Insufficient Funds,11,1,0,56926.85,1
TXN-12879,CUST-3327,6191.61,Debit Card,Card Expired,8,1,0,105132.47,1
TXN-12880,CUST-2025,2468.48,Wallet,Card Expired,6,0,1,85680.97,0
TXN-12881,CUST-1751,16918.04,UPI,Insufficient Funds,9,1,2,73514.7,0
TXN-12882,CUST-1282,10920.24,Credit Card,Temporary Bank/Network Error,11,1,1,123704.92,1
TXN-12883,CUST-3442,11126.76,Credit Card,Temporary Bank/Network Error,15,0,4,85637.87,1
TXN-12884,CUST-1382,7629.26,Credit Card,Temporary Bank/Network Error,7,0,3,128498.84,0
TXN-12885,CUST-2547,6805.4,Credit Card,Temporary Bank/Network Error,11,1,1,63438.72,1
TXN-12886,CUST-1228,5962.95,Wallet,Card Expired,6,1,2,74032.32,0
TXN-12887,CUST-2994,14436.56,Credit Card,Temporary Bank/Network Error,15,0,2,72628.42,1
TXN-12888,CUST-2281,10968.56,UPI,Insufficient Funds,11,1,0,71285.6,1
TXN-12889,CUST-1120,3718.31,UPI,Temporary Bank/Network Error,4,0,1,36586.05,0
TXN-12890,CUST-3280,5166.03,Credit Card,Authentication Failed,11,1,0,111417.87,1
TXN-12891,CUST-1142,8254.68,UPI,Payment Gateway Timeout,9,0,1,130658.43,1
TXN-12892,CUST-3421,11380.83,Credit Card,Payment Gateway Timeout,11,0,0,58535.99,1
TXN-12893,CUST-1282,4880.75,Debit Card,Card Expired,9,1,0,80226.46,1
TXN-12894,CUST-2746,3311.15,UPI,Temporary Bank/Network Error,6,1,1,74983.13,1
TXN-12895,CUST-3217,6817.9,Wallet,Insufficient Funds,6,0,0,47180.18,0
TXN-12896,CUST-3224,18589.04,UPI,Card Expired,9,0,2,162617.18,0
TXN-12897,CUST-1479,5793.24,Debit Card,Payment Gateway Timeout,3,1,3,152541.75,0
TXN-12898,CUST-2636,4871.46,UPI,Insufficient Funds,9,0,0,94671.68,0
TXN-12899,CUST-2172,8187.18,Net Banking,Payment Gateway Timeout,5,0,3,118906.0,0
TXN-12900,CUST-1261,3174.0,Net Banking,Payment Gateway Timeout,7,1,2,74135.58,1
TXN-12901,CUST-1541,6777.55,Debit Card,Card Expired,12,1,1,54294.4,1
TXN-12902,CUST-1712,5419.84,Debit Card,Insufficient Funds,12,1,1,45578.92,1
TXN-12903,CUST-1359,11270.13,UPI,Authentication Failed,12,1,1,30027.29,1
TXN-12904,CUST-2111,10695.8,UPI,Authentication Failed,7,1,1,87469.83,1
TXN-12905,CUST-1939,8484.22,UPI,Insufficient Funds,12,0,3,65958.26,0
TXN-12906,CUST-3427,4823.14,Credit Card,Card Expired,9,1,0,73212.41,1
TXN-12907,CUST-3170,4903.86,Net Banking,Insufficient Funds,1,1,0,85659.79,0
TXN-12908,CUST-2344,11434.39,Credit Card,Authentication Failed,5,0,2,46979.49,0
TXN-12909,CUST-1650,4105.8,Credit Card,Payment Gateway Timeout,7,1,2,130004.25,1
TXN-12910,CUST-1507,6464.87,UPI,Insufficient Funds,8,1,0,60780.13,1
TXN-12911,CUST-1722,4386.53,Net Banking,Temporary Bank/Network Error,7,1,6,95469.57,0
TXN-12912,CUST-2429,4495.43,Debit Card,Insufficient Funds,8,1,2,56162.22,0
TXN-12913,CUST-2479,4102.34,UPI,Temporary Bank/Network Error,11,1,1,121871.57,1
TXN-12914,CUST-1441,7053.18,Credit Card,Payment Gateway Timeout,5,1,0,95556.91,1
TXN-12915,CUST-2068,9409.6,Credit Card,Authentication Failed,4,0,0,101316.01,0
TXN-12916,CUST-1197,8260.98,UPI,Temporary Bank/Network Error,8,0,3,80384.88,0
TXN-12917,CUST-1256,4856.43,UPI,Insufficient Funds,7,1,1,123515.72,1
TXN-12918,CUST-1770,7252.9,UPI,Temporary Bank/Network Error,11,0,2,93885.35,1
TXN-12919,CUST-2748,4737.27,Credit Card,Payment Gateway Timeout,8,0,3,35976.86,0
TXN-12920,CUST-2406,5863.1,UPI,Temporary Bank/Network Error,8,1,6,35908.5,1
TXN-12921,CUST-2400,8280.29,Credit Card,Authentication Failed,8,0,2,103244.5,0
TXN-12922,CUST-3061,4723.22,UPI,Payment Gateway Timeout,6,0,0,62633.38,0
TXN-12923,CUST-2485,5829.66,UPI,Payment Gateway Timeout,7,0,2,109206.17,0
TXN-12924,CUST-2035,11238.43,Wallet,Insufficient Funds,6,1,1,132250.51,0
TXN-12925,CUST-1127,6386.01,UPI,Authentication Failed,7,0,2,96780.64,0
TXN-12926,CUST-3116,10307.46,Credit Card,Authentication Failed,7,1,0,108466.93,1
TXN-12927,CUST-3499,5073.77,UPI,Temporary Bank/Network Error,5,0,1,56720.44,0
TXN-12928,CUST-2523,4309.35,UPI,Payment Gateway Timeout,10,1,1,87576.88,1
TXN-12929,CUST-2371,4803.17,Debit Card,Authentication Failed,14,1,2,99725.23,1
TXN-12930,CUST-2528,6324.32,Net Banking,Insufficient Funds,9,0,0,63719.64,0
TXN-12931,CUST-2400,14375.32,UPI,Authentication Failed,8,1,2,56205.88,0
TXN-12932,CUST-1761,3519.76,UPI,Insufficient Funds,5,1,1,177061.81,0
TXN-12933,CUST-3012,2763.81,Credit Card,Insufficient Funds,11,1,2,26076.18,1
TXN-12934,CUST-2646,6878.56,UPI,Insufficient Funds,7,1,1,33344.66,0
TXN-12935,CUST-1388,3600.85,UPI,Authentication Failed,6,1,1,78733.67,0
TXN-12936,CUST-1014,12051.9,Credit Card,Payment Gateway Timeout,7,0,0,67352.79,1
TXN-12937,CUST-1655,10680.97,Credit Card,Payment Gateway Timeout,12,1,2,102507.89,1
TXN-12938,CUST-3495,6818.84,Credit Card,Payment Gateway Timeout,7,1,2,125786.79,1
TXN-12939,CUST-3092,5803.43,UPI,Card Expired,6,1,0,159465.26,1
TXN-12940,CUST-2257,7609.96,Credit Card,Payment Gateway Timeout,6,1,3,150818.92,1
TXN-12941,CUST-1617,2132.14,Net Banking,Temporary Bank/Network Error,5,0,1,74906.58,0
TXN-12942,CUST-3294,7272.97,Debit Card,Temporary Bank/Network Error,9,1,0,47268.79,1
TXN-12943,CUST-1070,3157.7,UPI,Temporary Bank/Network Error,13,0,1,42397.09,1
TXN-12944,CUST-3005,2077.53,UPI,Authentication Failed,4,0,3,52464.3,0
TXN-12945,CUST-1862,5873.74,Net Banking,Insufficient Funds,6,1,2,216807.55,0
TXN-12946,CUST-2789,12981.61,UPI,Payment Gateway Timeout,10,0,1,46558.35,1
TXN-12947,CUST-3176,4827.24,Wallet,Authentication Failed,9,0,1,33053.84,0
TXN-12948,CUST-3453,8973.7,Credit Card,Temporary Bank/Network Error,6,0,2,28943.23,0
TXN-12949,CUST-1041,12249.52,UPI,Insufficient Funds,9,1,2,61400.86,0
TXN-12950,CUST-1855,6707.09,UPI,Temporary Bank/Network Error,5,0,2,50519.31,0
TXN-12951,CUST-2772,7257.15,Net Banking,Temporary Bank/Network Error,5,0,2,84220.07,0
TXN-12952,CUST-1709,15198.8,Debit Card,Insufficient Funds,9,0,1,90369.79,0
TXN-12953,CUST-1388,14354.51,Debit Card,Insufficient Funds,6,1,1,130605.3,0
TXN-12954,CUST-1973,3792.46,Net Banking,Authentication Failed,8,0,2,26122.92,0
TXN-12955,CUST-1311,14234.56,Credit Card,Card Expired,2,0,2,101530.39,0
TXN-12956,CUST-2002,6453.0,Credit Card,Temporary Bank/Network Error,10,0,2,38848.79,1
TXN-12957,CUST-2362,7952.81,UPI,Temporary Bank/Network Error,9,1,2,86683.61,1
TXN-12958,CUST-1922,2562.53,Wallet,Temporary Bank/Network Error,6,1,3,68027.98,1
TXN-12959,CUST-1143,9775.3,Credit Card,Authentication Failed,7,1,3,91061.86,0
TXN-12960,CUST-3064,8111.38,Credit Card,Temporary Bank/Network Error,5,1,1,60741.16,1
TXN-12961,CUST-1481,9903.27,Credit Card,Card Expired,6,0,4,76254.41,0
TXN-12962,CUST-2625,7050.95,Net Banking,Temporary Bank/Network Error,12,1,0,92468.11,1
TXN-12963,CUST-3249,5331.51,Net Banking,Authentication Failed,6,0,2,112778.12,0
TXN-12964,CUST-1438,6726.98,UPI,Payment Gateway Timeout,9,1,1,32570.28,1
TXN-12965,CUST-2452,6303.75,Credit Card,Card Expired,7,1,4,138614.92,0
TXN-12966,CUST-1794,3214.73,Debit Card,Temporary Bank/Network Error,10,1,0,66569.73,1
TXN-12967,CUST-1034,7372.45,Credit Card,Temporary Bank/Network Error,10,1,3,82052.24,1
TXN-12968,CUST-1201,10500.39,Net Banking,Temporary Bank/Network Error,7,1,0,134168.6,1
TXN-12969,CUST-1195,7708.61,Debit Card,Authentication Failed,10,0,2,44889.21,0
TXN-12970,CUST-1571,4201.59,Credit Card,Authentication Failed,11,0,0,91230.73,0
TXN-12971,CUST-3463,7048.36,Debit Card,Insufficient Funds,8,1,2,75997.61,0
TXN-12972,CUST-2477,15222.21,UPI,Temporary Bank/Network Error,14,1,3,42972.1,1
TXN-12973,CUST-1649,9542.71,Wallet,Insufficient Funds,5,1,1,66612.43,0
TXN-12974,CUST-1886,7498.3,Debit Card,Insufficient Funds,7,1,1,125298.32,0
TXN-12975,CUST-2759,4054.86,UPI,Card Expired,10,0,3,43819.92,0
TXN-12976,CUST-1075,7586.88,UPI,Temporary Bank/Network Error,7,1,2,26129.22,1
TXN-12977,CUST-1571,16647.84,Net Banking,Insufficient Funds,12,1,4,101580.92,0
TXN-12978,CUST-2136,13267.59,UPI,Insufficient Funds,5,0,2,42830.33,0
TXN-12979,CUST-2433,7963.01,Net Banking,Temporary Bank/Network Error,9,1,0,66278.91,1
TXN-12980,CUST-3378,9445.67,Credit Card,Payment Gateway Timeout,7,0,0,164747.03,1
TXN-12981,CUST-1371,9226.7,Net Banking,Payment Gateway Timeout,6,0,3,89693.77,0
TXN-12982,CUST-2036,8956.53,Debit Card,Insufficient Funds,9,0,1,101859.71,0
TXN-12983,CUST-2591,10359.94,Wallet,Temporary Bank/Network Error,6,0,2,55479.86,0
TXN-12984,CUST-2022,10945.92,UPI,Temporary Bank/Network Error,8,1,0,120492.95,1
TXN-12985,CUST-2805,5083.28,Debit Card,Card Expired,9,0,1,59628.47,0
TXN-12986,CUST-2285,10356.29,UPI,Authentication Failed,9,1,2,40123.39,0
TXN-12987,CUST-2987,6858.52,UPI,Temporary Bank/Network Error,5,1,1,70019.91,1
TXN-12988,CUST-1456,2881.7,UPI,Insufficient Funds,7,1,3,56157.39,0
TXN-12989,CUST-2540,6199.1,Debit Card,Temporary Bank/Network Error,10,0,1,126440.92,1
TXN-12990,CUST-3301,9603.28,Wallet,Payment Gateway Timeout,8,1,4,77758.24,1
TXN-12991,CUST-2777,9162.88,UPI,Authentication Failed,8,0,1,113828.67,0
TXN-12992,CUST-2657,2845.86,Debit Card,Insufficient Funds,12,1,3,72001.3,1
TXN-12993,CUST-1202,6116.72,Credit Card,Authentication Failed,14,0,0,83336.53,1
TXN-12994,CUST-2906,12126.22,UPI,Temporary Bank/Network Error,9,0,0,67442.77,1
TXN-12995,CUST-1867,4306.73,Credit Card,Authentication Failed,5,0,1,62703.57,0
TXN-12996,CUST-1495,7799.77,Debit Card,Card Expired,9,1,2,123417.22,0
TXN-12997,CUST-1736,6476.2,Debit Card,Insufficient Funds,11,1,1,34557.89,1
TXN-12998,CUST-2184,2778.5,Credit Card,Temporary Bank/Network Error,5,1,0,79468.81,1
TXN-12999,CUST-1549,11966.99,Debit Card,Insufficient Funds,6,0,2,56887.62,0
TXN-13000,CUST-1579,4170.36,Debit Card,Card Expired,5,0,3,49413.13,0
TXN-13001,CUST-3073,6620.95,Wallet,Insufficient Funds,8,0,1,163387.37,0
TXN-13002,CUST-1806,3755.1,UPI,Temporary Bank/Network Error,5,1,3,56459.57,1
TXN-13003,CUST-2180,10674.22,Wallet,Temporary Bank/Network Error,6,1,2,37140.85,1
TXN-13004,CUST-3056,6094.4,Wallet,Authentication Failed,4,1,3,86984.74,0
TXN-13005,CUST-1789,4024.99,UPI,Authentication Failed,9,0,0,130186.5,0
TXN-13006,CUST-3402,12330.03,Credit Card,Insufficient Funds,7,1,1,41842.46,0
TXN-13007,CUST-2869,11415.32,Debit Card,Authentication Failed,6,1,0,99346.39,0
TXN-13008,CUST-1481,3087.59,Credit Card,Insufficient Funds,9,0,0,89659.62,0
TXN-13009,CUST-2066,2292.2,UPI,Payment Gateway Timeout,5,1,4,64023.2,0
TXN-13010,CUST-2054,10485.89,UPI,Payment Gateway Timeout,13,0,2,250076.9,1
TXN-13011,CUST-1402,17398.06,UPI,Insufficient Funds,6,1,0,70527.66,0
TXN-13012,CUST-1744,4657.3,Debit Card,Insufficient Funds,8,1,2,80667.52,0
TXN-13013,CUST-1094,3955.97,UPI,Temporary Bank/Network Error,12,1,1,36844.99,1
TXN-13014,CUST-3183,16433.12,UPI,Card Expired,8,1,1,38368.19,0
TXN-13015,CUST-1885,4100.47,UPI,Insufficient Funds,15,1,3,103168.11,1
TXN-13016,CUST-2718,10824.79,Credit Card,Card Expired,10,1,0,70302.3,1
TXN-13017,CUST-3234,3370.97,UPI,Temporary Bank/Network Error,8,0,1,103104.48,1
TXN-13018,CUST-2965,15729.65,Debit Card,Insufficient Funds,3,1,2,109937.79,0
TXN-13019,CUST-1887,3869.46,UPI,Temporary Bank/Network Error,8,0,6,57051.97,0
TXN-13020,CUST-2997,4190.82,Net Banking,Payment Gateway Timeout,9,1,1,130339.38,1
TXN-13021,CUST-3055,7850.22,UPI,Authentication Failed,16,1,1,84805.59,1
TXN-13022,CUST-2572,5347.51,Credit Card,Payment Gateway Timeout,13,0,0,68862.75,1
TXN-13023,CUST-2977,8894.78,Debit Card,Insufficient Funds,12,1,2,64193.0,1
TXN-13024,CUST-1722,5284.18,Debit Card,Payment Gateway Timeout,10,0,1,131545.7,1
TXN-13025,CUST-3449,5948.05,Debit Card,Insufficient Funds,7,1,1,96423.1,0
TXN-13026,CUST-2161,9373.02,Credit Card,Authentication Failed,8,0,2,94481.35,0
TXN-13027,CUST-2449,6224.57,Net Banking,Card Expired,11,1,3,60303.13,0
TXN-13028,CUST-1442,3524.81,Net Banking,Temporary Bank/Network Error,12,0,1,51919.59,1
TXN-13029,CUST-3002,2533.94,Credit Card,Temporary Bank/Network Error,5,1,1,107356.56,1
TXN-13030,CUST-3081,4668.35,UPI,Authentication Failed,7,1,2,54178.33,0
TXN-13031,CUST-3461,4671.66,Credit Card,Authentication Failed,7,0,0,69440.2,0
TXN-13032,CUST-1548,8088.3,Debit Card,Payment Gateway Timeout,12,1,2,43403.74,1
TXN-13033,CUST-1980,17248.15,UPI,Temporary Bank/Network Error,9,0,0,72907.05,1
TXN-13034,CUST-1824,6454.59,Wallet,Temporary Bank/Network Error,5,0,5,59940.75,0
TXN-13035,CUST-3043,8919.6,UPI,Insufficient Funds,8,0,3,92339.2,0
TXN-13036,CUST-2496,6818.02,UPI,Insufficient Funds,6,1,0,42276.77,0
TXN-13037,CUST-3487,5170.95,Net Banking,Temporary Bank/Network Error,14,1,1,106363.95,1
TXN-13038,CUST-2592,3437.72,Debit Card,Insufficient Funds,8,1,2,96251.55,0
TXN-13039,CUST-2484,9044.2,Net Banking,Payment Gateway Timeout,11,1,1,98910.33,1
TXN-13040,CUST-2945,7794.52,Credit Card,Authentication Failed,8,0,2,34370.57,0
TXN-13041,CUST-1171,11099.55,Credit Card,Payment Gateway Timeout,6,1,0,45798.47,1
TXN-13042,CUST-2463,7298.6,Debit Card,Authentication Failed,8,1,0,64797.19,1
TXN-13043,CUST-1630,2340.59,Net Banking,Authentication Failed,7,1,0,122789.34,1
TXN-13044,CUST-2556,20477.45,UPI,Payment Gateway Timeout,2,1,1,61493.54,0
TXN-13045,CUST-2806,6289.32,Credit Card,Insufficient Funds,7,1,1,52284.1,0
TXN-13046,CUST-1551,7421.72,Credit Card,Insufficient Funds,10,0,0,27363.79,0
TXN-13047,CUST-3482,11708.6,Credit Card,Insufficient Funds,7,0,1,125906.45,0
TXN-13048,CUST-2500,9470.57,Net Banking,Insufficient Funds,8,1,1,74716.87,0
TXN-13049,CUST-3011,12832.85,UPI,Authentication Failed,5,1,1,70437.77,0
TXN-13050,CUST-2356,5169.43,Debit Card,Authentication Failed,7,0,1,136460.3,0
TXN-13051,CUST-3332,3838.83,Net Banking,Payment Gateway Timeout,6,1,0,84802.61,1
TXN-13052,CUST-3167,8055.78,UPI,Payment Gateway Timeout,8,0,1,148308.75,1
TXN-13053,CUST-1336,4023.55,UPI,Temporary Bank/Network Error,8,0,1,74048.5,1
TXN-13054,CUST-1495,5996.72,Credit Card,Temporary Bank/Network Error,11,1,1,93745.15,1
TXN-13055,CUST-3063,8342.26,Debit Card,Insufficient Funds,9,1,2,33775.28,0
TXN-13056,CUST-2605,13537.11,Debit Card,Authentication Failed,12,0,2,116630.24,0
TXN-13057,CUST-1002,5961.03,UPI,Payment Gateway Timeout,4,1,2,70792.29,1
TXN-13058,CUST-1975,10054.97,Credit Card,Temporary Bank/Network Error,13,1,0,68381.54,1
TXN-13059,CUST-2163,7915.83,Wallet,Temporary Bank/Network Error,8,0,2,191442.97,1
TXN-13060,CUST-3395,6393.8,Wallet,Authentication Failed,6,1,2,31608.34,0
TXN-13061,CUST-1631,4980.55,Credit Card,Card Expired,5,1,0,68226.85,0
TXN-13062,CUST-1788,8287.38,Debit Card,Payment Gateway Timeout,7,1,1,74957.92,1
TXN-13063,CUST-1972,11423.27,Credit Card,Temporary Bank/Network Error,7,1,0,34320.38,1
TXN-13064,CUST-3090,5474.57,Credit Card,Insufficient Funds,10,1,2,107037.2,1
TXN-13065,CUST-1173,5904.47,Debit Card,Payment Gateway Timeout,8,0,1,66562.95,0
TXN-13066,CUST-1258,4344.72,Debit Card,Authentication Failed,6,0,1,34117.84,0
TXN-13067,CUST-3121,11322.84,Debit Card,Authentication Failed,8,0,1,104866.59,0
TXN-13068,CUST-1654,8199.2,Debit Card,Insufficient Funds,5,1,1,47151.78,0
TXN-13069,CUST-3388,5533.77,Credit Card,Card Expired,6,0,1,95298.16,0
TXN-13070,CUST-2909,7601.24,UPI,Temporary Bank/Network Error,7,1,1,89450.63,1
TXN-13071,CUST-2135,7838.06,Credit Card,Authentication Failed,9,1,4,61879.91,0
TXN-13072,CUST-1648,12309.86,UPI,Temporary Bank/Network Error,4,1,0,53138.57,1
TXN-13073,CUST-3086,20193.25,Wallet,Temporary Bank/Network Error,11,0,2,56506.34,1
TXN-13074,CUST-2873,10815.82,Debit Card,Temporary Bank/Network Error,9,1,0,50723.99,1
TXN-13075,CUST-3305,19524.43,UPI,Payment Gateway Timeout,6,1,1,201702.08,1
TXN-13076,CUST-2389,17536.2,UPI,Insufficient Funds,8,1,0,70018.7,1
TXN-13077,CUST-1901,5883.25,Net Banking,Authentication Failed,8,1,0,182983.51,1
TXN-13078,CUST-1870,9734.78,Credit Card,Temporary Bank/Network Error,7,1,1,102038.33,1
TXN-13079,CUST-1765,1543.98,Credit Card,Temporary Bank/Network Error,10,1,4,39590.39,1
TXN-13080,CUST-2533,9342.14,Credit Card,Authentication Failed,7,1,0,81270.58,1
TXN-13081,CUST-2287,2381.19,Net Banking,Temporary Bank/Network Error,7,1,2,110103.07,1
TXN-13082,CUST-2269,6800.45,UPI,Payment Gateway Timeout,4,1,0,62101.17,1
TXN-13083,CUST-1373,9159.81,Wallet,Temporary Bank/Network Error,11,1,2,51557.12,1
TXN-13084,CUST-1691,5719.06,Credit Card,Authentication Failed,8,0,2,66811.73,0
TXN-13085,CUST-1835,8937.96,Debit Card,Temporary Bank/Network Error,11,0,0,210120.27,1
TXN-13086,CUST-2588,7649.51,UPI,Insufficient Funds,7,1,2,40694.62,0
TXN-13087,CUST-1346,6001.92,Debit Card,Card Expired,4,1,0,77827.05,0
TXN-13088,CUST-1312,7030.0,Credit Card,Temporary Bank/Network Error,14,1,0,168785.22,1
TXN-13089,CUST-2681,2131.85,Debit Card,Insufficient Funds,9,1,2,74947.1,0
TXN-13090,CUST-2073,20131.72,Net Banking,Card Expired,9,0,2,60001.15,0
TXN-13091,CUST-2792,3762.91,Credit Card,Insufficient Funds,8,1,0,57458.01,1
TXN-13092,CUST-2417,6675.71,UPI,Insufficient Funds,8,0,0,130962.65,0
TXN-13093,CUST-3081,17341.98,Credit Card,Card Expired,7,0,0,81362.45,0
TXN-13094,CUST-2062,9174.76,UPI,Insufficient Funds,6,1,5,83921.2,0
TXN-13095,CUST-2217,7119.89,Credit Card,Insufficient Funds,6,1,5,70299.89,0
TXN-13096,CUST-1064,6306.34,Credit Card,Insufficient Funds,9,1,2,73027.14,0
TXN-13097,CUST-3219,3598.14,Credit Card,Authentication Failed,10,0,1,88242.09,0
TXN-13098,CUST-3468,11564.36,Net Banking,Card Expired,10,1,4,76541.34,0
TXN-13099,CUST-1664,6263.79,Net Banking,Payment Gateway Timeout,16,1,4,108285.15,1
TXN-13100,CUST-2916,12356.79,Net Banking,Insufficient Funds,9,0,0,72713.52,0
TXN-13101,CUST-1030,6249.15,UPI,Payment Gateway Timeout,7,1,1,66921.15,1
TXN-13102,CUST-1726,6338.8,Debit Card,Authentication Failed,13,0,1,139360.34,1
TXN-13103,CUST-1542,6064.22,Debit Card,Insufficient Funds,8,1,1,89170.03,0
TXN-13104,CUST-2425,8627.72,UPI,Authentication Failed,10,0,2,84178.14,0
TXN-13105,CUST-2141,11723.9,Credit Card,Authentication Failed,12,0,3,174961.32,0
TXN-13106,CUST-2567,9912.24,UPI,Temporary Bank/Network Error,6,0,1,54421.93,1
TXN-13107,CUST-2760,22829.8,UPI,Temporary Bank/Network Error,12,0,3,84957.36,1
TXN-13108,CUST-1358,7727.65,UPI,Insufficient Funds,10,1,4,42619.21,0
TXN-13109,CUST-3159,7351.31,Debit Card,Authentication Failed,7,0,4,162579.88,0
TXN-13110,CUST-2506,5358.97,Credit Card,Temporary Bank/Network Error,7,1,1,153194.62,1
TXN-13111,CUST-2246,17072.91,Credit Card,Temporary Bank/Network Error,9,1,0,73984.78,1
TXN-13112,CUST-1128,16779.45,Debit Card,Insufficient Funds,14,1,2,122523.91,1
TXN-13113,CUST-1384,20301.58,Debit Card,Insufficient Funds,13,1,1,117236.03,1
TXN-13114,CUST-1052,8243.71,Credit Card,Authentication Failed,8,0,2,84197.61,0
TXN-13115,CUST-2616,9216.6,Debit Card,Temporary Bank/Network Error,9,1,1,60500.68,1
TXN-13116,CUST-1255,10748.16,Wallet,Payment Gateway Timeout,8,1,1,65530.68,1
TXN-13117,CUST-2774,5331.66,Debit Card,Authentication Failed,9,0,1,78617.83,0
TXN-13118,CUST-2972,5691.15,Net Banking,Card Expired,5,1,4,96834.17,0
TXN-13119,CUST-2193,15135.07,Debit Card,Temporary Bank/Network Error,9,0,1,57456.26,1
TXN-13120,CUST-1226,4957.29,Credit Card,Temporary Bank/Network Error,8,0,1,102823.43,1
TXN-13121,CUST-2299,5993.46,Credit Card,Payment Gateway Timeout,8,1,3,153320.1,1
TXN-13122,CUST-2543,2685.46,UPI,Insufficient Funds,12,0,1,169682.79,1
TXN-13123,CUST-2721,3087.29,Credit Card,Card Expired,10,0,1,67827.0,0
TXN-13124,CUST-1362,11017.8,UPI,Insufficient Funds,4,1,3,60426.49,0
TXN-13125,CUST-3152,8293.35,Wallet,Card Expired,7,0,0,51546.0,0
TXN-13126,CUST-2525,5137.02,UPI,Authentication Failed,10,1,0,42358.77,1
TXN-13127,CUST-2477,5206.12,Credit Card,Insufficient Funds,5,1,0,27162.12,0
TXN-13128,CUST-2149,5747.74,Credit Card,Authentication Failed,6,1,3,79031.86,0
TXN-13129,CUST-2382,10862.8,UPI,Authentication Failed,4,1,1,68073.42,0
TXN-13130,CUST-2524,8182.88,Wallet,Insufficient Funds,4,0,2,101162.55,0
TXN-13131,CUST-3153,7244.1,Credit Card,Insufficient Funds,8,1,2,32219.8,0
TXN-13132,CUST-2496,8407.24,Credit Card,Insufficient Funds,9,0,0,49058.1,0
TXN-13133,CUST-1938,4323.85,Net Banking,Payment Gateway Timeout,10,1,1,138328.44,1
TXN-13134,CUST-3118,10895.82,Credit Card,Insufficient Funds,6,1,2,45689.44,0
TXN-13135,CUST-1022,5394.42,Wallet,Insufficient Funds,12,1,0,65638.67,1
TXN-13136,CUST-1970,5836.95,Wallet,Payment Gateway Timeout,8,1,0,28917.24,1
TXN-13137,CUST-3040,8723.65,UPI,Temporary Bank/Network Error,7,0,2,145854.6,1
TXN-13138,CUST-3452,16370.45,Debit Card,Authentication Failed,14,0,1,67687.92,1
TXN-13139,CUST-1340,3616.16,UPI,Insufficient Funds,6,1,2,38332.49,0
TXN-13140,CUST-2593,4036.91,Debit Card,Temporary Bank/Network Error,11,1,3,123456.78,1
TXN-13141,CUST-2362,3075.36,UPI,Payment Gateway Timeout,3,0,1,210150.67,0
TXN-13142,CUST-1682,9065.73,Credit Card,Temporary Bank/Network Error,6,0,1,174105.67,1
TXN-13143,CUST-2010,8115.74,UPI,Payment Gateway Timeout,9,1,3,58223.83,1
TXN-13144,CUST-3394,5959.99,Debit Card,Insufficient Funds,4,0,5,87832.68,0
TXN-13145,CUST-2261,14817.03,Wallet,Insufficient Funds,4,0,0,91171.66,0
TXN-13146,CUST-2041,5449.84,Debit Card,Insufficient Funds,8,1,1,145629.89,1
TXN-13147,CUST-3113,3828.97,Credit Card,Authentication Failed,11,1,2,72566.24,1
TXN-13148,CUST-2128,3194.13,UPI,Payment Gateway Timeout,8,0,2,23248.78,0
TXN-13149,CUST-2672,7748.04,Debit Card,Insufficient Funds,9,1,1,122218.95,1
TXN-13150,CUST-1339,7931.62,Credit Card,Card Expired,2,0,0,60050.6,0
TXN-13151,CUST-1429,3658.15,UPI,Card Expired,7,1,0,82564.15,1
TXN-13152,CUST-2653,3918.33,Credit Card,Temporary Bank/Network Error,7,0,1,93449.56,1
TXN-13153,CUST-2116,2993.43,Credit Card,Temporary Bank/Network Error,6,0,2,29713.25,0
TXN-13154,CUST-1766,4159.14,UPI,Temporary Bank/Network Error,15,0,0,73845.02,1
TXN-13155,CUST-1180,10232.63,Debit Card,Temporary Bank/Network Error,12,1,3,67804.74,1
TXN-13156,CUST-2094,4742.64,Net Banking,Card Expired,6,0,1,82829.75,0
TXN-13157,CUST-1146,8032.46,UPI,Authentication Failed,12,1,2,135816.2,1
TXN-13158,CUST-1835,5181.09,Debit Card,Insufficient Funds,6,1,1,88345.34,0
TXN-13159,CUST-1329,11591.54,Net Banking,Temporary Bank/Network Error,12,0,2,29166.73,1
TXN-13160,CUST-2192,12909.92,Net Banking,Temporary Bank/Network Error,6,1,3,68331.34,1
TXN-13161,CUST-3348,6093.9,Wallet,Card Expired,8,0,1,34394.33,0
TXN-13162,CUST-1995,4358.68,Wallet,Temporary Bank/Network Error,9,0,2,132221.83,1
TXN-13163,CUST-3090,21101.77,Credit Card,Insufficient Funds,9,1,0,67050.25,1
TXN-13164,CUST-2384,10462.47,UPI,Insufficient Funds,11,1,3,16991.48,0
TXN-13165,CUST-1937,10388.18,Credit Card,Insufficient Funds,11,0,0,86839.63,0
TXN-13166,CUST-1377,15059.5,UPI,Temporary Bank/Network Error,9,1,0,65251.74,1
TXN-13167,CUST-1982,2696.24,Credit Card,Authentication Failed,2,0,2,52984.0,0
TXN-13168,CUST-3054,7309.32,Debit Card,Authentication Failed,9,1,0,27522.82,1
TXN-13169,CUST-2637,18363.98,Debit Card,Authentication Failed,8,1,1,98918.42,1
TXN-13170,CUST-1934,8806.25,Debit Card,Payment Gateway Timeout,4,0,2,173906.53,0
TXN-13171,CUST-2352,6201.48,Debit Card,Temporary Bank/Network Error,4,1,2,83253.81,1
TXN-13172,CUST-3444,10789.57,Credit Card,Temporary Bank/Network Error,7,1,1,50492.97,1
TXN-13173,CUST-1913,2897.39,Debit Card,Temporary Bank/Network Error,8,0,1,26504.84,1
TXN-13174,CUST-3398,8892.2,Debit Card,Insufficient Funds,6,0,1,42094.72,0
TXN-13175,CUST-2237,10149.72,Net Banking,Authentication Failed,9,0,1,63929.03,0
TXN-13176,CUST-2705,12047.42,Credit Card,Temporary Bank/Network Error,7,0,6,164606.96,0
TXN-13177,CUST-2814,6014.01,Debit Card,Insufficient Funds,6,1,0,66633.41,0
TXN-13178,CUST-2056,4513.92,Debit Card,Authentication Failed,10,0,1,38682.09,0
TXN-13179,CUST-1020,5508.83,UPI,Payment Gateway Timeout,10,0,0,170058.6,1
TXN-13180,CUST-2318,7923.75,UPI,Insufficient Funds,8,1,0,42265.16,1
TXN-13181,CUST-1729,7697.58,Net Banking,Authentication Failed,6,1,0,51357.01,0
TXN-13182,CUST-1294,13508.26,Wallet,Temporary Bank/Network Error,9,0,0,137967.33,1
TXN-13183,CUST-1820,3985.24,Credit Card,Insufficient Funds,10,0,0,32638.95,0
TXN-13184,CUST-2287,6944.83,UPI,Payment Gateway Timeout,8,1,0,83628.64,1
TXN-13185,CUST-2850,4271.7,Wallet,Card Expired,1,1,2,42331.56,0
TXN-13186,CUST-2529,10186.72,Credit Card,Payment Gateway Timeout,7,1,2,93292.35,1
TXN-13187,CUST-1003,11396.35,UPI,Authentication Failed,11,0,0,72104.33,0
TXN-13188,CUST-2946,11046.2,Net Banking,Card Expired,9,1,0,44580.44,1
TXN-13189,CUST-3014,3962.49,Net Banking,Payment Gateway Timeout,11,1,2,123737.89,1
TXN-13190,CUST-2909,11297.6,UPI,Authentication Failed,6,0,0,37572.94,0
TXN-13191,CUST-3038,10941.85,Wallet,Insufficient Funds,5,1,2,113716.73,0
TXN-13192,CUST-1961,3430.79,UPI,Insufficient Funds,5,1,0,25520.23,0
TXN-13193,CUST-1485,5497.44,UPI,Card Expired,13,1,1,82783.5,1
TXN-13194,CUST-1699,8321.16,UPI,Insufficient Funds,4,0,0,134636.49,0
TXN-13195,CUST-2844,13005.82,Net Banking,Authentication Failed,7,1,1,128661.71,0
TXN-13196,CUST-1579,6829.99,Credit Card,Card Expired,12,1,3,37635.7,0
TXN-13197,CUST-1127,22311.46,Net Banking,Insufficient Funds,9,0,1,106234.46,0
TXN-13198,CUST-2566,7327.76,Debit Card,Authentication Failed,7,0,1,67072.23,0
TXN-13199,CUST-1087,5637.73,Debit Card,Temporary Bank/Network Error,7,0,0,60113.0,1
TXN-13200,CUST-1937,5246.28,Wallet,Authentication Failed,6,1,2,43562.88,0
TXN-13201,CUST-2565,7756.61,UPI,Authentication Failed,12,1,1,134727.63,1
TXN-13202,CUST-1774,6985.18,Net Banking,Authentication Failed,9,0,1,120271.43,0
TXN-13203,CUST-2479,8567.19,Debit Card,Temporary Bank/Network Error,8,1,1,50321.0,1
TXN-13204,CUST-1842,7122.23,Wallet,Temporary Bank/Network Error,6,0,0,43694.77,1
TXN-13205,CUST-1783,3788.43,UPI,Card Expired,9,0,1,115000.95,0
TXN-13206,CUST-1291,16145.46,Debit Card,Temporary Bank/Network Error,7,1,1,32715.39,1
TXN-13207,CUST-1199,2894.24,Wallet,Temporary Bank/Network Error,9,1,4,66758.97,1
TXN-13208,CUST-3359,14831.24,UPI,Payment Gateway Timeout,7,0,1,48423.78,0
TXN-13209,CUST-3072,5111.92,UPI,Payment Gateway Timeout,9,0,3,138313.37,0
TXN-13210,CUST-3282,6078.79,Credit Card,Authentication Failed,4,1,0,169964.02,0
TXN-13211,CUST-1004,6086.3,UPI,Authentication Failed,7,0,0,105388.74,0
TXN-13212,CUST-1073,3270.84,Credit Card,Temporary Bank/Network Error,8,1,1,51285.6,1
TXN-13213,CUST-2305,6433.45,Debit Card,Authentication Failed,7,0,0,74551.18,0
TXN-13214,CUST-1531,7003.4,Net Banking,Temporary Bank/Network Error,5,0,0,53079.45,0
TXN-13215,CUST-3194,5108.19,Credit Card,Insufficient Funds,10,1,3,58670.03,0
TXN-13216,CUST-2800,3287.62,Net Banking,Temporary Bank/Network Error,7,1,3,81983.83,1
TXN-13217,CUST-2603,9856.94,Debit Card,Insufficient Funds,8,0,1,29880.32,0
TXN-13218,CUST-2316,7232.6,UPI,Authentication Failed,5,0,2,59856.62,0
TXN-13219,CUST-2687,12597.79,Net Banking,Temporary Bank/Network Error,4,1,2,75485.49,1
TXN-13220,CUST-3299,5196.6,Net Banking,Insufficient Funds,8,0,5,101012.71,0
TXN-13221,CUST-2791,8566.85,UPI,Authentication Failed,12,0,2,80925.34,0
TXN-13222,CUST-1770,11592.48,Net Banking,Temporary Bank/Network Error,7,0,1,60557.81,0
TXN-13223,CUST-2990,16665.34,UPI,Temporary Bank/Network Error,3,0,1,109672.79,0
TXN-13224,CUST-2159,7386.43,Debit Card,Payment Gateway Timeout,10,1,5,108009.08,1
TXN-13225,CUST-3439,4867.86,Net Banking,Insufficient Funds,7,0,0,28507.16,0
TXN-13226,CUST-2940,11835.21,Credit Card,Authentication Failed,11,1,2,84163.86,1
TXN-13227,CUST-3068,6998.6,Wallet,Temporary Bank/Network Error,11,0,1,189459.13,1
TXN-13228,CUST-3290,16971.5,Net Banking,Insufficient Funds,8,0,0,90429.04,0
TXN-13229,CUST-3298,6621.59,Wallet,Temporary Bank/Network Error,5,0,1,37044.86,0
TXN-13230,CUST-2687,7316.02,Net Banking,Temporary Bank/Network Error,5,0,0,37668.01,0
TXN-13231,CUST-2125,15591.69,Credit Card,Authentication Failed,8,0,1,66832.36,0
TXN-13232,CUST-2603,3974.87,Credit Card,Temporary Bank/Network Error,6,0,0,138045.58,1
TXN-13233,CUST-2682,9189.4,UPI,Temporary Bank/Network Error,7,0,1,61318.92,1
TXN-13234,CUST-1286,2918.45,Net Banking,Authentication Failed,9,0,1,56091.21,0
TXN-13235,CUST-1177,8442.21,Debit Card,Card Expired,6,0,0,91563.02,0
TXN-13236,CUST-1466,14826.2,UPI,Temporary Bank/Network Error,6,1,2,85968.43,1
TXN-13237,CUST-2554,12242.38,Debit Card,Authentication Failed,6,1,0,91474.68,0
TXN-13238,CUST-2884,5412.45,UPI,Temporary Bank/Network Error,5,0,1,96301.58,0
TXN-13239,CUST-2388,8467.46,Debit Card,Insufficient Funds,6,1,0,138684.53,0
TXN-13240,CUST-2479,6525.84,Net Banking,Insufficient Funds,12,1,2,91501.69,1
TXN-13241,CUST-1540,7483.16,UPI,Payment Gateway Timeout,9,0,2,55409.53,1
TXN-13242,CUST-1280,6254.39,Credit Card,Authentication Failed,10,1,2,47613.33,1
TXN-13243,CUST-3313,6243.82,Debit Card,Card Expired,8,1,1,98888.97,0
TXN-13244,CUST-2906,4539.33,UPI,Payment Gateway Timeout,6,1,4,51922.36,0
TXN-13245,CUST-2160,5785.59,Credit Card,Temporary Bank/Network Error,7,0,1,36494.59,1
TXN-13246,CUST-2270,3308.86,UPI,Card Expired,4,1,2,88799.43,0
TXN-13247,CUST-3182,6566.68,UPI,Temporary Bank/Network Error,10,0,0,92627.37,1
TXN-13248,CUST-2837,3400.47,Debit Card,Insufficient Funds,4,1,2,54976.72,0
TXN-13249,CUST-3152,2436.5,UPI,Temporary Bank/Network Error,6,1,2,75944.56,1
TXN-13250,CUST-3166,5317.61,Net Banking,Payment Gateway Timeout,2,1,2,82099.45,0
TXN-13251,CUST-1097,6661.42,Credit Card,Temporary Bank/Network Error,6,0,1,77254.95,1
TXN-13252,CUST-1687,6075.54,Wallet,Insufficient Funds,8,0,2,138342.97,0
TXN-13253,CUST-1585,2135.92,Net Banking,Insufficient Funds,13,0,2,65808.74,0
TXN-13254,CUST-2710,16062.1,UPI,Temporary Bank/Network Error,7,0,1,92126.27,1
TXN-13255,CUST-1188,3868.5,Credit Card,Insufficient Funds,5,1,0,59031.7,0
TXN-13256,CUST-1373,7560.51,UPI,Temporary Bank/Network Error,10,1,3,67587.61,1
TXN-13257,CUST-2101,12610.92,Debit Card,Temporary Bank/Network Error,8,1,1,79690.33,1
TXN-13258,CUST-1072,10915.6,UPI,Temporary Bank/Network Error,7,1,2,25378.46,1
TXN-13259,CUST-2592,6558.67,Net Banking,Temporary Bank/Network Error,10,0,0,134469.06,1
TXN-13260,CUST-3406,24783.29,Credit Card,Payment Gateway Timeout,5,1,0,124684.06,1
TXN-13261,CUST-1333,4454.62,Credit Card,Temporary Bank/Network Error,8,1,0,75861.21,1
TXN-13262,CUST-2058,5060.51,UPI,Temporary Bank/Network Error,7,1,2,102511.17,1
TXN-13263,CUST-2081,4977.9,Debit Card,Insufficient Funds,10,0,1,72214.99,0
TXN-13264,CUST-1141,21131.51,UPI,Temporary Bank/Network Error,10,0,3,35501.45,1
TXN-13265,CUST-3095,4307.35,UPI,Insufficient Funds,6,0,1,60078.92,0
TXN-13266,CUST-2825,12089.44,Debit Card,Authentication Failed,11,1,3,53377.22,0
TXN-13267,CUST-2105,5578.85,UPI,Temporary Bank/Network Error,7,1,2,53423.0,1
TXN-13268,CUST-1485,1388.47,UPI,Temporary Bank/Network Error,5,0,0,56509.09,1
TXN-13269,CUST-1315,6453.38,UPI,Authentication Failed,8,0,1,79732.73,0
TXN-13270,CUST-3177,7199.08,Net Banking,Temporary Bank/Network Error,10,0,0,132601.27,1
TXN-13271,CUST-2569,10923.36,Net Banking,Authentication Failed,8,0,2,72081.82,0
TXN-13272,CUST-2152,8010.9,UPI,Payment Gateway Timeout,8,1,0,119786.77,1
TXN-13273,CUST-2992,8896.58,Net Banking,Temporary Bank/Network Error,8,1,4,156459.35,1
TXN-13274,CUST-2597,7144.09,UPI,Insufficient Funds,10,0,0,242678.81,1
TXN-13275,CUST-1730,2646.78,Credit Card,Insufficient Funds,8,0,4,83941.08,0
TXN-13276,CUST-1919,7243.87,UPI,Temporary Bank/Network Error,8,0,1,91762.9,1
TXN-13277,CUST-2570,2061.98,UPI,Insufficient Funds,10,0,1,213277.58,0
TXN-13278,CUST-1796,6862.37,Credit Card,Insufficient Funds,9,0,3,107927.13,0
TXN-13279,CUST-2250,3981.43,Credit Card,Insufficient Funds,9,0,2,31948.67,0
TXN-13280,CUST-1178,10950.39,Credit Card,Payment Gateway Timeout,10,1,0,163350.7,1
TXN-13281,CUST-2273,10885.44,Net Banking,Payment Gateway Timeout,13,0,1,66657.86,1
TXN-13282,CUST-1533,10318.02,UPI,Insufficient Funds,6,1,1,80483.7,0
TXN-13283,CUST-2461,7879.79,UPI,Payment Gateway Timeout,12,1,3,52819.68,1
TXN-13284,CUST-2322,6548.22,Credit Card,Insufficient Funds,6,0,1,57002.39,0
TXN-13285,CUST-1898,9036.34,UPI,Authentication Failed,11,1,3,147504.64,1
TXN-13286,CUST-1406,11764.19,Net Banking,Card Expired,5,1,0,45439.34,0
TXN-13287,CUST-2095,2689.91,Credit Card,Authentication Failed,5,1,2,102481.82,0
TXN-13288,CUST-1839,8206.27,Wallet,Temporary Bank/Network Error,7,1,2,62148.57,1
TXN-13289,CUST-2843,5881.39,UPI,Authentication Failed,13,0,3,46328.93,0
TXN-13290,CUST-2643,7387.63,Credit Card,Temporary Bank/Network Error,9,1,2,80686.6,1
TXN-13291,CUST-1798,4411.65,Wallet,Temporary Bank/Network Error,6,0,1,124469.82,1
TXN-13292,CUST-1310,14084.1,UPI,Card Expired,6,0,2,40633.74,0
TXN-13293,CUST-2935,7190.66,Credit Card,Temporary Bank/Network Error,7,0,1,39656.58,1
TXN-13294,CUST-1345,11944.23,Credit Card,Insufficient Funds,10,1,2,94136.8,1
TXN-13295,CUST-1153,2913.16,Credit Card,Insufficient Funds,13,0,2,27354.41,0
TXN-13296,CUST-3243,4054.61,UPI,Temporary Bank/Network Error,6,0,1,57875.99,0
TXN-13297,CUST-1833,5852.15,Net Banking,Insufficient Funds,14,1,1,24520.74,1
TXN-13298,CUST-2561,5726.45,Net Banking,Temporary Bank/Network Error,7,1,2,59508.7,1
TXN-13299,CUST-3460,10021.79,UPI,Insufficient Funds,11,0,1,40865.07,0
TXN-13300,CUST-3196,7360.0,Credit Card,Authentication Failed,3,0,1,76508.84,0
TXN-13301,CUST-1764,6045.36,Credit Card,Temporary Bank/Network Error,7,0,0,34610.47,1
TXN-13302,CUST-2770,6516.25,UPI,Payment Gateway Timeout,5,0,3,132411.75,0
TXN-13303,CUST-1322,3488.42,Credit Card,Temporary Bank/Network Error,9,0,3,38961.15,1
TXN-13304,CUST-2871,7587.91,Debit Card,Card Expired,11,0,1,150612.3,0
TXN-13305,CUST-2865,2980.61,Credit Card,Authentication Failed,3,0,4,41861.72,0
TXN-13306,CUST-2046,7174.21,Debit Card,Card Expired,8,1,1,33394.84,0
TXN-13307,CUST-3412,6878.83,Wallet,Temporary Bank/Network Error,13,0,0,198275.94,1
TXN-13308,CUST-3200,6302.06,Credit Card,Payment Gateway Timeout,9,0,1,144386.27,1
TXN-13309,CUST-2844,4861.55,Net Banking,Insufficient Funds,7,1,1,97431.69,0
TXN-13310,CUST-1960,5328.74,Debit Card,Insufficient Funds,9,1,0,89473.95,1
TXN-13311,CUST-2202,7461.5,UPI,Authentication Failed,7,0,1,83355.08,0
TXN-13312,CUST-2311,10715.66,UPI,Authentication Failed,10,1,3,79429.2,0
TXN-13313,CUST-1364,1958.67,UPI,Temporary Bank/Network Error,4,0,0,137245.07,1
TXN-13314,CUST-3302,21164.99,Net Banking,Card Expired,13,1,0,103068.0,1
TXN-13315,CUST-2262,3136.1,Net Banking,Temporary Bank/Network Error,10,0,0,124174.24,1
TXN-13316,CUST-1720,5277.49,Credit Card,Insufficient Funds,11,1,0,76410.32,1
TXN-13317,CUST-3066,11209.86,UPI,Authentication Failed,6,0,0,90521.14,0
TXN-13318,CUST-2854,3462.03,Net Banking,Payment Gateway Timeout,5,1,0,39116.93,1
TXN-13319,CUST-3194,4554.04,UPI,Temporary Bank/Network Error,14,1,0,111094.44,1
TXN-13320,CUST-1422,8080.05,UPI,Temporary Bank/Network Error,10,0,2,79239.31,1
TXN-13321,CUST-3225,3649.41,Net Banking,Payment Gateway Timeout,7,1,1,89649.85,1
TXN-13322,CUST-1396,17784.72,Net Banking,Insufficient Funds,6,1,4,58757.56,0
TXN-13323,CUST-1790,7355.05,Debit Card,Payment Gateway Timeout,11,1,1,65663.4,1
TXN-13324,CUST-2060,10700.2,Debit Card,Temporary Bank/Network Error,7,0,3,110808.86,0
TXN-13325,CUST-1582,5594.76,UPI,Card Expired,7,0,2,74188.9,0
TXN-13326,CUST-1788,5009.9,Credit Card,Temporary Bank/Network Error,7,1,1,24379.37,1
TXN-13327,CUST-3341,7633.77,UPI,Temporary Bank/Network Error,9,1,1,133277.58,1
TXN-13328,CUST-1209,8234.14,Credit Card,Insufficient Funds,6,1,1,45360.16,0
TXN-13329,CUST-3187,12002.5,UPI,Payment Gateway Timeout,3,1,0,54685.65,1
TXN-13330,CUST-2018,4883.93,Wallet,Card Expired,10,1,1,66734.72,1
TXN-13331,CUST-1718,7588.38,Credit Card,Card Expired,8,1,0,70505.82,1
TXN-13332,CUST-1720,4534.55,Net Banking,Payment Gateway Timeout,9,1,2,104994.62,1
TXN-13333,CUST-3455,12497.98,Debit Card,Temporary Bank/Network Error,7,1,0,110024.79,1
TXN-13334,CUST-2933,20489.84,UPI,Temporary Bank/Network Error,10,0,3,177047.69,1
TXN-13335,CUST-1241,8046.87,Debit Card,Card Expired,6,1,2,21031.35,0
TXN-13336,CUST-3135,6693.85,UPI,Payment Gateway Timeout,7,0,1,26860.37,0
TXN-13337,CUST-1272,4511.42,UPI,Temporary Bank/Network Error,10,1,1,48910.76,1
TXN-13338,CUST-1896,7342.4,UPI,Insufficient Funds,8,0,4,67347.1,0
TXN-13339,CUST-3300,5388.46,UPI,Authentication Failed,4,0,1,248388.32,0
TXN-13340,CUST-3483,20232.04,Debit Card,Payment Gateway Timeout,8,1,0,139226.3,1
TXN-13341,CUST-2896,9358.35,Debit Card,Temporary Bank/Network Error,8,1,0,133296.53,1
TXN-13342,CUST-1687,3324.92,UPI,Insufficient Funds,4,0,0,79765.21,0
TXN-13343,CUST-2949,6365.31,Credit Card,Temporary Bank/Network Error,10,1,1,104524.08,1
TXN-13344,CUST-1790,8890.26,UPI,Temporary Bank/Network Error,15,0,0,165988.62,1
TXN-13345,CUST-1368,4075.78,UPI,Insufficient Funds,11,0,0,128990.98,1
TXN-13346,CUST-3488,10082.98,UPI,Authentication Failed,12,1,1,74345.49,1
TXN-13347,CUST-1700,11280.22,Net Banking,Authentication Failed,9,1,1,61776.87,0
TXN-13348,CUST-3057,4187.62,Debit Card,Temporary Bank/Network Error,8,1,2,62996.27,1
TXN-13349,CUST-2660,5330.8,Credit Card,Insufficient Funds,11,0,3,63597.07,0
TXN-13350,CUST-1126,8326.09,Credit Card,Insufficient Funds,9,0,4,82012.76,0
TXN-13351,CUST-3385,3042.76,Debit Card,Insufficient Funds,8,0,1,97225.66,0
TXN-13352,CUST-1054,13557.94,Net Banking,Insufficient Funds,9,0,0,227476.94,0
TXN-13353,CUST-1556,9441.36,UPI,Temporary Bank/Network Error,8,1,2,46252.55,1
TXN-13354,CUST-1449,8608.53,UPI,Payment Gateway Timeout,15,0,3,94303.16,1
TXN-13355,CUST-1095,7884.01,UPI,Temporary Bank/Network Error,6,0,0,104831.02,1
TXN-13356,CUST-3294,10977.51,Net Banking,Payment Gateway Timeout,9,1,2,25765.87,1
TXN-13357,CUST-1441,8259.45,Credit Card,Card Expired,4,1,3,171623.02,0
TXN-13358,CUST-2083,7008.08,UPI,Insufficient Funds,5,0,3,138902.96,0
TXN-13359,CUST-1298,4398.23,Wallet,Temporary Bank/Network Error,8,0,2,119935.75,1
TXN-13360,CUST-1729,2247.63,Credit Card,Temporary Bank/Network Error,8,1,1,135042.68,1
TXN-13361,CUST-1092,5203.74,UPI,Authentication Failed,7,0,1,81748.97,0
TXN-13362,CUST-3139,5195.7,Credit Card,Insufficient Funds,8,1,4,194856.89,0
TXN-13363,CUST-2583,11171.76,Net Banking,Card Expired,4,1,3,57138.83,0
TXN-13364,CUST-2912,3870.39,Credit Card,Insufficient Funds,5,1,6,124884.78,0
TXN-13365,CUST-3156,9936.12,Net Banking,Payment Gateway Timeout,10,1,1,147401.22,1
TXN-13366,CUST-2337,5075.94,Wallet,Insufficient Funds,10,0,1,47547.44,0
TXN-13367,CUST-2897,6486.1,Credit Card,Card Expired,5,1,1,55887.7,0
TXN-13368,CUST-1343,13367.55,Wallet,Insufficient Funds,2,1,0,69203.44,0
TXN-13369,CUST-3135,10202.37,Credit Card,Insufficient Funds,6,1,0,23469.73,0
TXN-13370,CUST-1514,6846.02,Net Banking,Authentication Failed,9,0,1,124476.13,0
TXN-13371,CUST-2241,7994.85,Net Banking,Insufficient Funds,10,0,0,97899.67,0
TXN-13372,CUST-3488,1938.54,UPI,Card Expired,14,1,3,25395.3,1
TXN-13373,CUST-3074,5204.48,Credit Card,Temporary Bank/Network Error,11,0,2,126414.01,1
TXN-13374,CUST-2992,6603.85,Credit Card,Authentication Failed,12,1,3,121196.48,1
TXN-13375,CUST-1375,24783.93,UPI,Payment Gateway Timeout,8,1,0,152730.01,1
TXN-13376,CUST-2313,7435.64,UPI,Insufficient Funds,14,0,6,84913.5,0
TXN-13377,CUST-1887,5041.45,UPI,Insufficient Funds,5,0,1,62438.8,0
TXN-13378,CUST-1076,11085.57,Wallet,Payment Gateway Timeout,5,0,1,115929.7,0
TXN-13379,CUST-1756,3794.81,UPI,Payment Gateway Timeout,8,1,3,51679.54,1
TXN-13380,CUST-2230,2504.88,UPI,Temporary Bank/Network Error,13,0,0,36044.91,1
TXN-13381,CUST-1777,10302.31,UPI,Payment Gateway Timeout,7,0,2,42429.87,0
TXN-13382,CUST-3239,12974.03,Credit Card,Temporary Bank/Network Error,10,0,3,60602.06,1
TXN-13383,CUST-2167,4958.43,UPI,Temporary Bank/Network Error,7,0,1,70584.81,1
TXN-13384,CUST-2407,8124.27,UPI,Temporary Bank/Network Error,8,0,1,63329.52,1
TXN-13385,CUST-2481,8129.03,Net Banking,Temporary Bank/Network Error,6,0,3,63476.5,0
TXN-13386,CUST-3160,12472.63,Net Banking,Authentication Failed,8,0,1,138211.66,0
TXN-13387,CUST-1058,6017.63,Credit Card,Payment Gateway Timeout,8,0,2,112807.24,0
TXN-13388,CUST-2648,3078.19,Credit Card,Temporary Bank/Network Error,6,0,0,97357.5,1
TXN-13389,CUST-3152,8564.06,Credit Card,Payment Gateway Timeout,11,1,1,66327.46,1
TXN-13390,CUST-1096,3898.3,Credit Card,Temporary Bank/Network Error,11,1,4,114147.71,1
TXN-13391,CUST-2036,5597.3,UPI,Payment Gateway Timeout,6,0,1,81230.14,0
TXN-13392,CUST-1560,4557.13,Net Banking,Authentication Failed,6,1,1,50677.57,0
TXN-13393,CUST-3431,14277.41,Credit Card,Insufficient Funds,8,1,2,171567.73,1
TXN-13394,CUST-1083,20956.16,UPI,Payment Gateway Timeout,6,0,2,36986.08,0
TXN-13395,CUST-1810,5048.63,UPI,Card Expired,8,0,0,127259.78,0
TXN-13396,CUST-1964,24392.15,Debit Card,Insufficient Funds,12,1,1,70303.37,1
TXN-13397,CUST-1135,6186.51,Credit Card,Insufficient Funds,5,0,0,85984.23,0
TXN-13398,CUST-1970,6119.66,Net Banking,Insufficient Funds,16,0,2,86917.74,1
TXN-13399,CUST-1528,5096.73,UPI,Insufficient Funds,8,1,1,84962.7,1
TXN-13400,CUST-2483,7772.8,UPI,Temporary Bank/Network Error,3,1,1,38495.69,1
TXN-13401,CUST-1755,4201.01,UPI,Insufficient Funds,9,0,1,77138.51,0
TXN-13402,CUST-1469,6230.4,UPI,Insufficient Funds,3,0,1,75762.84,0
TXN-13403,CUST-2136,18298.94,UPI,Temporary Bank/Network Error,10,1,1,135034.7,1
TXN-13404,CUST-2777,6871.57,Net Banking,Card Expired,7,1,1,56950.33,0
TXN-13405,CUST-2271,7605.01,UPI,Temporary Bank/Network Error,12,1,2,68726.84,1
TXN-13406,CUST-3327,5249.11,UPI,Insufficient Funds,9,1,2,60305.27,0
TXN-13407,CUST-3491,982.49,Credit Card,Temporary Bank/Network Error,9,1,1,116447.37,1
TXN-13408,CUST-2656,10790.64,Credit Card,Card Expired,9,1,1,107759.02,1
TXN-13409,CUST-2125,7208.06,Credit Card,Temporary Bank/Network Error,13,1,0,56756.77,1
TXN-13410,CUST-2153,6013.72,UPI,Insufficient Funds,7,1,2,92116.84,0
TXN-13411,CUST-2537,7359.44,Wallet,Payment Gateway Timeout,8,0,0,122531.53,1
TXN-13412,CUST-1496,4076.18,UPI,Temporary Bank/Network Error,4,1,0,116821.54,1
TXN-13413,CUST-2249,5235.36,UPI,Insufficient Funds,10,1,5,40232.83,0
TXN-13414,CUST-3324,6331.58,Debit Card,Temporary Bank/Network Error,9,1,2,146497.77,1
TXN-13415,CUST-1434,10028.35,UPI,Temporary Bank/Network Error,6,0,1,89626.61,1
TXN-13416,CUST-2729,12411.34,Wallet,Authentication Failed,13,1,1,98140.22,1
TXN-13417,CUST-3415,11516.12,Wallet,Payment Gateway Timeout,6,1,1,39253.81,1
TXN-13418,CUST-1311,15252.69,UPI,Insufficient Funds,10,0,4,66467.36,0
TXN-13419,CUST-1937,6619.36,UPI,Authentication Failed,14,0,2,80950.75,0
TXN-13420,CUST-3077,11191.0,UPI,Authentication Failed,5,1,4,58640.74,0
TXN-13421,CUST-1204,3358.82,UPI,Insufficient Funds,9,0,0,29004.53,0
TXN-13422,CUST-2379,9200.28,UPI,Insufficient Funds,10,1,2,75053.65,1
TXN-13423,CUST-1554,6845.9,Credit Card,Authentication Failed,8,1,3,48954.88,0
TXN-13424,CUST-3135,7500.38,UPI,Card Expired,7,1,4,47304.98,0
TXN-13425,CUST-1454,4049.25,UPI,Insufficient Funds,6,0,3,118824.17,0
TXN-13426,CUST-3402,7389.83,UPI,Card Expired,3,1,0,121403.57,0
TXN-13427,CUST-1013,10359.99,Net Banking,Payment Gateway Timeout,3,1,1,67100.85,0
TXN-13428,CUST-3414,15586.33,Net Banking,Temporary Bank/Network Error,10,1,4,131487.73,1
TXN-13429,CUST-3260,14309.57,Wallet,Temporary Bank/Network Error,7,0,2,142600.8,0
TXN-13430,CUST-1438,14793.29,UPI,Temporary Bank/Network Error,7,1,0,28625.89,1
TXN-13431,CUST-2589,14694.63,UPI,Authentication Failed,9,0,1,82110.16,0
TXN-13432,CUST-1936,4760.1,Debit Card,Temporary Bank/Network Error,8,0,1,43884.14,1
TXN-13433,CUST-1642,9672.58,Credit Card,Authentication Failed,9,1,1,69517.83,1
TXN-13434,CUST-1727,6701.85,Net Banking,Payment Gateway Timeout,9,0,1,94469.64,1
TXN-13435,CUST-1826,11829.04,Credit Card,Temporary Bank/Network Error,8,1,0,131088.29,1
TXN-13436,CUST-3316,4533.11,UPI,Payment Gateway Timeout,8,1,1,35030.17,1
TXN-13437,CUST-3383,11548.49,Debit Card,Card Expired,13,1,2,58069.01,1
TXN-13438,CUST-2368,5548.69,Debit Card,Payment Gateway Timeout,4,1,1,163667.72,1
TXN-13439,CUST-2309,8962.25,UPI,Temporary Bank/Network Error,6,1,0,42410.37,1
TXN-13440,CUST-1805,5456.52,UPI,Temporary Bank/Network Error,9,0,1,65961.88,1
TXN-13441,CUST-3192,11502.44,Credit Card,Authentication Failed,8,1,1,23908.02,0
TXN-13442,CUST-2210,10003.35,UPI,Card Expired,8,1,1,43445.92,0
TXN-13443,CUST-1509,8247.41,UPI,Authentication Failed,6,0,0,40476.95,0
TXN-13444,CUST-3315,7274.09,Net Banking,Authentication Failed,5,1,0,65839.64,0
TXN-13445,CUST-3064,14746.93,Net Banking,Temporary Bank/Network Error,8,1,0,40821.39,1
TXN-13446,CUST-3184,2318.63,Credit Card,Payment Gateway Timeout,6,1,0,62034.78,1
TXN-13447,CUST-2029,5265.09,Credit Card,Insufficient Funds,6,0,1,132150.21,0
TXN-13448,CUST-2890,8868.65,UPI,Card Expired,8,0,1,74505.73,0
TXN-13449,CUST-1139,7050.45,UPI,Authentication Failed,7,0,2,200336.78,0
TXN-13450,CUST-1654,2568.22,UPI,Card Expired,6,0,2,79714.59,0
TXN-13451,CUST-3216,3523.3,Debit Card,Authentication Failed,4,0,1,253383.7,0
TXN-13452,CUST-2511,6316.65,UPI,Temporary Bank/Network Error,10,1,1,35043.56,1
TXN-13453,CUST-2795,9633.84,Debit Card,Authentication Failed,12,1,0,41877.84,1
TXN-13454,CUST-1718,5589.74,Debit Card,Insufficient Funds,8,0,0,130235.34,0
TXN-13455,CUST-2970,4753.04,Debit Card,Card Expired,9,1,1,58245.36,0
TXN-13456,CUST-2928,12054.09,UPI,Temporary Bank/Network Error,8,0,2,263556.3,1
TXN-13457,CUST-2756,15985.29,Net Banking,Temporary Bank/Network Error,9,0,3,44017.04,0
TXN-13458,CUST-1214,10588.36,Debit Card,Insufficient Funds,12,0,2,124449.45,0
TXN-13459,CUST-2512,2168.24,UPI,Insufficient Funds,6,0,1,50400.59,0
TXN-13460,CUST-1435,17586.26,Wallet,Insufficient Funds,9,0,1,86176.21,0
TXN-13461,CUST-1998,4310.75,Debit Card,Temporary Bank/Network Error,7,1,3,148504.14,1
TXN-13462,CUST-3340,6329.82,UPI,Temporary Bank/Network Error,5,1,0,50406.85,1
TXN-13463,CUST-2417,5224.09,Debit Card,Insufficient Funds,7,0,1,66192.4,0
TXN-13464,CUST-2575,8415.47,Net Banking,Temporary Bank/Network Error,10,1,3,193571.91,1
TXN-13465,CUST-2705,8630.63,UPI,Payment Gateway Timeout,10,1,2,34884.17,1
TXN-13466,CUST-3107,3027.55,UPI,Temporary Bank/Network Error,8,1,2,70126.85,1
TXN-13467,CUST-2776,12353.48,Credit Card,Insufficient Funds,8,0,3,131535.27,0
TXN-13468,CUST-1653,6816.58,Debit Card,Authentication Failed,10,1,0,34148.35,1
TXN-13469,CUST-3409,5528.92,Debit Card,Card Expired,7,1,1,76541.16,0
TXN-13470,CUST-1357,5252.35,Credit Card,Insufficient Funds,12,0,1,62177.26,0
TXN-13471,CUST-2011,6118.83,Credit Card,Temporary Bank/Network Error,11,1,7,50108.65,1
TXN-13472,CUST-3237,4622.16,UPI,Card Expired,4,1,1,88945.46,0
TXN-13473,CUST-2993,4461.39,UPI,Temporary Bank/Network Error,11,1,1,38667.02,1
TXN-13474,CUST-1065,5408.29,Credit Card,Temporary Bank/Network Error,14,0,1,109923.24,1
TXN-13475,CUST-2809,2975.9,UPI,Insufficient Funds,7,1,2,48665.12,0
TXN-13476,CUST-1453,20167.85,Credit Card,Card Expired,9,0,2,80288.77,0
TXN-13477,CUST-1375,9403.65,Net Banking,Temporary Bank/Network Error,9,1,0,49757.71,1
TXN-13478,CUST-2584,6769.8,UPI,Authentication Failed,9,0,0,105169.94,0
TXN-13479,CUST-2734,6898.61,Net Banking,Authentication Failed,8,1,1,68518.31,0
TXN-13480,CUST-1746,12816.97,Net Banking,Authentication Failed,6,0,1,64257.96,0
TXN-13481,CUST-2500,3366.55,UPI,Authentication Failed,11,0,0,77002.51,1
TXN-13482,CUST-2682,7665.42,Debit Card,Insufficient Funds,15,0,0,125767.06,1
TXN-13483,CUST-3035,7461.81,UPI,Card Expired,12,0,2,52137.96,0
TXN-13484,CUST-2195,5769.94,UPI,Temporary Bank/Network Error,5,0,1,106180.71,1
TXN-13485,CUST-3091,5103.82,Debit Card,Insufficient Funds,7,1,3,58795.55,0
TXN-13486,CUST-2781,9477.9,Debit Card,Temporary Bank/Network Error,6,1,1,53125.95,1
TXN-13487,CUST-2723,8714.56,UPI,Authentication Failed,9,0,2,32108.69,0
TXN-13488,CUST-1632,5694.71,Credit Card,Temporary Bank/Network Error,3,0,1,43335.52,0
TXN-13489,CUST-3399,7708.28,Net Banking,Insufficient Funds,10,0,1,80346.83,0
TXN-13490,CUST-1905,5123.79,Credit Card,Authentication Failed,7,1,1,51316.38,0
TXN-13491,CUST-2189,7904.95,UPI,Card Expired,6,1,0,86720.2,0
TXN-13492,CUST-2008,6549.43,UPI,Payment Gateway Timeout,11,0,6,173814.74,0
TXN-13493,CUST-1383,17171.91,UPI,Insufficient Funds,2,0,2,67277.92,0
TXN-13494,CUST-3480,5467.56,UPI,Card Expired,9,1,3,50824.04,0
TXN-13495,CUST-3098,10921.38,UPI,Insufficient Funds,3,1,2,69049.7,0
TXN-13496,CUST-1688,8049.77,Wallet,Authentication Failed,2,1,1,57670.14,0
TXN-13497,CUST-3389,9021.19,Debit Card,Insufficient Funds,8,1,2,105683.92,0
TXN-13498,CUST-2373,5966.54,UPI,Temporary Bank/Network Error,13,0,2,100829.12,1
TXN-13499,CUST-1465,8142.38,UPI,Card Expired,13,1,3,71179.47,1
TXN-13500,CUST-2733,3130.88,Net Banking,Card Expired,12,1,2,73136.56,1
TXN-13501,CUST-2854,5414.55,Credit Card,Insufficient Funds,5,1,2,125102.63,0
TXN-13502,CUST-1352,3831.45,Debit Card,Payment Gateway Timeout,6,0,0,110478.17,1
TXN-13503,CUST-1385,12444.45,UPI,Temporary Bank/Network Error,9,0,4,82696.3,0
TXN-13504,CUST-2008,11666.33,Credit Card,Temporary Bank/Network Error,6,1,3,33836.22,1
TXN-13505,CUST-2208,7345.19,Credit Card,Authentication Failed,9,0,7,272765.74,0
TXN-13506,CUST-2493,3809.97,Debit Card,Authentication Failed,6,1,4,212879.12,0
TXN-13507,CUST-2226,10448.95,Credit Card,Payment Gateway Timeout,7,0,2,108441.47,0
TXN-13508,CUST-2001,16924.17,Debit Card,Authentication Failed,5,1,0,68675.02,0
TXN-13509,CUST-1498,8368.0,Wallet,Payment Gateway Timeout,10,0,1,101939.12,1
TXN-13510,CUST-1370,7088.29,UPI,Temporary Bank/Network Error,7,1,2,155837.13,1
TXN-13511,CUST-2781,3865.5,Credit Card,Insufficient Funds,15,1,0,113486.31,1
TXN-13512,CUST-2366,9244.68,UPI,Authentication Failed,6,0,1,54991.16,0
TXN-13513,CUST-3375,5818.75,Debit Card,Card Expired,7,0,2,43597.48,0
TXN-13514,CUST-3338,2445.64,Debit Card,Authentication Failed,8,1,2,67033.2,0
TXN-13515,CUST-2929,3007.81,UPI,Temporary Bank/Network Error,10,1,1,68967.76,1
TXN-13516,CUST-3057,2817.62,Wallet,Temporary Bank/Network Error,15,0,1,48796.67,1
TXN-13517,CUST-2533,12391.11,UPI,Temporary Bank/Network Error,7,1,1,30148.79,1
TXN-13518,CUST-2832,5943.16,UPI,Payment Gateway Timeout,14,0,1,72860.05,1
TXN-13519,CUST-3314,5654.84,UPI,Temporary Bank/Network Error,6,1,1,75538.71,1
TXN-13520,CUST-3205,4406.36,UPI,Insufficient Funds,7,0,2,75903.72,0
TXN-13521,CUST-3218,10617.42,Net Banking,Temporary Bank/Network Error,2,1,2,51407.29,0
TXN-13522,CUST-2195,7801.08,Net Banking,Insufficient Funds,8,0,0,85747.08,0
TXN-13523,CUST-1030,5724.57,UPI,Card Expired,4,1,3,49197.03,0
TXN-13524,CUST-2291,5307.76,Net Banking,Insufficient Funds,5,1,1,103873.52,0
TXN-13525,CUST-2568,25634.01,UPI,Temporary Bank/Network Error,7,0,2,77982.03,0
TXN-13526,CUST-1073,3952.34,UPI,Insufficient Funds,4,0,0,115739.76,0
TXN-13527,CUST-1622,2846.93,UPI,Authentication Failed,2,1,1,107413.38,0
TXN-13528,CUST-1529,16263.92,Credit Card,Authentication Failed,9,0,1,73774.58,0
TXN-13529,CUST-3361,13967.12,Credit Card,Temporary Bank/Network Error,7,1,2,73404.97,1
TXN-13530,CUST-2596,5760.33,Debit Card,Insufficient Funds,6,0,2,41385.05,0
TXN-13531,CUST-2030,16443.34,Debit Card,Temporary Bank/Network Error,10,0,1,112948.34,1
TXN-13532,CUST-2582,11760.7,Debit Card,Authentication Failed,6,0,1,33950.53,0
TXN-13533,CUST-1135,11427.63,Debit Card,Authentication Failed,6,0,1,53745.63,0
TXN-13534,CUST-3263,4055.6,UPI,Payment Gateway Timeout,8,1,0,80754.37,1
TXN-13535,CUST-1258,7159.8,Credit Card,Temporary Bank/Network Error,10,0,3,63964.11,1
TXN-13536,CUST-1853,3425.45,UPI,Temporary Bank/Network Error,6,0,0,115075.71,1
TXN-13537,CUST-2535,21995.13,Wallet,Payment Gateway Timeout,10,1,2,47108.36,1
TXN-13538,CUST-1869,6431.32,Credit Card,Authentication Failed,7,0,2,75783.44,0
TXN-13539,CUST-1302,7639.55,Credit Card,Payment Gateway Timeout,13,1,0,175190.19,1
TXN-13540,CUST-3388,6475.3,Credit Card,Payment Gateway Timeout,4,0,2,93542.93,0
TXN-13541,CUST-1167,6391.0,Credit Card,Authentication Failed,10,1,1,25210.65,1
TXN-13542,CUST-1837,22415.76,UPI,Insufficient Funds,9,0,1,89687.51,0
TXN-13543,CUST-1142,14592.85,UPI,Insufficient Funds,13,0,0,138892.51,1
TXN-13544,CUST-1159,6218.61,Debit Card,Authentication Failed,7,0,1,90571.13,0
TXN-13545,CUST-1486,6810.22,Debit Card,Card Expired,4,1,1,40904.02,0
TXN-13546,CUST-1037,8015.35,UPI,Payment Gateway Timeout,9,0,0,57612.68,1
TXN-13547,CUST-2312,6560.13,Debit Card,Temporary Bank/Network Error,5,1,2,41687.52,1
TXN-13548,CUST-2452,13772.41,Debit Card,Temporary Bank/Network Error,8,1,2,194919.85,1
TXN-13549,CUST-1253,10061.32,Wallet,Payment Gateway Timeout,9,0,1,53949.15,1
TXN-13550,CUST-2410,13000.94,Credit Card,Temporary Bank/Network Error,4,0,1,92567.61,0
TXN-13551,CUST-2171,4138.33,UPI,Authentication Failed,8,1,1,121706.9,1
TXN-13552,CUST-2073,6457.26,UPI,Insufficient Funds,6,1,2,195701.34,0
TXN-13553,CUST-1291,12221.33,Wallet,Temporary Bank/Network Error,14,1,0,60111.54,1
TXN-13554,CUST-1707,4122.69,Debit Card,Payment Gateway Timeout,3,1,0,157382.24,1
TXN-13555,CUST-2140,7609.15,Wallet,Payment Gateway Timeout,9,1,0,225222.41,1
TXN-13556,CUST-2848,6921.72,Credit Card,Temporary Bank/Network Error,5,0,1,96451.44,0
TXN-13557,CUST-1923,7245.3,UPI,Temporary Bank/Network Error,11,1,0,59235.96,1
TXN-13558,CUST-1684,11521.13,Debit Card,Temporary Bank/Network Error,8,1,1,74478.01,1
TXN-13559,CUST-3131,6495.81,UPI,Payment Gateway Timeout,7,1,3,131807.06,1
TXN-13560,CUST-2667,5534.81,Net Banking,Insufficient Funds,7,1,1,57866.68,0
TXN-13561,CUST-1962,6894.83,Debit Card,Insufficient Funds,6,0,0,91132.74,0
TXN-13562,CUST-1115,4024.52,Wallet,Insufficient Funds,8,0,0,78053.85,0
TXN-13563,CUST-1372,5634.17,Debit Card,Insufficient Funds,6,1,2,55287.36,0
TXN-13564,CUST-2767,6479.92,Credit Card,Payment Gateway Timeout,9,1,2,103075.79,1
TXN-13565,CUST-1033,6343.84,Net Banking,Authentication Failed,11,1,3,94507.46,0
TXN-13566,CUST-2273,6661.7,UPI,Temporary Bank/Network Error,9,1,0,69823.83,1
TXN-13567,CUST-3078,6027.94,Wallet,Temporary Bank/Network Error,11,0,0,51338.98,1
TXN-13568,CUST-1094,4547.37,UPI,Insufficient Funds,6,1,0,83806.55,1
TXN-13569,CUST-2669,5915.24,UPI,Temporary Bank/Network Error,4,0,1,41201.01,0
TXN-13570,CUST-2054,7377.25,UPI,Card Expired,7,1,1,70970.43,0
TXN-13571,CUST-3269,2625.94,Credit Card,Payment Gateway Timeout,4,1,0,101060.69,1
TXN-13572,CUST-3400,6694.64,Debit Card,Authentication Failed,5,0,1,59980.28,0
TXN-13573,CUST-3224,5288.06,UPI,Temporary Bank/Network Error,2,1,2,92107.43,1
TXN-13574,CUST-2027,7612.5,Credit Card,Insufficient Funds,11,1,3,164834.97,1
TXN-13575,CUST-3282,8026.84,UPI,Temporary Bank/Network Error,6,1,1,71020.78,1
TXN-13576,CUST-2446,2507.77,Credit Card,Payment Gateway Timeout,13,1,0,49363.75,1
TXN-13577,CUST-3311,5892.66,Credit Card,Authentication Failed,4,1,2,36251.29,0
TXN-13578,CUST-1724,5917.94,UPI,Insufficient Funds,11,1,0,78754.52,1
TXN-13579,CUST-1213,3759.03,Debit Card,Insufficient Funds,6,0,1,72867.0,0
TXN-13580,CUST-3396,6286.3,UPI,Insufficient Funds,5,0,0,49432.29,0
TXN-13581,CUST-2194,6971.99,Credit Card,Card Expired,13,1,0,40511.61,1
TXN-13582,CUST-1746,5706.15,Debit Card,Insufficient Funds,11,0,0,68168.15,0
TXN-13583,CUST-1368,3044.88,Credit Card,Temporary Bank/Network Error,11,1,3,60903.98,1
TXN-13584,CUST-1099,5008.15,Wallet,Payment Gateway Timeout,4,1,0,132745.07,1
TXN-13585,CUST-2043,14067.15,UPI,Authentication Failed,5,0,3,67724.05,0
TXN-13586,CUST-1600,8282.23,Net Banking,Insufficient Funds,6,1,2,133313.45,0
TXN-13587,CUST-3223,5195.24,Wallet,Payment Gateway Timeout,13,0,1,71777.81,1
TXN-13588,CUST-2119,13417.56,Credit Card,Authentication Failed,5,0,3,114015.69,0
TXN-13589,CUST-1061,9966.63,UPI,Insufficient Funds,10,1,0,61294.95,1
TXN-13590,CUST-2679,4828.88,Net Banking,Authentication Failed,9,1,1,84062.54,1
TXN-13591,CUST-2509,8662.3,UPI,Authentication Failed,11,1,0,61569.07,1
TXN-13592,CUST-3389,8480.29,Wallet,Authentication Failed,6,0,1,82523.52,0
TXN-13593,CUST-3133,5292.96,Net Banking,Temporary Bank/Network Error,10,1,1,77444.33,1
TXN-13594,CUST-1370,2628.88,Wallet,Temporary Bank/Network Error,13,1,5,43118.68,1
TXN-13595,CUST-2843,3315.35,Credit Card,Payment Gateway Timeout,9,0,2,139076.36,1
TXN-13596,CUST-1557,6183.46,Wallet,Insufficient Funds,12,1,2,145446.79,1
TXN-13597,CUST-1763,5848.89,UPI,Insufficient Funds,9,1,3,72782.23,0
TXN-13598,CUST-1818,6182.35,Debit Card,Insufficient Funds,13,0,2,141797.25,0
TXN-13599,CUST-2774,8348.98,Net Banking,Insufficient Funds,7,1,1,50244.2,0
TXN-13600,CUST-1307,3179.89,Debit Card,Authentication Failed,3,0,0,121091.83,0
TXN-13601,CUST-2454,8812.12,UPI,Temporary Bank/Network Error,3,1,2,41319.22,1
TXN-13602,CUST-1018,5575.84,Credit Card,Temporary Bank/Network Error,8,1,1,37837.84,1
TXN-13603,CUST-2719,8609.41,Credit Card,Authentication Failed,5,1,3,300000.0,1
TXN-13604,CUST-2276,7387.49,Credit Card,Temporary Bank/Network Error,6,1,0,157421.77,1
TXN-13605,CUST-1617,7062.75,Credit Card,Temporary Bank/Network Error,12,1,4,87282.75,1
TXN-13606,CUST-3448,6734.9,Debit Card,Authentication Failed,8,0,1,43205.41,0
TXN-13607,CUST-1085,6588.44,UPI,Insufficient Funds,7,1,2,96094.53,0
TXN-13608,CUST-1952,4548.31,Net Banking,Card Expired,12,0,0,41594.74,0
TXN-13609,CUST-2827,3959.8,Net Banking,Payment Gateway Timeout,5,1,1,80412.99,1
TXN-13610,CUST-1642,13053.69,Wallet,Temporary Bank/Network Error,9,0,0,39664.56,1
TXN-13611,CUST-2417,14334.72,Credit Card,Payment Gateway Timeout,13,0,3,121350.86,1
TXN-13612,CUST-1721,4597.64,Net Banking,Temporary Bank/Network Error,11,1,2,98110.97,1
TXN-13613,CUST-1699,6677.39,UPI,Insufficient Funds,4,0,2,87038.8,0
TXN-13614,CUST-1760,5532.36,Net Banking,Card Expired,5,1,3,197838.53,0
TXN-13615,CUST-1305,4253.16,UPI,Card Expired,9,1,1,117462.56,1
TXN-13616,CUST-2938,9830.06,Net Banking,Authentication Failed,8,1,2,105780.16,0
TXN-13617,CUST-2557,5628.87,UPI,Insufficient Funds,16,1,2,142027.0,1
TXN-13618,CUST-2876,14631.33,Debit Card,Temporary Bank/Network Error,10,0,0,112332.3,1
TXN-13619,CUST-2827,11992.62,UPI,Temporary Bank/Network Error,8,1,2,78905.19,1
TXN-13620,CUST-2451,16237.33,UPI,Payment Gateway Timeout,11,0,1,81600.72,1
TXN-13621,CUST-2131,9140.42,UPI,Card Expired,5,0,0,135424.32,0
TXN-13622,CUST-2661,6878.97,Credit Card,Temporary Bank/Network Error,9,0,1,42275.94,1
TXN-13623,CUST-1283,5807.13,Debit Card,Insufficient Funds,12,0,3,58074.25,0
TXN-13624,CUST-1632,6787.85,Credit Card,Payment Gateway Timeout,9,1,2,73580.81,1
TXN-13625,CUST-1885,13192.84,Debit Card,Temporary Bank/Network Error,8,1,2,38836.06,1
TXN-13626,CUST-1030,6978.13,Debit Card,Temporary Bank/Network Error,6,0,0,59103.46,1
TXN-13627,CUST-3162,10878.36,UPI,Temporary Bank/Network Error,7,0,3,96524.01,0
TXN-13628,CUST-1947,8201.93,Credit Card,Authentication Failed,8,1,0,43535.08,1
TXN-13629,CUST-3263,6355.9,Credit Card,Authentication Failed,10,1,5,30661.76,0
TXN-13630,CUST-3383,4132.38,Net Banking,Authentication Failed,12,1,1,79335.9,1
TXN-13631,CUST-1869,6481.06,Credit Card,Temporary Bank/Network Error,8,1,3,39435.66,1
TXN-13632,CUST-3472,5680.9,Credit Card,Authentication Failed,8,1,1,68776.29,1
TXN-13633,CUST-1285,4101.76,Debit Card,Insufficient Funds,10,0,0,155374.95,0
TXN-13634,CUST-1175,10314.57,UPI,Temporary Bank/Network Error,13,0,1,149553.57,1
TXN-13635,CUST-2439,9912.89,UPI,Insufficient Funds,7,1,2,70447.91,0
TXN-13636,CUST-2900,10535.26,UPI,Insufficient Funds,9,0,1,141423.39,0
TXN-13637,CUST-2137,9979.34,Net Banking,Temporary Bank/Network Error,10,0,0,33567.83,1
TXN-13638,CUST-1310,4424.31,UPI,Temporary Bank/Network Error,6,1,0,107821.14,1
TXN-13639,CUST-2466,5205.03,Net Banking,Authentication Failed,7,0,1,83700.37,0
TXN-13640,CUST-2832,3862.09,UPI,Insufficient Funds,10,1,2,30057.76,1
TXN-13641,CUST-2019,6767.6,Credit Card,Authentication Failed,8,1,0,67703.05,1
TXN-13642,CUST-1739,13589.85,Credit Card,Temporary Bank/Network Error,8,1,1,44401.21,1
TXN-13643,CUST-1215,7181.25,Credit Card,Temporary Bank/Network Error,4,1,3,94143.93,1
TXN-13644,CUST-2272,5159.85,Credit Card,Card Expired,6,0,0,54908.19,0
TXN-13645,CUST-1644,19681.03,UPI,Temporary Bank/Network Error,9,0,2,59035.82,1
TXN-13646,CUST-2849,4884.43,Credit Card,Temporary Bank/Network Error,8,1,0,60285.66,1
TXN-13647,CUST-1686,4682.71,UPI,Temporary Bank/Network Error,6,0,2,89656.93,0
TXN-13648,CUST-2833,16204.17,Net Banking,Insufficient Funds,5,0,0,142711.44,0
TXN-13649,CUST-2016,7247.18,Credit Card,Payment Gateway Timeout,6,1,3,121058.53,1
TXN-13650,CUST-2826,19968.27,Debit Card,Payment Gateway Timeout,5,0,2,50141.86,0
TXN-13651,CUST-1277,5117.25,UPI,Payment Gateway Timeout,8,1,0,84357.93,1
TXN-13652,CUST-2817,5179.99,UPI,Payment Gateway Timeout,7,0,2,122128.4,0
TXN-13653,CUST-1860,4431.84,Credit Card,Payment Gateway Timeout,5,0,1,60131.69,0
TXN-13654,CUST-1533,10593.47,UPI,Card Expired,5,1,0,71012.78,0
TXN-13655,CUST-2855,5954.67,UPI,Payment Gateway Timeout,9,0,1,83647.32,1
TXN-13656,CUST-2563,5294.95,Credit Card,Card Expired,12,0,0,133364.64,0
TXN-13657,CUST-1092,5306.18,UPI,Temporary Bank/Network Error,2,1,2,56563.05,0
TXN-13658,CUST-3384,16937.29,Wallet,Insufficient Funds,7,1,0,113704.73,1
TXN-13659,CUST-3432,6073.42,Debit Card,Authentication Failed,12,1,0,151420.57,1
TXN-13660,CUST-2202,5757.41,Credit Card,Temporary Bank/Network Error,12,0,1,87493.09,1
TXN-13661,CUST-3116,2363.05,Wallet,Temporary Bank/Network Error,5,1,2,61479.63,1
TXN-13662,CUST-3194,8743.73,Debit Card,Authentication Failed,6,0,3,136989.79,0
TXN-13663,CUST-1418,22115.8,Debit Card,Payment Gateway Timeout,11,1,4,75355.77,1
TXN-13664,CUST-2912,2601.97,Wallet,Insufficient Funds,8,1,4,64145.86,0
TXN-13665,CUST-3448,4278.36,Credit Card,Insufficient Funds,5,0,2,40254.14,0
TXN-13666,CUST-3179,8693.91,Debit Card,Payment Gateway Timeout,11,0,2,99113.66,1
TXN-13667,CUST-3306,5997.34,Debit Card,Temporary Bank/Network Error,7,1,4,77456.66,1
TXN-13668,CUST-2057,4276.15,Credit Card,Insufficient Funds,11,1,0,66142.03,1
TXN-13669,CUST-1307,11561.36,Net Banking,Insufficient Funds,5,0,2,93038.64,0
TXN-13670,CUST-1633,6944.06,Wallet,Temporary Bank/Network Error,11,0,2,105846.58,1
TXN-13671,CUST-1586,10120.0,UPI,Payment Gateway Timeout,9,0,1,164829.0,1
TXN-13672,CUST-2987,7501.98,Net Banking,Payment Gateway Timeout,11,0,0,118310.89,1
TXN-13673,CUST-1474,2735.32,UPI,Insufficient Funds,14,0,3,51174.49,0
TXN-13674,CUST-2480,3535.66,Net Banking,Payment Gateway Timeout,9,1,4,42130.41,1
TXN-13675,CUST-2438,4743.64,UPI,Card Expired,10,1,3,45212.71,0
TXN-13676,CUST-3331,13402.0,Credit Card,Authentication Failed,4,0,0,106857.43,0
TXN-13677,CUST-1057,5646.76,Net Banking,Temporary Bank/Network Error,9,1,2,68197.02,1
TXN-13678,CUST-1795,7427.13,UPI,Payment Gateway Timeout,10,1,0,75884.96,1
TXN-13679,CUST-3109,5498.91,Debit Card,Insufficient Funds,9,1,2,74434.84,0
TXN-13680,CUST-3181,17490.75,Debit Card,Insufficient Funds,7,0,0,112133.7,0
TXN-13681,CUST-3357,3084.67,Credit Card,Temporary Bank/Network Error,6,0,0,96484.21,1
TXN-13682,CUST-2001,3494.88,Wallet,Payment Gateway Timeout,12,0,0,88670.03,1
TXN-13683,CUST-3194,6097.89,Credit Card,Insufficient Funds,10,0,1,71240.93,0
TXN-13684,CUST-3286,3385.83,Debit Card,Card Expired,6,1,1,73697.05,0
TXN-13685,CUST-3228,4152.99,UPI,Authentication Failed,6,0,2,211436.37,0
TXN-13686,CUST-3136,3609.4,UPI,Temporary Bank/Network Error,4,1,2,75471.7,1
TXN-13687,CUST-1455,8034.95,Debit Card,Card Expired,11,0,2,99340.96,0
TXN-13688,CUST-2509,7401.23,Debit Card,Temporary Bank/Network Error,6,0,3,82413.17,0
TXN-13689,CUST-1011,6015.73,Net Banking,Insufficient Funds,7,0,3,51621.07,0
TXN-13690,CUST-1542,5416.78,Debit Card,Authentication Failed,6,1,1,91236.31,0
TXN-13691,CUST-3258,13504.72,UPI,Payment Gateway Timeout,8,1,2,201843.07,1
TXN-13692,CUST-2119,5315.12,Wallet,Authentication Failed,7,1,2,152094.8,0
TXN-13693,CUST-1451,10250.19,Net Banking,Insufficient Funds,8,1,0,75826.14,1
TXN-13694,CUST-1761,3575.84,Credit Card,Temporary Bank/Network Error,7,0,0,53975.64,1
TXN-13695,CUST-1687,6146.1,Net Banking,Card Expired,7,0,1,138361.13,0
TXN-13696,CUST-2044,12223.76,UPI,Temporary Bank/Network Error,10,1,0,63541.32,1
TXN-13697,CUST-2302,13975.89,Debit Card,Insufficient Funds,7,0,4,114592.64,0
TXN-13698,CUST-2413,23588.91,UPI,Temporary Bank/Network Error,8,1,5,113069.35,1
TXN-13699,CUST-2140,4418.81,Credit Card,Payment Gateway Timeout,11,1,3,110646.18,1
TXN-13700,CUST-1250,12220.12,Debit Card,Payment Gateway Timeout,5,1,0,45419.92,1
TXN-13701,CUST-3441,4688.54,Credit Card,Payment Gateway Timeout,7,1,2,42282.42,1
TXN-13702,CUST-3031,3998.3,Credit Card,Card Expired,6,1,0,87165.28,0
TXN-13703,CUST-1502,10020.36,Wallet,Temporary Bank/Network Error,9,1,1,49103.12,1
TXN-13704,CUST-1648,9267.64,Debit Card,Authentication Failed,15,1,0,33667.98,1
TXN-13705,CUST-1407,15251.32,Credit Card,Temporary Bank/Network Error,5,0,2,101814.49,0
TXN-13706,CUST-2568,8933.72,UPI,Authentication Failed,9,1,1,108243.33,1
TXN-13707,CUST-2313,10385.71,Net Banking,Authentication Failed,11,1,3,65160.5,0
TXN-13708,CUST-2287,4765.82,UPI,Insufficient Funds,5,0,0,152465.22,0
TXN-13709,CUST-3132,6262.14,Net Banking,Temporary Bank/Network Error,4,0,1,115194.71,0
TXN-13710,CUST-3074,5073.45,Credit Card,Temporary Bank/Network Error,7,1,1,43887.36,1
TXN-13711,CUST-1147,6344.21,Debit Card,Payment Gateway Timeout,6,1,1,74024.91,1
TXN-13712,CUST-2615,10443.18,Credit Card,Insufficient Funds,10,0,2,195245.67,0
TXN-13713,CUST-1022,10263.38,Debit Card,Authentication Failed,13,1,2,95857.31,1
TXN-13714,CUST-2729,4456.42,Debit Card,Temporary Bank/Network Error,12,1,0,156741.35,1
TXN-13715,CUST-2391,9233.0,Wallet,Temporary Bank/Network Error,8,1,3,39235.86,1
TXN-13716,CUST-2579,5814.06,Credit Card,Authentication Failed,6,0,1,237456.99,0
TXN-13717,CUST-1224,5902.2,Debit Card,Temporary Bank/Network Error,11,0,2,61699.47,1
TXN-13718,CUST-1791,10962.3,Wallet,Temporary Bank/Network Error,7,1,0,33712.73,1
TXN-13719,CUST-2163,5238.4,UPI,Insufficient Funds,5,1,3,55379.19,0
TXN-13720,CUST-1571,2587.54,Credit Card,Temporary Bank/Network Error,6,1,2,33345.7,1
TXN-13721,CUST-1508,9997.89,Net Banking,Insufficient Funds,9,1,0,112259.48,1
TXN-13722,CUST-3234,7211.43,Credit Card,Temporary Bank/Network Error,13,1,1,73494.93,1
TXN-13723,CUST-3109,5842.57,Wallet,Insufficient Funds,8,1,1,46418.21,0
TXN-13724,CUST-1945,4973.32,UPI,Card Expired,7,0,2,136041.76,0
TXN-13725,CUST-2955,7479.14,Net Banking,Insufficient Funds,9,1,2,113340.82,0
TXN-13726,CUST-2925,6909.32,Net Banking,Authentication Failed,10,0,2,93377.69,0
TXN-13727,CUST-1753,8951.52,UPI,Card Expired,6,0,3,54432.89,0
TXN-13728,CUST-3019,22735.53,UPI,Temporary Bank/Network Error,7,1,2,109242.29,1
TXN-13729,CUST-1540,2396.64,UPI,Card Expired,6,0,3,110068.86,0
TXN-13730,CUST-1738,7234.98,UPI,Temporary Bank/Network Error,7,0,0,145658.7,1
TXN-13731,CUST-1415,10056.7,UPI,Temporary Bank/Network Error,10,1,2,40596.43,1
TXN-13732,CUST-1693,5774.84,Credit Card,Insufficient Funds,9,0,2,103176.32,0
TXN-13733,CUST-2602,2667.15,UPI,Card Expired,8,0,1,60470.43,0
TXN-13734,CUST-2459,5804.32,Wallet,Temporary Bank/Network Error,11,1,0,105428.84,1
TXN-13735,CUST-2942,4106.02,Debit Card,Temporary Bank/Network Error,5,0,1,56428.03,0
TXN-13736,CUST-1728,10530.95,UPI,Authentication Failed,6,0,1,98525.63,0
TXN-13737,CUST-1900,7043.61,Net Banking,Authentication Failed,8,1,2,47220.76,0
TXN-13738,CUST-2454,4119.53,Credit Card,Insufficient Funds,15,0,0,72785.44,1
TXN-13739,CUST-1838,8526.94,Credit Card,Card Expired,6,0,0,46212.21,0
TXN-13740,CUST-1391,8693.36,Wallet,Insufficient Funds,9,1,2,160205.15,1
TXN-13741,CUST-2559,3675.45,Debit Card,Payment Gateway Timeout,7,1,1,116784.49,1
TXN-13742,CUST-1324,24716.02,UPI,Insufficient Funds,3,1,2,76891.36,0
TXN-13743,CUST-2655,4097.4,UPI,Insufficient Funds,7,1,4,77783.55,0
TXN-13744,CUST-1920,3463.2,Net Banking,Payment Gateway Timeout,7,0,0,91976.05,1
TXN-13745,CUST-2321,12467.86,Credit Card,Card Expired,8,1,3,107739.0,0
TXN-13746,CUST-3453,13183.22,Debit Card,Authentication Failed,4,1,1,76966.68,0
TXN-13747,CUST-2964,8359.47,Credit Card,Payment Gateway Timeout,7,1,2,17285.66,1
TXN-13748,CUST-2849,8786.79,Net Banking,Insufficient Funds,9,0,2,99546.34,0
TXN-13749,CUST-2932,9034.02,UPI,Insufficient Funds,11,1,1,46222.53,1
TXN-13750,CUST-2725,7154.31,UPI,Card Expired,8,1,4,156494.46,0
TXN-13751,CUST-1407,7463.26,Credit Card,Temporary Bank/Network Error,15,0,3,88306.95,1
TXN-13752,CUST-1762,4248.87,Credit Card,Payment Gateway Timeout,7,0,0,30441.95,0
TXN-13753,CUST-2948,8516.44,UPI,Temporary Bank/Network Error,4,1,2,247828.51,1
TXN-13754,CUST-2046,15922.53,Net Banking,Temporary Bank/Network Error,6,0,0,172204.01,1
TXN-13755,CUST-2439,8846.59,Net Banking,Card Expired,6,1,5,51455.58,0
TXN-13756,CUST-1333,13564.33,Credit Card,Temporary Bank/Network Error,5,1,2,48346.9,1
TXN-13757,CUST-1612,3866.36,Debit Card,Card Expired,7,1,1,81469.03,0
TXN-13758,CUST-2714,5773.41,UPI,Temporary Bank/Network Error,4,0,2,114584.46,0
TXN-13759,CUST-1035,4688.96,Debit Card,Temporary Bank/Network Error,9,0,3,81513.4,0
TXN-13760,CUST-3049,5203.06,Debit Card,Temporary Bank/Network Error,12,1,1,150483.97,1
TXN-13761,CUST-2399,5470.12,Net Banking,Insufficient Funds,7,0,2,60354.3,0
TXN-13762,CUST-3254,11959.62,Credit Card,Card Expired,9,1,0,80818.96,1
TXN-13763,CUST-2204,7917.02,UPI,Payment Gateway Timeout,8,0,1,57835.13,1
TXN-13764,CUST-1773,8084.46,UPI,Temporary Bank/Network Error,5,0,2,147175.42,0
TXN-13765,CUST-1619,11746.11,Credit Card,Insufficient Funds,9,0,1,65970.6,0
TXN-13766,CUST-3111,7310.4,Debit Card,Temporary Bank/Network Error,12,1,2,85164.53,1
TXN-13767,CUST-3076,5901.86,UPI,Payment Gateway Timeout,6,1,4,114399.98,1
TXN-13768,CUST-3470,12166.62,Credit Card,Temporary Bank/Network Error,12,1,2,74190.21,1
TXN-13769,CUST-3090,14071.79,UPI,Temporary Bank/Network Error,7,1,3,56121.75,1
TXN-13770,CUST-1789,4074.53,Net Banking,Card Expired,5,0,1,40842.55,0
TXN-13771,CUST-2247,7901.4,UPI,Insufficient Funds,10,1,1,52837.83,1
TXN-13772,CUST-2356,8122.93,UPI,Temporary Bank/Network Error,13,1,2,134168.6,1
TXN-13773,CUST-2632,11567.73,Debit Card,Card Expired,16,1,1,66779.55,1
TXN-13774,CUST-1809,10944.63,UPI,Insufficient Funds,8,0,1,176585.56,0
TXN-13775,CUST-2821,17522.49,Net Banking,Authentication Failed,6,1,1,80062.72,0
TXN-13776,CUST-1098,10184.93,Credit Card,Insufficient Funds,8,1,0,66294.48,1
TXN-13777,CUST-2867,4757.27,UPI,Payment Gateway Timeout,9,1,1,76555.09,1
TXN-13778,CUST-2351,10946.43,UPI,Temporary Bank/Network Error,6,1,1,67783.08,1
TXN-13779,CUST-2941,4197.3,UPI,Insufficient Funds,7,0,0,88286.6,0
TXN-13780,CUST-2441,5954.8,Credit Card,Payment Gateway Timeout,9,0,2,37849.06,0
TXN-13781,CUST-1164,14407.62,Wallet,Insufficient Funds,5,0,2,91881.61,0
TXN-13782,CUST-2234,5333.53,Debit Card,Authentication Failed,7,0,1,54245.79,0
TXN-13783,CUST-3132,8214.24,UPI,Authentication Failed,8,1,0,86765.0,1
TXN-13784,CUST-2814,4604.58,Credit Card,Payment Gateway Timeout,8,0,2,83262.26,0
TXN-13785,CUST-2608,3466.5,UPI,Temporary Bank/Network Error,8,0,3,150035.68,1
TXN-13786,CUST-3493,13053.59,Credit Card,Temporary Bank/Network Error,7,0,2,59504.07,0
TXN-13787,CUST-3048,13897.69,UPI,Insufficient Funds,13,1,1,136421.46,1
TXN-13788,CUST-1863,11612.52,Debit Card,Insufficient Funds,7,1,1,47264.08,0
TXN-13789,CUST-3428,2181.02,Credit Card,Payment Gateway Timeout,10,1,4,97483.2,1
TXN-13790,CUST-1330,4897.92,Credit Card,Temporary Bank/Network Error,11,0,2,227677.04,1
TXN-13791,CUST-1486,8187.6,UPI,Payment Gateway Timeout,8,1,1,94925.49,1
TXN-13792,CUST-1221,7186.39,Wallet,Authentication Failed,8,1,2,58532.05,0
TXN-13793,CUST-1525,3878.26,Wallet,Card Expired,11,1,0,108163.32,1
TXN-13794,CUST-1489,16645.07,Debit Card,Payment Gateway Timeout,13,0,1,122043.07,1
TXN-13795,CUST-3331,10873.8,UPI,Authentication Failed,10,0,0,55020.16,0
TXN-13796,CUST-3289,4727.85,Debit Card,Payment Gateway Timeout,12,1,1,90163.15,1
TXN-13797,CUST-2408,4345.66,UPI,Card Expired,5,1,1,119135.84,0
TXN-13798,CUST-3432,11965.79,UPI,Temporary Bank/Network Error,8,0,0,118241.88,1
TXN-13799,CUST-1338,4270.93,UPI,Temporary Bank/Network Error,5,1,2,72720.14,1
TXN-13800,CUST-3125,6847.45,UPI,Authentication Failed,1,1,1,152396.16,0
TXN-13801,CUST-2090,7092.42,Net Banking,Temporary Bank/Network Error,13,0,0,82893.03,1
TXN-13802,CUST-1652,7864.26,Credit Card,Authentication Failed,4,1,2,75833.04,0
TXN-13803,CUST-2444,5011.49,UPI,Payment Gateway Timeout,4,1,2,41399.21,1
TXN-13804,CUST-2449,5626.48,Debit Card,Insufficient Funds,7,1,1,115601.19,0
TXN-13805,CUST-3483,5040.85,UPI,Authentication Failed,5,1,2,43454.74,0
TXN-13806,CUST-1404,8737.84,UPI,Temporary Bank/Network Error,8,1,3,38565.15,1
TXN-13807,CUST-3361,2584.11,UPI,Temporary Bank/Network Error,9,0,2,95948.29,1
TXN-13808,CUST-1122,11638.16,UPI,Temporary Bank/Network Error,9,0,1,19302.47,1
TXN-13809,CUST-1471,9568.73,Debit Card,Temporary Bank/Network Error,7,1,1,80526.58,1
TXN-13810,CUST-2335,4150.59,UPI,Payment Gateway Timeout,5,1,1,115890.38,1
TXN-13811,CUST-2790,12930.06,UPI,Insufficient Funds,9,1,2,52526.34,0
TXN-13812,CUST-2046,7893.49,UPI,Authentication Failed,8,0,2,144505.18,0
TXN-13813,CUST-1038,3900.86,UPI,Temporary Bank/Network Error,9,1,3,143105.48,1
TXN-13814,CUST-2027,9332.83,UPI,Insufficient Funds,8,0,3,89601.09,0
TXN-13815,CUST-3140,4927.38,Wallet,Payment Gateway Timeout,7,0,3,78360.16,0
TXN-13816,CUST-3106,9611.48,Net Banking,Authentication Failed,12,0,2,72075.78,0
TXN-13817,CUST-3038,7680.07,Debit Card,Insufficient Funds,10,1,1,141839.23,1
TXN-13818,CUST-1666,7893.07,Net Banking,Payment Gateway Timeout,14,1,1,64325.36,1
TXN-13819,CUST-3057,21344.53,Credit Card,Card Expired,8,1,1,103975.52,0
TXN-13820,CUST-2717,9211.54,Debit Card,Insufficient Funds,7,1,1,75529.66,0
TXN-13821,CUST-1916,9982.12,Net Banking,Authentication Failed,9,1,1,124473.52,1
TXN-13822,CUST-3310,8815.69,UPI,Insufficient Funds,8,0,3,43492.73,0
TXN-13823,CUST-2677,3279.8,Debit Card,Insufficient Funds,9,0,2,111190.7,0
TXN-13824,CUST-2628,5421.02,UPI,Card Expired,6,0,1,63305.29,0
TXN-13825,CUST-2059,13911.56,UPI,Payment Gateway Timeout,6,1,3,49442.83,1
TXN-13826,CUST-3356,4784.08,Credit Card,Temporary Bank/Network Error,4,0,2,63696.85,0
TXN-13827,CUST-1907,5458.25,UPI,Authentication Failed,11,0,1,50022.05,0
TXN-13828,CUST-3092,13914.19,UPI,Temporary Bank/Network Error,8,1,0,29605.05,1
TXN-13829,CUST-1166,3952.96,UPI,Temporary Bank/Network Error,5,0,2,60117.36,0
TXN-13830,CUST-1322,6281.25,Debit Card,Insufficient Funds,8,1,1,69783.96,0
TXN-13831,CUST-1477,11439.72,UPI,Insufficient Funds,8,0,1,86988.41,0
TXN-13832,CUST-2398,5698.4,Credit Card,Temporary Bank/Network Error,10,0,2,70632.27,1
TXN-13833,CUST-2430,5526.35,Credit Card,Temporary Bank/Network Error,13,0,2,31077.08,1
TXN-13834,CUST-2607,5011.4,Debit Card,Authentication Failed,6,1,0,100896.12,0
TXN-13835,CUST-2354,6051.59,UPI,Insufficient Funds,11,0,1,93650.59,0
TXN-13836,CUST-2869,6886.06,Credit Card,Insufficient Funds,7,0,3,36179.1,0
TXN-13837,CUST-2414,8901.9,Net Banking,Authentication Failed,10,1,2,39882.57,0
TXN-13838,CUST-1033,19187.14,UPI,Card Expired,5,1,1,124292.13,0
TXN-13839,CUST-1618,5719.65,Debit Card,Authentication Failed,8,0,0,104822.46,0
TXN-13840,CUST-1148,6201.86,UPI,Temporary Bank/Network Error,2,0,0,115300.09,0
TXN-13841,CUST-1367,3195.62,UPI,Card Expired,6,0,1,87156.97,0
TXN-13842,CUST-3194,2231.28,Credit Card,Temporary Bank/Network Error,6,1,1,94519.48,1
TXN-13843,CUST-1903,8913.03,UPI,Temporary Bank/Network Error,6,1,1,27145.66,1
TXN-13844,CUST-3424,7313.32,UPI,Payment Gateway Timeout,2,0,2,106984.01,0
TXN-13845,CUST-2013,8471.51,Debit Card,Insufficient Funds,8,0,3,63328.05,0
TXN-13846,CUST-3357,6007.27,Credit Card,Insufficient Funds,11,0,0,69716.25,0
TXN-13847,CUST-3293,7351.92,Credit Card,Authentication Failed,6,0,2,52130.05,0
TXN-13848,CUST-1919,6125.26,Net Banking,Insufficient Funds,8,0,1,66536.29,0
TXN-13849,CUST-2557,5130.63,UPI,Authentication Failed,7,1,2,38634.53,0
TXN-13850,CUST-3475,4749.7,Debit Card,Temporary Bank/Network Error,8,1,3,142031.78,1
TXN-13851,CUST-3186,8072.89,UPI,Authentication Failed,7,0,0,27765.38,0
TXN-13852,CUST-1634,33638.89,Net Banking,Temporary Bank/Network Error,7,1,3,193439.61,1
TXN-13853,CUST-2760,2299.71,Net Banking,Card Expired,4,1,3,47671.51,0
TXN-13854,CUST-2225,5805.6,Debit Card,Temporary Bank/Network Error,8,0,3,98528.42,0
TXN-13855,CUST-1895,8451.02,Debit Card,Temporary Bank/Network Error,13,1,2,29673.42,1
TXN-13856,CUST-2986,7097.77,Credit Card,Insufficient Funds,7,1,1,42314.26,0
TXN-13857,CUST-2487,9321.39,Credit Card,Temporary Bank/Network Error,5,1,1,39149.17,1
TXN-13858,CUST-2300,6365.19,Net Banking,Authentication Failed,9,0,0,57675.04,0
TXN-13859,CUST-1864,11651.37,Credit Card,Insufficient Funds,10,0,1,78497.47,0
TXN-13860,CUST-1218,5766.89,Net Banking,Temporary Bank/Network Error,6,1,1,62968.03,1
TXN-13861,CUST-2212,6172.81,Credit Card,Insufficient Funds,4,1,4,133427.49,0
TXN-13862,CUST-1771,5824.55,UPI,Temporary Bank/Network Error,8,0,1,170048.33,1
TXN-13863,CUST-2804,16845.34,Wallet,Card Expired,5,0,1,56400.98,0
TXN-13864,CUST-1905,3999.61,Credit Card,Insufficient Funds,7,1,3,41906.46,0
TXN-13865,CUST-2773,4512.78,Credit Card,Card Expired,10,0,1,29807.83,0
TXN-13866,CUST-3212,7490.99,Credit Card,Insufficient Funds,10,0,1,75583.13,0
TXN-13867,CUST-1974,7241.07,Credit Card,Temporary Bank/Network Error,8,1,2,37374.86,1
TXN-13868,CUST-1929,1685.39,Net Banking,Insufficient Funds,8,0,0,76885.72,0
TXN-13869,CUST-2017,4492.19,Credit Card,Authentication Failed,9,0,2,68552.56,0
TXN-13870,CUST-3292,4260.82,Wallet,Payment Gateway Timeout,7,0,4,61911.53,0
TXN-13871,CUST-1202,8387.21,Debit Card,Insufficient Funds,10,1,2,42514.46,0
TXN-13872,CUST-2120,4852.21,UPI,Card Expired,7,1,3,64052.41,0
TXN-13873,CUST-1557,4320.92,UPI,Temporary Bank/Network Error,9,0,3,26913.29,1
TXN-13874,CUST-1153,8227.77,Wallet,Temporary Bank/Network Error,6,0,1,83551.0,0
TXN-13875,CUST-2824,4941.24,UPI,Payment Gateway Timeout,10,1,2,51678.62,1
TXN-13876,CUST-1079,12161.21,UPI,Payment Gateway Timeout,10,0,2,57342.65,1
TXN-13877,CUST-2278,13603.28,Debit Card,Payment Gateway Timeout,5,0,3,121701.81,0
TXN-13878,CUST-2542,9615.53,Credit Card,Payment Gateway Timeout,6,1,0,120780.47,1
TXN-13879,CUST-2980,8911.1,Debit Card,Authentication Failed,8,1,0,109070.24,1
TXN-13880,CUST-2780,7296.73,UPI,Payment Gateway Timeout,11,0,1,145388.99,1
TXN-13881,CUST-1936,5310.37,UPI,Temporary Bank/Network Error,5,1,1,46586.02,1
TXN-13882,CUST-2106,9278.42,UPI,Insufficient Funds,3,0,1,112006.83,0
TXN-13883,CUST-2556,11267.79,Wallet,Insufficient Funds,6,0,2,31158.62,0
TXN-13884,CUST-2929,5473.38,Debit Card,Authentication Failed,5,0,0,65683.04,0
TXN-13885,CUST-1532,5588.86,UPI,Temporary Bank/Network Error,8,0,2,69636.14,1
TXN-13886,CUST-2013,3525.37,Credit Card,Authentication Failed,13,0,1,54623.33,1
TXN-13887,CUST-2907,3669.54,UPI,Temporary Bank/Network Error,8,1,1,84504.9,1
TXN-13888,CUST-1134,14476.23,UPI,Insufficient Funds,12,1,6,65737.9,0
TXN-13889,CUST-3441,13817.91,UPI,Temporary Bank/Network Error,8,1,3,59093.02,1
TXN-13890,CUST-2584,10586.37,UPI,Insufficient Funds,6,0,2,79886.94,0
TXN-13891,CUST-2612,6854.11,UPI,Temporary Bank/Network Error,11,1,3,45329.02,1
TXN-13892,CUST-1309,6461.13,Wallet,Insufficient Funds,6,0,0,50692.65,0
TXN-13893,CUST-3434,7695.06,Credit Card,Authentication Failed,7,0,1,69603.18,0
TXN-13894,CUST-1078,5781.29,Credit Card,Temporary Bank/Network Error,7,1,1,106143.02,1
TXN-13895,CUST-1632,10980.68,UPI,Insufficient Funds,7,1,2,34049.46,0
TXN-13896,CUST-1910,3919.8,Credit Card,Payment Gateway Timeout,7,0,0,40605.78,1
TXN-13897,CUST-1895,5193.82,UPI,Insufficient Funds,6,0,1,107523.88,0
TXN-13898,CUST-1287,2735.15,Credit Card,Temporary Bank/Network Error,6,1,1,80120.82,1
TXN-13899,CUST-2677,5303.58,UPI,Authentication Failed,10,0,1,101736.53,0
TXN-13900,CUST-1034,8668.92,Credit Card,Insufficient Funds,6,1,0,73624.97,0
TXN-13901,CUST-2765,2415.24,Debit Card,Insufficient Funds,10,1,1,75890.68,1
TXN-13902,CUST-2666,7149.89,UPI,Authentication Failed,10,0,0,25221.24,0
TXN-13903,CUST-2704,11069.14,Debit Card,Authentication Failed,6,0,2,71522.39,0
TXN-13904,CUST-3155,10333.86,UPI,Authentication Failed,12,0,0,52133.93,1
TXN-13905,CUST-1405,3603.84,Debit Card,Temporary Bank/Network Error,6,0,0,82164.12,1
TXN-13906,CUST-2013,22086.4,UPI,Temporary Bank/Network Error,4,0,1,159680.07,0
TXN-13907,CUST-2201,15439.22,Debit Card,Authentication Failed,3,1,1,99359.17,0
TXN-13908,CUST-3186,8565.05,Debit Card,Authentication Failed,12,0,2,63752.2,0
TXN-13909,CUST-3231,5535.36,Credit Card,Insufficient Funds,8,0,2,96316.41,0
TXN-13910,CUST-2538,3330.42,Credit Card,Authentication Failed,9,1,1,130414.38,1
TXN-13911,CUST-1118,4102.67,UPI,Payment Gateway Timeout,6,0,5,108964.74,0
TXN-13912,CUST-2669,12292.59,Net Banking,Insufficient Funds,10,0,1,91290.29,0
TXN-13913,CUST-2812,8356.54,UPI,Card Expired,6,0,2,73085.26,0
TXN-13914,CUST-3077,4225.47,UPI,Authentication Failed,10,0,2,137247.11,0
TXN-13915,CUST-3363,2862.09,Credit Card,Insufficient Funds,7,1,2,55640.41,0
TXN-13916,CUST-1486,7376.99,UPI,Authentication Failed,4,1,0,76002.17,0
TXN-13917,CUST-1306,3948.22,UPI,Authentication Failed,8,0,1,135494.84,0
TXN-13918,CUST-1725,3269.98,Debit Card,Temporary Bank/Network Error,3,1,3,89959.41,0
TXN-13919,CUST-1774,5916.97,UPI,Card Expired,4,1,2,93217.52,0
TXN-13920,CUST-3346,3771.76,UPI,Temporary Bank/Network Error,4,1,0,107549.29,1
TXN-13921,CUST-2627,2027.63,Net Banking,Temporary Bank/Network Error,5,1,0,107104.11,1
TXN-13922,CUST-1871,8758.0,Credit Card,Payment Gateway Timeout,5,0,1,51722.34,0
TXN-13923,CUST-1271,6145.17,Credit Card,Temporary Bank/Network Error,9,1,3,71253.48,1
TXN-13924,CUST-2533,4480.14,Credit Card,Temporary Bank/Network Error,8,1,1,137689.52,1
TXN-13925,CUST-2285,10162.28,Debit Card,Temporary Bank/Network Error,7,0,2,54000.71,0
TXN-13926,CUST-1363,9928.18,Credit Card,Insufficient Funds,5,1,0,147473.2,0
TXN-13927,CUST-1249,14293.03,Net Banking,Insufficient Funds,7,0,1,76679.41,0
TXN-13928,CUST-1328,5683.23,Credit Card,Card Expired,3,0,3,99989.47,0
TXN-13929,CUST-1320,16752.1,Debit Card,Authentication Failed,8,1,1,109096.64,0
TXN-13930,CUST-3213,12026.53,Credit Card,Insufficient Funds,2,1,2,109296.38,0
TXN-13931,CUST-1598,11524.17,Wallet,Insufficient Funds,7,0,3,57811.79,0
TXN-13932,CUST-1986,9204.33,Credit Card,Card Expired,5,0,1,127020.8,0
TXN-13933,CUST-1195,4067.69,UPI,Card Expired,10,1,1,86640.51,1
TXN-13934,CUST-2164,4517.65,Credit Card,Temporary Bank/Network Error,6,1,1,71299.83,1
TXN-13935,CUST-1657,5225.95,Net Banking,Insufficient Funds,9,1,4,65183.42,0
TXN-13936,CUST-2992,8253.79,UPI,Payment Gateway Timeout,6,1,3,65175.33,1
TXN-13937,CUST-1932,5168.17,Net Banking,Temporary Bank/Network Error,15,0,4,67447.07,1
TXN-13938,CUST-2120,11559.17,Debit Card,Insufficient Funds,5,0,0,143435.49,0
TXN-13939,CUST-3470,13583.66,UPI,Card Expired,5,1,0,54230.06,0
TXN-13940,CUST-1119,9036.49,Credit Card,Payment Gateway Timeout,4,1,1,101135.96,1
TXN-13941,CUST-3375,3567.02,UPI,Temporary Bank/Network Error,9,0,0,36669.83,1
TXN-13942,CUST-2065,10457.04,Wallet,Authentication Failed,6,1,1,96067.23,0
TXN-13943,CUST-1252,10327.57,Debit Card,Card Expired,9,1,1,51926.47,0
TXN-13944,CUST-1553,4958.75,UPI,Authentication Failed,11,1,0,200458.84,1
TXN-13945,CUST-1048,4102.82,Net Banking,Insufficient Funds,6,0,2,44113.0,0
TXN-13946,CUST-2181,8318.89,UPI,Insufficient Funds,5,1,0,30940.38,0
TXN-13947,CUST-2874,5992.87,Net Banking,Payment Gateway Timeout,6,1,1,34090.33,1
TXN-13948,CUST-3168,10795.4,UPI,Authentication Failed,7,1,3,57240.32,0
TXN-13949,CUST-2453,7490.78,Debit Card,Payment Gateway Timeout,11,0,1,66579.66,1
TXN-13950,CUST-1336,4799.61,Wallet,Authentication Failed,7,1,1,134838.46,0
TXN-13951,CUST-3500,2573.57,UPI,Temporary Bank/Network Error,7,0,3,92424.89,0
TXN-13952,CUST-3270,4731.88,UPI,Payment Gateway Timeout,14,1,3,57705.29,1
TXN-13953,CUST-3282,7182.49,Net Banking,Payment Gateway Timeout,5,1,1,165919.92,1
TXN-13954,CUST-3377,5396.04,UPI,Card Expired,12,1,1,51653.51,1
TXN-13955,CUST-2303,4913.51,Credit Card,Insufficient Funds,6,1,4,94050.38,0
TXN-13956,CUST-1551,8630.55,UPI,Temporary Bank/Network Error,13,0,3,76245.67,1
TXN-13957,CUST-2159,13190.7,UPI,Temporary Bank/Network Error,14,1,2,69781.16,1
TXN-13958,CUST-3043,8374.2,Credit Card,Card Expired,8,1,5,65662.47,0
TXN-13959,CUST-2177,6158.08,Credit Card,Insufficient Funds,10,0,2,196389.08,0
TXN-13960,CUST-2743,17899.43,Net Banking,Temporary Bank/Network Error,7,1,2,134622.58,1
TXN-13961,CUST-2592,7795.61,UPI,Insufficient Funds,3,0,2,56463.71,0
TXN-13962,CUST-1146,6914.85,Credit Card,Temporary Bank/Network Error,10,0,1,148352.8,1
TXN-13963,CUST-1104,6443.44,UPI,Card Expired,5,0,0,71928.05,0
TXN-13964,CUST-1558,14081.25,UPI,Card Expired,12,0,2,58349.4,0
TXN-13965,CUST-2023,3000.45,Credit Card,Insufficient Funds,12,0,1,57797.81,0
TXN-13966,CUST-2954,3747.9,Net Banking,Card Expired,10,0,2,88196.55,0
TXN-13967,CUST-1571,14086.49,UPI,Temporary Bank/Network Error,13,1,0,85501.74,1
TXN-13968,CUST-2977,7930.97,UPI,Card Expired,9,1,0,29242.28,1
TXN-13969,CUST-2944,22114.79,Net Banking,Card Expired,10,0,2,251681.97,0
TXN-13970,CUST-2363,9089.37,UPI,Payment Gateway Timeout,7,0,2,113240.54,0
TXN-13971,CUST-3036,17721.37,Debit Card,Authentication Failed,11,0,3,43800.11,0
TXN-13972,CUST-3344,3070.33,UPI,Authentication Failed,8,0,3,93745.92,0
TXN-13973,CUST-3402,3238.18,UPI,Card Expired,7,1,4,79694.27,0
TXN-13974,CUST-1484,4746.58,UPI,Payment Gateway Timeout,6,0,4,110355.73,0
TXN-13975,CUST-3340,5896.85,Credit Card,Payment Gateway Timeout,7,0,1,44246.84,0
TXN-13976,CUST-2784,8268.41,UPI,Payment Gateway Timeout,8,0,0,86398.53,1
TXN-13977,CUST-2836,27112.67,UPI,Temporary Bank/Network Error,9,0,1,63416.35,1
TXN-13978,CUST-1812,4409.83,Net Banking,Payment Gateway Timeout,10,1,4,125472.65,1
TXN-13979,CUST-2820,9710.91,UPI,Temporary Bank/Network Error,5,1,2,70520.44,1
TXN-13980,CUST-1485,4102.07,Credit Card,Temporary Bank/Network Error,9,0,4,27485.85,0
TXN-13981,CUST-3363,3807.69,Credit Card,Payment Gateway Timeout,8,0,1,61825.67,1
TXN-13982,CUST-1458,5101.21,UPI,Temporary Bank/Network Error,6,1,0,106180.95,1
TXN-13983,CUST-1201,6646.66,Net Banking,Temporary Bank/Network Error,5,1,1,156190.57,1
TXN-13984,CUST-1108,14928.9,Credit Card,Temporary Bank/Network Error,5,0,1,56569.2,0
TXN-13985,CUST-2443,7292.61,Net Banking,Authentication Failed,16,0,1,25987.35,1
TXN-13986,CUST-3438,9375.53,Credit Card,Temporary Bank/Network Error,10,1,4,47478.33,1
TXN-13987,CUST-1448,7761.11,Credit Card,Card Expired,4,0,2,141728.33,0
TXN-13988,CUST-1990,5438.67,Debit Card,Temporary Bank/Network Error,6,1,1,126590.71,1
TXN-13989,CUST-1122,11293.74,UPI,Payment Gateway Timeout,7,1,4,60528.83,1
TXN-13990,CUST-1379,21995.54,UPI,Insufficient Funds,2,0,1,47235.8,0
TXN-13991,CUST-1921,8623.47,UPI,Temporary Bank/Network Error,7,0,2,127419.9,1
TXN-13992,CUST-3054,9514.01,UPI,Payment Gateway Timeout,3,0,1,125911.19,0
TXN-13993,CUST-1091,4482.95,Credit Card,Insufficient Funds,14,0,0,214519.21,1
TXN-13994,CUST-2195,10179.23,UPI,Insufficient Funds,10,1,2,96986.37,1
TXN-13995,CUST-1982,10172.12,Credit Card,Authentication Failed,6,1,1,69315.43,0
TXN-13996,CUST-2922,8970.39,Credit Card,Insufficient Funds,8,1,2,97160.54,0
TXN-13997,CUST-3194,2374.09,Debit Card,Temporary Bank/Network Error,6,0,3,50492.04,0
TXN-13998,CUST-1920,8895.92,Credit Card,Temporary Bank/Network Error,5,1,2,85058.55,1
TXN-13999,CUST-2462,2467.96,UPI,Insufficient Funds,6,0,2,89891.19,0
TXN-14000,CUST-3332,5839.99,UPI,Insufficient Funds,7,1,1,129428.5,0
TXN-14001,CUST-1862,8701.9,UPI,Insufficient Funds,10,0,3,78881.37,0
TXN-14002,CUST-1096,9025.17,Credit Card,Temporary Bank/Network Error,6,1,2,91522.97,1
TXN-14003,CUST-1550,3832.59,Net Banking,Insufficient Funds,9,0,3,167169.61,0
TXN-14004,CUST-1526,7616.13,UPI,Temporary Bank/Network Error,11,0,0,99448.42,1
TXN-14005,CUST-1136,3380.42,Credit Card,Temporary Bank/Network Error,12,0,1,59580.91,1
TXN-14006,CUST-1882,3748.97,UPI,Insufficient Funds,10,0,2,117474.04,0
TXN-14007,CUST-2274,8694.86,UPI,Insufficient Funds,10,0,1,38520.83,0
TXN-14008,CUST-1240,8340.17,UPI,Insufficient Funds,10,0,0,165158.74,1
TXN-14009,CUST-2609,18530.97,Net Banking,Card Expired,7,1,1,114291.04,0
TXN-14010,CUST-3236,5131.27,Net Banking,Temporary Bank/Network Error,7,0,0,151714.5,1
TXN-14011,CUST-3053,4064.09,Debit Card,Temporary Bank/Network Error,13,1,2,73826.34,1
TXN-14012,CUST-1995,3943.58,Credit Card,Temporary Bank/Network Error,6,1,0,89467.54,1
TXN-14013,CUST-1992,7717.95,Debit Card,Authentication Failed,11,0,1,135847.47,0
TXN-14014,CUST-2755,4395.8,Debit Card,Insufficient Funds,8,0,1,88022.21,0
TXN-14015,CUST-3274,4842.87,Credit Card,Temporary Bank/Network Error,6,1,1,131603.06,1
TXN-14016,CUST-2850,8733.25,Debit Card,Insufficient Funds,5,1,1,94885.99,0
TXN-14017,CUST-2319,5156.18,Debit Card,Authentication Failed,2,0,2,64469.89,0
TXN-14018,CUST-3007,6104.95,Credit Card,Card Expired,10,0,1,65839.29,0
TXN-14019,CUST-1306,9350.34,Debit Card,Temporary Bank/Network Error,7,0,3,61452.14,0
TXN-14020,CUST-1944,4172.53,Debit Card,Payment Gateway Timeout,5,1,0,46880.47,1
TXN-14021,CUST-3217,3586.3,Debit Card,Card Expired,9,1,1,88600.24,1
TXN-14022,CUST-1250,5124.73,Debit Card,Payment Gateway Timeout,8,1,0,206554.91,1
TXN-14023,CUST-2757,3925.2,UPI,Insufficient Funds,5,0,0,58471.14,0
TXN-14024,CUST-1328,6576.98,Debit Card,Payment Gateway Timeout,8,0,1,44708.09,0
TXN-14025,CUST-1561,6226.09,UPI,Insufficient Funds,5,1,5,59800.44,0
TXN-14026,CUST-3073,7033.0,UPI,Payment Gateway Timeout,3,1,1,64891.14,1
TXN-14027,CUST-2397,16293.07,Credit Card,Payment Gateway Timeout,3,1,1,128143.45,1
TXN-14028,CUST-2033,1643.79,UPI,Insufficient Funds,8,1,1,107057.94,1
TXN-14029,CUST-2995,10122.99,Credit Card,Authentication Failed,10,0,3,37999.3,0
TXN-14030,CUST-1863,10376.44,UPI,Temporary Bank/Network Error,10,0,3,48887.49,1
TXN-14031,CUST-1205,10470.28,UPI,Insufficient Funds,10,0,3,62759.0,0
TXN-14032,CUST-2160,2026.97,Credit Card,Insufficient Funds,9,0,0,86747.23,0
TXN-14033,CUST-3174,10954.04,Net Banking,Insufficient Funds,15,1,2,143898.74,1
TXN-14034,CUST-1695,7974.49,UPI,Temporary Bank/Network Error,11,0,0,48039.48,1
TXN-14035,CUST-2851,7675.53,Credit Card,Temporary Bank/Network Error,8,1,4,133438.97,1
TXN-14036,CUST-2531,5782.46,UPI,Insufficient Funds,5,0,3,79409.31,0
TXN-14037,CUST-1922,8357.42,Wallet,Insufficient Funds,4,0,2,72225.03,0
TXN-14038,CUST-1687,2927.08,Debit Card,Payment Gateway Timeout,5,0,1,205068.1,0
TXN-14039,CUST-2094,4110.11,Debit Card,Temporary Bank/Network Error,8,0,2,111073.55,1
TXN-14040,CUST-3323,2393.72,Credit Card,Temporary Bank/Network Error,11,1,0,154969.5,1
TXN-14041,CUST-1555,12309.51,Debit Card,Authentication Failed,5,1,2,46321.59,0
TXN-14042,CUST-2916,6443.15,UPI,Insufficient Funds,10,1,1,91144.05,1
TXN-14043,CUST-1784,15684.37,Net Banking,Temporary Bank/Network Error,7,0,2,90739.11,0
TXN-14044,CUST-1177,4768.21,UPI,Card Expired,9,0,2,71959.43,0
TXN-14045,CUST-3026,7192.62,UPI,Authentication Failed,5,1,1,51862.25,0
TXN-14046,CUST-1216,12922.06,Wallet,Temporary Bank/Network Error,5,1,2,54361.27,1
TXN-14047,CUST-2510,8465.37,UPI,Authentication Failed,8,1,1,61474.44,1
TXN-14048,CUST-2203,9029.13,Credit Card,Temporary Bank/Network Error,8,0,1,29697.46,1
TXN-14049,CUST-2611,10801.34,Net Banking,Temporary Bank/Network Error,5,1,2,83529.83,1
TXN-14050,CUST-1613,6241.85,Credit Card,Card Expired,7,0,1,45972.82,0
TXN-14051,CUST-1688,6797.45,Net Banking,Authentication Failed,10,0,0,127983.26,0
TXN-14052,CUST-1471,2918.44,UPI,Authentication Failed,9,1,0,41711.88,1
TXN-14053,CUST-2685,4424.67,Net Banking,Payment Gateway Timeout,7,0,2,88186.11,0
TXN-14054,CUST-3244,6430.19,Debit Card,Insufficient Funds,9,1,3,60048.07,0
TXN-14055,CUST-2055,4546.53,Net Banking,Temporary Bank/Network Error,4,1,1,59192.24,1
TXN-14056,CUST-2729,11949.86,Credit Card,Card Expired,13,0,1,105493.49,0
TXN-14057,CUST-2632,21297.23,Credit Card,Authentication Failed,8,0,0,42400.85,0
TXN-14058,CUST-2710,11290.57,Debit Card,Card Expired,5,1,4,83116.15,0
TXN-14059,CUST-2393,3668.23,Debit Card,Temporary Bank/Network Error,6,1,1,32178.33,1
TXN-14060,CUST-3350,17660.62,UPI,Authentication Failed,3,1,5,99232.07,0
TXN-14061,CUST-2500,14959.92,UPI,Temporary Bank/Network Error,8,0,4,96971.72,0
TXN-14062,CUST-1326,2819.79,Credit Card,Authentication Failed,5,1,1,66498.55,0
TXN-14063,CUST-3219,13090.72,UPI,Temporary Bank/Network Error,6,0,2,91659.07,0
TXN-14064,CUST-2267,4672.86,Wallet,Card Expired,9,0,1,30635.62,0
TXN-14065,CUST-2908,6857.87,Debit Card,Payment Gateway Timeout,6,0,1,95670.01,0
TXN-14066,CUST-1109,6106.07,UPI,Card Expired,4,1,3,57252.4,0
TXN-14067,CUST-1327,4480.9,Credit Card,Temporary Bank/Network Error,9,1,1,75147.56,1
TXN-14068,CUST-2834,4843.39,Wallet,Temporary Bank/Network Error,8,1,2,68144.28,1
TXN-14069,CUST-1783,3407.86,Debit Card,Authentication Failed,9,0,1,29860.34,0
TXN-14070,CUST-2519,5718.84,Credit Card,Authentication Failed,4,0,2,159270.72,0
TXN-14071,CUST-2038,10327.02,UPI,Authentication Failed,4,1,0,81601.72,0
TXN-14072,CUST-2967,6341.18,Net Banking,Insufficient Funds,5,1,3,39321.23,0
TXN-14073,CUST-1379,7455.89,Debit Card,Temporary Bank/Network Error,6,1,2,132899.4,1
TXN-14074,CUST-1074,4883.38,Wallet,Card Expired,12,0,0,52619.75,0
TXN-14075,CUST-2879,13115.28,Debit Card,Insufficient Funds,12,0,0,43803.62,0
TXN-14076,CUST-2871,8166.81,Credit Card,Temporary Bank/Network Error,7,0,3,56657.91,0
TXN-14077,CUST-2183,10709.43,UPI,Authentication Failed,9,1,2,59344.47,1
TXN-14078,CUST-1969,10584.52,Debit Card,Insufficient Funds,7,1,4,62130.47,0
TXN-14079,CUST-1440,4272.52,Credit Card,Payment Gateway Timeout,9,1,0,60151.71,1
TXN-14080,CUST-1382,8661.62,Debit Card,Insufficient Funds,10,1,3,150441.42,0
TXN-14081,CUST-2493,4919.39,Credit Card,Temporary Bank/Network Error,8,1,1,86061.02,1
TXN-14082,CUST-3161,2490.18,Wallet,Temporary Bank/Network Error,12,1,2,32535.03,1
TXN-14083,CUST-1408,3698.85,Credit Card,Payment Gateway Timeout,7,0,2,119402.79,0
TXN-14084,CUST-1818,8347.78,UPI,Card Expired,12,0,2,149388.61,0
TXN-14085,CUST-2313,4273.89,Credit Card,Insufficient Funds,7,0,1,25952.96,0
TXN-14086,CUST-1806,2316.3,Debit Card,Temporary Bank/Network Error,13,0,1,140189.06,1
TXN-14087,CUST-1294,9184.66,UPI,Payment Gateway Timeout,12,0,3,70724.47,1
TXN-14088,CUST-3006,10014.1,Debit Card,Temporary Bank/Network Error,6,0,1,108482.04,0
TXN-14089,CUST-2331,18542.82,UPI,Authentication Failed,3,0,3,103851.17,0
TXN-14090,CUST-2241,2302.39,UPI,Insufficient Funds,5,0,2,57326.87,0
TXN-14091,CUST-2306,14512.85,UPI,Insufficient Funds,3,1,0,50172.71,0
TXN-14092,CUST-3317,5959.63,UPI,Payment Gateway Timeout,7,0,0,26963.61,1
TXN-14093,CUST-1181,8793.13,Debit Card,Temporary Bank/Network Error,9,1,1,82697.19,1
TXN-14094,CUST-1342,19461.57,Net Banking,Authentication Failed,7,1,1,95104.29,0
TXN-14095,CUST-1952,6997.28,UPI,Card Expired,9,1,1,133400.81,1
TXN-14096,CUST-2546,7113.61,UPI,Payment Gateway Timeout,9,0,1,95239.36,1
TXN-14097,CUST-2063,4509.71,Credit Card,Card Expired,6,1,0,80197.8,0
TXN-14098,CUST-1243,14173.82,Debit Card,Insufficient Funds,10,1,5,63221.1,0
TXN-14099,CUST-1869,6945.4,Net Banking,Temporary Bank/Network Error,6,0,0,73027.51,1
TXN-14100,CUST-2517,11060.81,Debit Card,Insufficient Funds,10,0,3,106948.0,0
TXN-14101,CUST-2594,6268.58,Net Banking,Authentication Failed,8,0,1,81428.41,0
TXN-14102,CUST-1761,16296.27,Credit Card,Payment Gateway Timeout,10,1,3,36082.79,1
TXN-14103,CUST-2963,3372.5,UPI,Insufficient Funds,4,1,2,113630.91,0
TXN-14104,CUST-3373,21925.29,Debit Card,Temporary Bank/Network Error,8,0,3,122554.19,0
TXN-14105,CUST-2484,5451.36,Debit Card,Temporary Bank/Network Error,13,1,1,93163.38,1
TXN-14106,CUST-2010,4727.46,Debit Card,Temporary Bank/Network Error,6,1,1,91768.37,1
TXN-14107,CUST-2503,17935.67,UPI,Insufficient Funds,8,1,2,53054.83,0
TXN-14108,CUST-1145,3386.16,Debit Card,Authentication Failed,9,0,2,47758.58,0
TXN-14109,CUST-2908,5198.96,Debit Card,Temporary Bank/Network Error,13,0,0,78495.54,1
TXN-14110,CUST-1551,6546.97,Debit Card,Insufficient Funds,7,0,2,55774.04,0
TXN-14111,CUST-3234,7406.93,Credit Card,Insufficient Funds,7,1,1,82368.72,0
TXN-14112,CUST-2824,5288.21,Credit Card,Insufficient Funds,5,1,3,60550.6,0
TXN-14113,CUST-2186,5364.0,Credit Card,Authentication Failed,11,0,2,53238.77,0
TXN-14114,CUST-1698,19572.5,Debit Card,Insufficient Funds,14,0,1,36894.86,0
TXN-14115,CUST-3365,8079.7,Debit Card,Authentication Failed,10,1,3,107493.5,0
TXN-14116,CUST-3227,3712.46,UPI,Insufficient Funds,8,1,1,149016.21,1
TXN-14117,CUST-2920,3283.89,UPI,Temporary Bank/Network Error,6,1,1,49231.99,1
TXN-14118,CUST-3146,13909.12,UPI,Insufficient Funds,7,1,2,34927.57,0
TXN-14119,CUST-3189,5003.47,Credit Card,Temporary Bank/Network Error,10,1,0,117901.23,1
TXN-14120,CUST-2201,27359.33,Wallet,Authentication Failed,9,0,0,85585.91,0
TXN-14121,CUST-2201,18776.24,Credit Card,Temporary Bank/Network Error,12,1,1,148083.48,1
TXN-14122,CUST-1950,9261.98,UPI,Authentication Failed,13,1,3,114563.53,1
TXN-14123,CUST-2350,6457.04,UPI,Authentication Failed,10,0,1,55865.62,0
TXN-14124,CUST-2195,6273.52,Wallet,Insufficient Funds,10,1,2,228252.93,1
TXN-14125,CUST-2414,9252.38,Debit Card,Payment Gateway Timeout,10,1,1,30347.01,1
TXN-14126,CUST-1450,7383.96,Credit Card,Insufficient Funds,7,1,1,43025.44,0
TXN-14127,CUST-1303,5449.68,Net Banking,Payment Gateway Timeout,3,1,1,42508.27,0
TXN-14128,CUST-1330,2064.98,Debit Card,Temporary Bank/Network Error,7,1,3,62553.26,1
TXN-14129,CUST-2813,8332.33,Credit Card,Temporary Bank/Network Error,11,0,0,39114.35,1
TXN-14130,CUST-2667,9567.25,Net Banking,Payment Gateway Timeout,7,1,1,86372.14,1
TXN-14131,CUST-2961,4936.18,UPI,Temporary Bank/Network Error,6,1,3,99541.98,1
TXN-14132,CUST-3021,5756.52,Debit Card,Payment Gateway Timeout,13,1,0,33251.22,1
TXN-14133,CUST-3387,15001.68,Debit Card,Authentication Failed,15,1,2,101435.14,1
TXN-14134,CUST-1337,7116.6,Net Banking,Authentication Failed,8,0,0,141614.56,0
TXN-14135,CUST-2631,3857.85,UPI,Temporary Bank/Network Error,4,1,2,70405.34,1
TXN-14136,CUST-1825,12762.06,UPI,Card Expired,4,1,3,38056.78,0
TXN-14137,CUST-1290,5058.42,UPI,Payment Gateway Timeout,7,1,2,26015.11,1
TXN-14138,CUST-2027,3164.73,Debit Card,Insufficient Funds,5,0,0,54641.17,0
TXN-14139,CUST-2586,17716.77,UPI,Temporary Bank/Network Error,7,1,2,63427.94,1
TXN-14140,CUST-3069,14360.35,Net Banking,Authentication Failed,3,1,4,53504.0,0
TXN-14141,CUST-1044,7482.09,Credit Card,Insufficient Funds,5,1,2,81331.21,0
TXN-14142,CUST-2305,2585.56,Credit Card,Insufficient Funds,4,0,3,103865.51,0
TXN-14143,CUST-1446,15706.52,Credit Card,Authentication Failed,8,1,1,99523.97,0
TXN-14144,CUST-2618,8960.78,UPI,Insufficient Funds,12,1,1,56038.36,1
TXN-14145,CUST-1140,8077.94,Debit Card,Temporary Bank/Network Error,7,0,0,53291.13,1
TXN-14146,CUST-1102,9993.28,Credit Card,Authentication Failed,10,1,3,59349.99,0
TXN-14147,CUST-3327,8091.07,Debit Card,Authentication Failed,9,0,1,95647.38,0
TXN-14148,CUST-1405,8085.36,Net Banking,Payment Gateway Timeout,5,0,0,105426.08,0
TXN-14149,CUST-1710,10520.9,Credit Card,Temporary Bank/Network Error,8,0,0,110931.33,1
TXN-14150,CUST-1817,5548.9,UPI,Temporary Bank/Network Error,11,1,1,67719.48,1
TXN-14151,CUST-1022,10390.53,Debit Card,Authentication Failed,11,0,1,153147.41,0
TXN-14152,CUST-2855,5740.61,Debit Card,Temporary Bank/Network Error,2,1,0,84499.45,1
TXN-14153,CUST-2661,4730.99,Credit Card,Card Expired,5,1,1,33402.68,0
TXN-14154,CUST-2338,5587.62,Credit Card,Payment Gateway Timeout,7,1,1,88309.56,1
TXN-14155,CUST-1975,11762.14,UPI,Insufficient Funds,11,1,2,40651.96,1
TXN-14156,CUST-1548,7071.14,Net Banking,Payment Gateway Timeout,10,0,1,193784.55,1
TXN-14157,CUST-1134,4244.54,Wallet,Payment Gateway Timeout,6,1,1,158689.49,1
TXN-14158,CUST-3022,14221.69,Debit Card,Insufficient Funds,6,1,3,56267.65,0
TXN-14159,CUST-1574,7801.12,Wallet,Temporary Bank/Network Error,11,1,1,48763.71,1
TXN-14160,CUST-1520,10997.31,Debit Card,Payment Gateway Timeout,7,0,0,111222.98,1
TXN-14161,CUST-2321,6930.44,Net Banking,Insufficient Funds,14,0,1,58493.71,0
TXN-14162,CUST-3412,14521.48,Credit Card,Insufficient Funds,11,1,1,53753.67,1
TXN-14163,CUST-1364,9965.57,UPI,Authentication Failed,6,1,1,60586.07,0
TXN-14164,CUST-2154,10855.46,UPI,Insufficient Funds,7,1,3,22895.87,0
TXN-14165,CUST-2388,7496.39,Net Banking,Payment Gateway Timeout,10,1,2,108699.06,1
TXN-14166,CUST-2067,4717.64,Credit Card,Temporary Bank/Network Error,13,1,2,94275.6,1
TXN-14167,CUST-1881,6399.29,UPI,Card Expired,9,1,0,74666.91,1
TXN-14168,CUST-1467,11224.01,Debit Card,Temporary Bank/Network Error,7,0,0,65521.08,1
TXN-14169,CUST-1845,6751.87,UPI,Card Expired,11,1,1,66371.42,1
TXN-14170,CUST-1100,22735.81,Credit Card,Temporary Bank/Network Error,10,0,3,47506.83,1
TXN-14171,CUST-2142,7306.36,Credit Card,Insufficient Funds,8,1,1,72574.69,0
TXN-14172,CUST-3445,4042.65,Debit Card,Temporary Bank/Network Error,7,1,2,73074.69,1
TXN-14173,CUST-1377,5975.39,Credit Card,Insufficient Funds,11,0,1,42907.38,0
TXN-14174,CUST-2774,9983.65,UPI,Temporary Bank/Network Error,5,0,3,99448.15,0
TXN-14175,CUST-1242,3702.02,Wallet,Temporary Bank/Network Error,9,0,1,85266.97,1
TXN-14176,CUST-2514,2953.35,Debit Card,Authentication Failed,8,1,1,52426.4,1
TXN-14177,CUST-2799,8294.96,Credit Card,Insufficient Funds,11,0,1,37740.3,0
TXN-14178,CUST-2990,9116.64,UPI,Payment Gateway Timeout,13,1,1,56935.73,1
TXN-14179,CUST-2989,13684.79,Debit Card,Temporary Bank/Network Error,5,0,0,56416.07,0
TXN-14180,CUST-2187,9506.31,UPI,Card Expired,13,0,2,214257.04,0
TXN-14181,CUST-1081,4708.67,Wallet,Authentication Failed,11,0,0,43163.33,0
TXN-14182,CUST-2526,4569.33,UPI,Authentication Failed,8,0,1,64820.66,0
TXN-14183,CUST-1115,8576.43,UPI,Authentication Failed,4,0,1,53821.62,0
TXN-14184,CUST-3033,5648.21,Debit Card,Authentication Failed,8,1,2,94395.51,0
TXN-14185,CUST-1892,5715.72,Net Banking,Temporary Bank/Network Error,5,1,7,50319.29,0
TXN-14186,CUST-1172,10236.63,UPI,Payment Gateway Timeout,6,1,2,119145.29,1
TXN-14187,CUST-3061,3947.58,UPI,Temporary Bank/Network Error,8,1,3,108835.78,1
TXN-14188,CUST-1646,4127.84,UPI,Temporary Bank/Network Error,7,1,2,61494.34,1
TXN-14189,CUST-3332,6762.21,UPI,Temporary Bank/Network Error,8,0,0,90439.84,1
TXN-14190,CUST-1989,7275.09,UPI,Payment Gateway Timeout,7,0,2,83650.46,0
TXN-14191,CUST-2232,6584.0,Net Banking,Temporary Bank/Network Error,8,1,0,97642.66,1
TXN-14192,CUST-1300,9445.16,UPI,Payment Gateway Timeout,5,0,3,128020.57,0
TXN-14193,CUST-2794,3330.79,Credit Card,Authentication Failed,3,0,1,25540.87,0
TXN-14194,CUST-3334,6507.21,Credit Card,Authentication Failed,11,1,1,95947.85,1
TXN-14195,CUST-1280,12354.48,UPI,Insufficient Funds,9,0,2,48781.36,0
TXN-14196,CUST-3095,11131.53,Credit Card,Payment Gateway Timeout,11,0,0,35684.28,1
TXN-14197,CUST-1211,6452.2,Net Banking,Insufficient Funds,10,1,2,62362.79,0
TXN-14198,CUST-3321,7897.69,Credit Card,Authentication Failed,15,0,3,45924.9,0
TXN-14199,CUST-2155,8753.91,Wallet,Temporary Bank/Network Error,7,1,1,66118.23,1
TXN-14200,CUST-1552,7803.64,UPI,Insufficient Funds,10,1,1,107546.51,1
TXN-14201,CUST-2029,4945.24,UPI,Payment Gateway Timeout,11,1,1,87499.37,1
TXN-14202,CUST-1009,6756.43,UPI,Payment Gateway Timeout,6,0,2,19757.86,0
TXN-14203,CUST-1309,2741.37,Debit Card,Authentication Failed,9,0,2,75258.38,0
TXN-14204,CUST-3278,7911.37,UPI,Temporary Bank/Network Error,6,1,2,66591.94,1
TXN-14205,CUST-2493,4206.29,Debit Card,Payment Gateway Timeout,6,0,2,35044.74,0
TXN-14206,CUST-1857,6400.26,UPI,Temporary Bank/Network Error,8,0,0,283414.77,1
TXN-14207,CUST-3054,16603.85,Credit Card,Payment Gateway Timeout,9,0,2,78861.13,0
TXN-14208,CUST-3190,12102.06,Wallet,Temporary Bank/Network Error,7,0,1,91883.71,1
TXN-14209,CUST-1435,3240.66,UPI,Temporary Bank/Network Error,11,1,1,57669.66,1
TXN-14210,CUST-2999,3659.35,Credit Card,Payment Gateway Timeout,8,0,1,119542.63,1
TXN-14211,CUST-1445,17965.07,Wallet,Payment Gateway Timeout,5,0,0,95495.95,0
TXN-14212,CUST-3304,6614.01,Credit Card,Temporary Bank/Network Error,3,0,1,40834.55,0
TXN-14213,CUST-3431,8389.42,UPI,Insufficient Funds,5,1,0,39698.51,0
TXN-14214,CUST-3438,13215.5,Credit Card,Card Expired,12,1,2,53602.91,1
TXN-14215,CUST-2289,10389.59,Debit Card,Temporary Bank/Network Error,6,0,2,77790.98,0
TXN-14216,CUST-1240,5199.71,Debit Card,Authentication Failed,10,0,1,49184.91,0
TXN-14217,CUST-1064,11443.38,Net Banking,Payment Gateway Timeout,7,0,2,49662.09,0
TXN-14218,CUST-1793,5314.6,UPI,Insufficient Funds,9,0,2,53482.19,0
TXN-14219,CUST-2916,4834.61,UPI,Payment Gateway Timeout,9,0,0,60944.25,1
TXN-14220,CUST-1089,18106.04,Debit Card,Payment Gateway Timeout,7,0,2,116035.58,0
TXN-14221,CUST-1779,7229.83,UPI,Payment Gateway Timeout,8,0,3,80793.74,0
TXN-14222,CUST-2660,15910.63,Debit Card,Payment Gateway Timeout,11,1,3,30115.12,1
TXN-14223,CUST-1905,3372.05,Net Banking,Payment Gateway Timeout,12,0,2,103610.13,1
TXN-14224,CUST-3097,4105.82,UPI,Insufficient Funds,8,0,1,196314.42,0
TXN-14225,CUST-1427,7064.37,UPI,Insufficient Funds,1,0,1,118038.39,0
TXN-14226,CUST-2595,4461.83,Credit Card,Temporary Bank/Network Error,4,1,0,88648.59,1
TXN-14227,CUST-1631,4563.63,UPI,Temporary Bank/Network Error,9,1,2,97670.34,1
TXN-14228,CUST-2132,10199.87,UPI,Card Expired,8,1,3,52512.77,0
TXN-14229,CUST-1979,5113.43,Credit Card,Temporary Bank/Network Error,8,0,4,59669.99,0
TXN-14230,CUST-2371,5435.37,Credit Card,Temporary Bank/Network Error,8,0,2,126507.02,1
TXN-14231,CUST-2364,3480.69,Net Banking,Authentication Failed,9,1,1,222565.74,1
TXN-14232,CUST-3123,8409.98,Credit Card,Authentication Failed,6,1,1,34328.57,0
TXN-14233,CUST-3301,14109.92,Credit Card,Insufficient Funds,12,0,3,112406.65,0
TXN-14234,CUST-1844,5584.55,UPI,Temporary Bank/Network Error,11,1,0,120285.85,1
TXN-14235,CUST-2288,7083.01,UPI,Insufficient Funds,7,1,0,47575.16,1
TXN-14236,CUST-1292,6787.58,UPI,Authentication Failed,5,1,1,69760.83,0
TXN-14237,CUST-2122,7478.28,UPI,Temporary Bank/Network Error,11,0,1,81635.21,1
TXN-14238,CUST-2953,9865.06,Credit Card,Insufficient Funds,9,0,4,107328.91,0
TXN-14239,CUST-2895,5846.94,Net Banking,Authentication Failed,11,0,2,55203.4,0
TXN-14240,CUST-1147,4424.15,Wallet,Temporary Bank/Network Error,8,0,2,46042.24,0
TXN-14241,CUST-2458,2590.75,Net Banking,Temporary Bank/Network Error,7,1,0,62010.33,1
TXN-14242,CUST-2198,23873.11,Debit Card,Temporary Bank/Network Error,12,0,1,121845.39,1
TXN-14243,CUST-3422,8062.28,Debit Card,Temporary Bank/Network Error,8,0,1,66189.65,1
TXN-14244,CUST-1295,7922.91,Net Banking,Authentication Failed,10,1,2,77572.06,1
TXN-14245,CUST-2827,13678.53,Credit Card,Temporary Bank/Network Error,10,1,2,77850.74,1
TXN-14246,CUST-2458,2524.99,Net Banking,Insufficient Funds,7,1,1,66340.15,0
TXN-14247,CUST-1445,13876.24,Credit Card,Card Expired,8,0,2,59797.06,0
TXN-14248,CUST-1515,3812.73,Debit Card,Temporary Bank/Network Error,12,1,3,67441.88,1
TXN-14249,CUST-3240,8040.63,UPI,Temporary Bank/Network Error,11,0,4,62470.92,1
TXN-14250,CUST-1893,3710.66,Credit Card,Card Expired,10,1,3,87563.01,0
TXN-14251,CUST-3189,6007.36,Wallet,Insufficient Funds,10,0,1,110197.86,0
TXN-14252,CUST-3347,8805.58,UPI,Authentication Failed,10,0,1,130991.46,0
TXN-14253,CUST-3249,12647.87,UPI,Payment Gateway Timeout,4,1,0,161420.82,1
TXN-14254,CUST-2135,6639.21,Net Banking,Authentication Failed,13,0,0,43240.68,1
TXN-14255,CUST-1134,3020.18,UPI,Temporary Bank/Network Error,8,1,2,53242.25,1
TXN-14256,CUST-1520,6424.51,Wallet,Insufficient Funds,9,1,0,89982.73,1
TXN-14257,CUST-1750,5113.61,UPI,Payment Gateway Timeout,11,1,3,108704.2,1
TXN-14258,CUST-1855,6744.21,Debit Card,Payment Gateway Timeout,8,1,3,161045.86,0
TXN-14259,CUST-2919,7640.33,Credit Card,Insufficient Funds,10,0,1,58791.56,0
TXN-14260,CUST-2107,4775.77,Net Banking,Authentication Failed,10,0,2,63397.67,0
TXN-14261,CUST-2522,3018.99,Credit Card,Temporary Bank/Network Error,10,1,2,102819.72,1
TXN-14262,CUST-2202,6273.02,Credit Card,Insufficient Funds,5,1,3,63704.28,0
TXN-14263,CUST-2756,14084.15,Debit Card,Authentication Failed,11,0,2,110497.04,0
TXN-14264,CUST-3498,9713.48,Credit Card,Insufficient Funds,13,1,2,108489.01,1
TXN-14265,CUST-2998,4622.2,UPI,Temporary Bank/Network Error,7,1,0,101429.64,1
TXN-14266,CUST-1043,4977.38,Wallet,Authentication Failed,6,1,3,69313.05,0
TXN-14267,CUST-2211,5511.25,Credit Card,Temporary Bank/Network Error,11,0,0,94886.29,1
TXN-14268,CUST-2336,5070.35,UPI,Insufficient Funds,9,0,0,174140.17,0
TXN-14269,CUST-2593,5830.26,Net Banking,Temporary Bank/Network Error,9,1,0,102310.39,1
TXN-14270,CUST-1463,9503.76,Credit Card,Authentication Failed,10,0,2,117696.31,0
TXN-14271,CUST-2411,3218.18,Net Banking,Temporary Bank/Network Error,10,0,1,226160.54,1
TXN-14272,CUST-2435,6895.11,UPI,Card Expired,6,1,0,56103.51,0
TXN-14273,CUST-3404,12032.23,Debit Card,Insufficient Funds,13,0,0,107364.64,1
TXN-14274,CUST-3388,8363.78,Credit Card,Insufficient Funds,12,1,3,32494.12,1
TXN-14275,CUST-1467,9562.19,Credit Card,Authentication Failed,7,1,1,41318.2,0
TXN-14276,CUST-2540,7367.35,UPI,Card Expired,7,0,1,87822.87,0
TXN-14277,CUST-1964,19923.86,Wallet,Insufficient Funds,10,1,2,55659.22,0
TXN-14278,CUST-2346,11668.6,UPI,Card Expired,12,1,0,74746.99,1
TXN-14279,CUST-2095,5549.35,UPI,Temporary Bank/Network Error,4,1,1,94218.08,1
TXN-14280,CUST-1481,11014.21,Wallet,Insufficient Funds,15,1,0,85662.57,1
TXN-14281,CUST-2172,7640.02,Credit Card,Temporary Bank/Network Error,5,0,2,196405.26,0
TXN-14282,CUST-1588,6360.71,UPI,Insufficient Funds,10,1,1,69794.34,1
TXN-14283,CUST-1658,10020.36,Net Banking,Authentication Failed,7,1,1,108984.73,0
TXN-14284,CUST-3200,10462.64,Net Banking,Authentication Failed,1,1,0,108719.54,0
TXN-14285,CUST-1644,7397.64,Debit Card,Authentication Failed,7,1,1,87966.93,0
TXN-14286,CUST-1150,9871.99,Debit Card,Temporary Bank/Network Error,10,0,2,99109.73,1
TXN-14287,CUST-3226,7566.95,Credit Card,Temporary Bank/Network Error,7,0,2,120844.14,1
TXN-14288,CUST-1672,4867.89,UPI,Authentication Failed,9,0,3,155130.21,0
TXN-14289,CUST-2412,6531.85,UPI,Insufficient Funds,5,1,3,97586.73,0
TXN-14290,CUST-2827,22484.39,UPI,Payment Gateway Timeout,8,0,1,31933.37,0
TXN-14291,CUST-2699,5605.96,Wallet,Temporary Bank/Network Error,5,1,0,48600.1,1
TXN-14292,CUST-1538,7239.37,Net Banking,Authentication Failed,14,0,4,127906.15,0
TXN-14293,CUST-2238,10567.83,Wallet,Insufficient Funds,10,0,0,40715.01,0
TXN-14294,CUST-1469,6259.35,Debit Card,Temporary Bank/Network Error,9,0,1,106257.59,1
TXN-14295,CUST-2654,8139.52,Debit Card,Card Expired,10,1,1,86176.83,1
TXN-14296,CUST-1283,10496.48,Wallet,Card Expired,8,0,3,25575.02,0
TXN-14297,CUST-3336,8004.53,Credit Card,Card Expired,4,1,2,40816.62,0
TXN-14298,CUST-1542,5879.45,Credit Card,Insufficient Funds,8,0,2,90841.22,0
TXN-14299,CUST-2496,4587.51,Debit Card,Card Expired,7,0,2,109663.25,0
TXN-14300,CUST-2086,7533.57,Debit Card,Authentication Failed,9,1,2,80851.87,0
TXN-14301,CUST-2810,5593.52,Wallet,Temporary Bank/Network Error,10,1,1,139359.99,1
TXN-14302,CUST-1018,5234.06,Credit Card,Payment Gateway Timeout,5,0,2,63765.77,0
TXN-14303,CUST-1869,8385.67,Wallet,Card Expired,12,0,2,48224.81,0
TXN-14304,CUST-1263,16555.13,Credit Card,Card Expired,11,0,0,135339.44,0
TXN-14305,CUST-1207,5317.14,UPI,Card Expired,13,1,2,114759.3,1
TXN-14306,CUST-2732,3687.43,UPI,Insufficient Funds,6,0,3,102681.42,0
TXN-14307,CUST-2325,5818.41,UPI,Card Expired,6,1,2,157271.57,1
TXN-14308,CUST-2676,5062.97,Debit Card,Temporary Bank/Network Error,7,0,2,99314.24,0
TXN-14309,CUST-3171,7525.9,UPI,Insufficient Funds,10,1,3,28317.59,0
TXN-14310,CUST-3328,4012.51,Debit Card,Temporary Bank/Network Error,6,0,0,95364.41,1
TXN-14311,CUST-1035,6494.75,Debit Card,Card Expired,10,0,2,147304.24,0
TXN-14312,CUST-1817,12099.51,UPI,Authentication Failed,8,1,1,46555.59,1
TXN-14313,CUST-1376,3844.95,Credit Card,Temporary Bank/Network Error,14,1,1,92668.5,1
TXN-14314,CUST-1873,10762.29,Debit Card,Temporary Bank/Network Error,7,0,2,49262.77,0
TXN-14315,CUST-2823,6237.96,Debit Card,Insufficient Funds,8,1,2,66977.79,0
TXN-14316,CUST-2017,11331.09,UPI,Card Expired,5,0,2,36020.45,0
TXN-14317,CUST-1569,12422.33,Credit Card,Payment Gateway Timeout,3,0,3,83076.49,0
TXN-14318,CUST-2496,4713.55,UPI,Temporary Bank/Network Error,5,1,2,122989.11,1
TXN-14319,CUST-2342,4163.96,Credit Card,Payment Gateway Timeout,6,1,3,65027.76,1
TXN-14320,CUST-1714,4385.42,Credit Card,Authentication Failed,13,0,0,40169.04,1
TXN-14321,CUST-2749,7938.7,UPI,Card Expired,14,1,0,49807.51,1
TXN-14322,CUST-2767,4564.01,UPI,Temporary Bank/Network Error,8,0,1,67744.21,1
TXN-14323,CUST-1374,9129.69,UPI,Insufficient Funds,5,1,3,70427.29,0
TXN-14324,CUST-3383,9067.71,Credit Card,Card Expired,5,1,1,74752.31,0
TXN-14325,CUST-2931,17434.39,UPI,Temporary Bank/Network Error,9,1,4,34355.14,1
TXN-14326,CUST-1562,13832.63,Credit Card,Card Expired,10,0,1,100602.08,0
TXN-14327,CUST-3139,5942.46,Credit Card,Authentication Failed,13,1,1,60371.51,1
TXN-14328,CUST-2023,4915.57,Credit Card,Payment Gateway Timeout,4,0,1,161010.18,0
TXN-14329,CUST-1587,6051.92,Credit Card,Temporary Bank/Network Error,4,0,4,161564.56,0
TXN-14330,CUST-1853,9181.54,Net Banking,Payment Gateway Timeout,4,0,0,80037.05,0
TXN-14331,CUST-1660,4659.55,Debit Card,Authentication Failed,5,1,4,111449.44,0
TXN-14332,CUST-2798,3023.17,Credit Card,Temporary Bank/Network Error,7,0,3,177063.78,0
TXN-14333,CUST-1031,11541.25,Credit Card,Card Expired,8,0,1,46807.82,0
TXN-14334,CUST-3150,5765.74,Wallet,Temporary Bank/Network Error,10,0,0,107451.6,0
TXN-14335,CUST-2372,9411.13,Credit Card,Temporary Bank/Network Error,7,1,2,97626.77,1
TXN-14336,CUST-3492,8004.04,UPI,Payment Gateway Timeout,12,1,1,41700.17,1
TXN-14337,CUST-2720,10880.22,UPI,Authentication Failed,9,0,0,86531.22,0
TXN-14338,CUST-1180,6824.4,Credit Card,Authentication Failed,15,1,1,73893.11,1
TXN-14339,CUST-2301,4625.07,Net Banking,Authentication Failed,13,0,0,68433.64,1
TXN-14340,CUST-2522,4413.46,Debit Card,Authentication Failed,13,1,1,61767.88,1
TXN-14341,CUST-1528,8070.79,Debit Card,Card Expired,3,0,2,39371.64,0
TXN-14342,CUST-3255,8933.75,UPI,Card Expired,5,0,1,146752.85,0
TXN-14343,CUST-2786,4640.93,Wallet,Payment Gateway Timeout,11,1,0,47894.01,1
TXN-14344,CUST-2588,5930.66,Debit Card,Authentication Failed,7,1,1,129883.42,0
TXN-14345,CUST-2137,9588.11,UPI,Authentication Failed,10,1,1,151808.96,1
TXN-14346,CUST-1288,7373.98,UPI,Authentication Failed,5,1,3,56912.86,0
TXN-14347,CUST-1063,12941.45,Debit Card,Authentication Failed,15,1,1,139592.96,1
TXN-14348,CUST-3258,6822.2,Credit Card,Temporary Bank/Network Error,9,0,4,85803.87,0
TXN-14349,CUST-2330,11433.33,UPI,Authentication Failed,8,1,0,85168.15,1
TXN-14350,CUST-1381,4386.35,UPI,Temporary Bank/Network Error,7,1,0,51228.05,1
TXN-14351,CUST-2159,9106.21,UPI,Authentication Failed,2,1,1,66021.96,0
TXN-14352,CUST-1305,11865.59,Wallet,Authentication Failed,10,0,0,30798.18,0
TXN-14353,CUST-2995,6891.76,Credit Card,Insufficient Funds,10,1,0,68094.22,1
TXN-14354,CUST-3088,7906.55,UPI,Authentication Failed,4,0,1,115742.57,0
TXN-14355,CUST-3124,8884.1,Credit Card,Payment Gateway Timeout,8,1,3,101247.59,1
TXN-14356,CUST-1554,8128.89,Debit Card,Temporary Bank/Network Error,11,0,0,62422.68,1
TXN-14357,CUST-2482,8455.06,Wallet,Insufficient Funds,14,0,0,160246.9,1
TXN-14358,CUST-1880,4003.15,Net Banking,Temporary Bank/Network Error,8,0,0,58460.52,1
TXN-14359,CUST-3136,2597.86,UPI,Temporary Bank/Network Error,7,1,2,134305.07,1
TXN-14360,CUST-2006,8704.99,Wallet,Temporary Bank/Network Error,8,0,2,50297.14,0
TXN-14361,CUST-2553,13285.08,UPI,Insufficient Funds,5,0,2,21456.39,0
TXN-14362,CUST-3156,7420.89,Debit Card,Temporary Bank/Network Error,11,1,1,33951.73,1
TXN-14363,CUST-2892,10585.5,UPI,Temporary Bank/Network Error,7,1,3,32837.15,1
TXN-14364,CUST-1915,6600.36,Credit Card,Card Expired,8,1,3,69740.56,0
TXN-14365,CUST-1515,9426.35,Debit Card,Insufficient Funds,8,1,1,49231.6,0
TXN-14366,CUST-1238,7961.92,Net Banking,Temporary Bank/Network Error,6,1,3,84269.09,1
TXN-14367,CUST-2215,7866.47,Credit Card,Payment Gateway Timeout,15,1,1,104949.99,1
TXN-14368,CUST-1131,4381.12,Credit Card,Temporary Bank/Network Error,8,0,2,86151.87,1
TXN-14369,CUST-1519,2812.74,Net Banking,Authentication Failed,6,0,0,104218.84,0
TXN-14370,CUST-2076,11621.17,UPI,Card Expired,5,1,0,106622.87,0
TXN-14371,CUST-1115,10778.14,Credit Card,Insufficient Funds,7,0,2,97347.73,0
TXN-14372,CUST-2325,15037.39,Credit Card,Insufficient Funds,5,1,2,23824.37,0
TXN-14373,CUST-3226,4113.04,Wallet,Temporary Bank/Network Error,4,1,1,56937.37,1
TXN-14374,CUST-2345,11440.15,UPI,Insufficient Funds,7,1,1,118137.71,0
TXN-14375,CUST-3438,5759.89,UPI,Card Expired,9,1,1,123647.05,1
TXN-14376,CUST-2089,10761.7,UPI,Temporary Bank/Network Error,4,1,0,60194.49,1
TXN-14377,CUST-2134,22300.66,Credit Card,Insufficient Funds,7,1,2,75313.12,0
TXN-14378,CUST-1734,9676.59,Credit Card,Insufficient Funds,4,0,1,69654.95,0
TXN-14379,CUST-2522,3556.72,UPI,Authentication Failed,6,0,0,32192.17,0
TXN-14380,CUST-3284,3804.3,Credit Card,Temporary Bank/Network Error,5,1,2,79111.7,1
TXN-14381,CUST-1634,9906.69,Credit Card,Payment Gateway Timeout,7,1,3,66889.38,1
TXN-14382,CUST-2901,9501.13,Credit Card,Payment Gateway Timeout,8,1,0,40167.04,1
TXN-14383,CUST-2931,3148.42,UPI,Insufficient Funds,8,1,0,42385.66,1
TXN-14384,CUST-2086,7829.18,UPI,Temporary Bank/Network Error,5,0,1,62477.28,0
TXN-14385,CUST-2496,8125.78,Credit Card,Temporary Bank/Network Error,9,1,1,53425.14,1
TXN-14386,CUST-3264,18037.13,UPI,Insufficient Funds,9,0,1,84193.56,0
TXN-14387,CUST-1272,4302.18,Debit Card,Authentication Failed,11,1,2,75865.48,1
TXN-14388,CUST-1210,3982.61,UPI,Insufficient Funds,11,0,0,38507.54,0
TXN-14389,CUST-2651,7768.3,UPI,Temporary Bank/Network Error,7,0,3,58323.71,0
TXN-14390,CUST-2192,5691.3,Debit Card,Card Expired,7,0,3,67221.3,1
TXN-14391,CUST-3179,7735.27,Debit Card,Card Expired,17,1,1,25645.4,1
TXN-14392,CUST-3228,3091.5,UPI,Authentication Failed,10,0,2,50588.43,0
TXN-14393,CUST-2070,13042.89,UPI,Temporary Bank/Network Error,8,1,5,58348.23,1
TXN-14394,CUST-2882,6660.05,UPI,Insufficient Funds,4,1,0,66477.69,0
TXN-14395,CUST-3146,4369.96,Debit Card,Insufficient Funds,3,1,0,70919.19,0
TXN-14396,CUST-3448,7789.28,Wallet,Payment Gateway Timeout,8,0,3,82621.84,0
TXN-14397,CUST-1682,2656.64,UPI,Authentication Failed,12,0,4,136628.67,0
TXN-14398,CUST-2360,5848.35,Credit Card,Temporary Bank/Network Error,9,0,0,151392.45,1
TXN-14399,CUST-1517,14855.99,Credit Card,Authentication Failed,4,1,2,103059.31,0
TXN-14400,CUST-2043,10089.83,Credit Card,Insufficient Funds,8,1,1,109169.19,1
TXN-14401,CUST-2618,4922.38,UPI,Temporary Bank/Network Error,5,1,3,75076.32,1
TXN-14402,CUST-3294,12510.11,Debit Card,Temporary Bank/Network Error,7,1,3,71479.71,1
TXN-14403,CUST-2036,9306.07,Credit Card,Payment Gateway Timeout,7,1,2,72045.93,1
TXN-14404,CUST-2851,5877.47,Credit Card,Authentication Failed,10,1,2,90049.17,1
TXN-14405,CUST-3345,4590.45,Debit Card,Temporary Bank/Network Error,5,1,3,62184.57,1
TXN-14406,CUST-2542,7134.87,Net Banking,Card Expired,6,0,1,28342.24,0
TXN-14407,CUST-2205,8009.32,UPI,Card Expired,6,0,2,52650.72,0
TXN-14408,CUST-3356,3764.35,UPI,Temporary Bank/Network Error,5,1,2,54406.38,1
TXN-14409,CUST-3058,3339.65,Net Banking,Temporary Bank/Network Error,7,1,1,47866.68,1
TXN-14410,CUST-3027,26676.16,Credit Card,Insufficient Funds,4,1,0,72076.79,0
TXN-14411,CUST-2961,2560.74,UPI,Temporary Bank/Network Error,5,1,1,41973.51,1
TXN-14412,CUST-3027,5978.07,UPI,Temporary Bank/Network Error,12,1,5,154395.33,1
TXN-14413,CUST-1066,5029.14,Credit Card,Card Expired,12,1,3,42426.72,1
TXN-14414,CUST-2167,8117.24,Net Banking,Temporary Bank/Network Error,11,0,1,170641.02,1
TXN-14415,CUST-3418,2219.18,UPI,Temporary Bank/Network Error,7,1,0,69208.1,1
TXN-14416,CUST-1603,10276.13,UPI,Insufficient Funds,9,1,0,79899.94,1
TXN-14417,CUST-1591,14136.82,Credit Card,Temporary Bank/Network Error,11,1,0,80526.68,1
TXN-14418,CUST-1574,22619.76,Credit Card,Temporary Bank/Network Error,6,1,1,35629.29,1
TXN-14419,CUST-3131,5145.34,Debit Card,Insufficient Funds,9,0,1,89245.78,0
TXN-14420,CUST-1414,7847.09,Net Banking,Temporary Bank/Network Error,7,1,2,106448.91,1
TXN-14421,CUST-2164,8987.77,Debit Card,Insufficient Funds,9,0,1,97414.95,0
TXN-14422,CUST-1117,9325.49,UPI,Temporary Bank/Network Error,9,0,3,113977.25,1
TXN-14423,CUST-2713,3431.01,Credit Card,Insufficient Funds,15,0,0,56667.8,1
TXN-14424,CUST-1349,5353.04,Debit Card,Card Expired,10,1,0,91626.52,1
TXN-14425,CUST-2289,11566.45,Debit Card,Insufficient Funds,6,1,1,102238.57,0
TXN-14426,CUST-2042,14181.43,Debit Card,Payment Gateway Timeout,11,1,2,72783.71,1
TXN-14427,CUST-1426,6145.13,Net Banking,Card Expired,8,0,2,83504.13,0
TXN-14428,CUST-2436,7538.44,Net Banking,Authentication Failed,8,1,2,43693.54,0
TXN-14429,CUST-1781,2969.78,Net Banking,Temporary Bank/Network Error,10,1,4,92940.67,1
TXN-14430,CUST-1643,2908.58,Credit Card,Temporary Bank/Network Error,7,1,5,115828.79,1
TXN-14431,CUST-2600,6865.23,Debit Card,Card Expired,12,0,4,46667.4,0
TXN-14432,CUST-3097,14110.06,Net Banking,Authentication Failed,9,0,1,115094.72,0
TXN-14433,CUST-1727,9085.51,Credit Card,Authentication Failed,13,1,1,66228.35,1
TXN-14434,CUST-2503,5412.28,UPI,Insufficient Funds,6,0,1,50385.4,0
TXN-14435,CUST-1802,9329.7,Debit Card,Temporary Bank/Network Error,8,0,3,112015.75,0
TXN-14436,CUST-1375,4159.31,Credit Card,Authentication Failed,8,1,0,61547.86,1
TXN-14437,CUST-2230,8370.99,Credit Card,Insufficient Funds,13,0,1,80550.82,0
TXN-14438,CUST-3089,6315.08,Credit Card,Temporary Bank/Network Error,10,1,4,119360.8,1
TXN-14439,CUST-2496,9994.4,Wallet,Temporary Bank/Network Error,9,0,2,134212.46,1
TXN-14440,CUST-1617,7688.39,Credit Card,Insufficient Funds,12,1,2,182615.02,1
TXN-14441,CUST-1409,7387.55,Credit Card,Insufficient Funds,4,1,4,93091.52,0
TXN-14442,CUST-3213,10605.35,Credit Card,Card Expired,7,1,1,189001.84,0
TXN-14443,CUST-2509,6624.82,Debit Card,Insufficient Funds,6,0,1,58622.83,0
TXN-14444,CUST-2822,8548.42,UPI,Card Expired,13,0,2,68722.13,0
TXN-14445,CUST-2915,5825.41,Debit Card,Insufficient Funds,10,0,2,46466.91,0
TXN-14446,CUST-2149,13268.26,Credit Card,Temporary Bank/Network Error,7,0,1,154193.84,1
TXN-14447,CUST-2551,13354.25,Debit Card,Temporary Bank/Network Error,7,1,4,108613.8,1
TXN-14448,CUST-3116,14950.69,UPI,Payment Gateway Timeout,15,1,1,122219.11,1
TXN-14449,CUST-1676,5906.27,Debit Card,Temporary Bank/Network Error,7,0,0,91436.54,1
TXN-14450,CUST-2939,6561.32,Credit Card,Insufficient Funds,5,0,4,80636.63,0
TXN-14451,CUST-3098,9651.58,Net Banking,Card Expired,10,1,0,118266.39,1
TXN-14452,CUST-2598,6663.58,Credit Card,Authentication Failed,7,0,2,112850.82,0
TXN-14453,CUST-2418,3906.63,UPI,Payment Gateway Timeout,12,1,0,68306.81,1
TXN-14454,CUST-2605,4441.61,Credit Card,Temporary Bank/Network Error,10,0,0,88569.8,1
TXN-14455,CUST-2512,8795.61,UPI,Temporary Bank/Network Error,9,0,1,63930.37,1
TXN-14456,CUST-1592,9215.14,Credit Card,Authentication Failed,5,0,5,173686.75,0
TXN-14457,CUST-2525,8460.97,UPI,Temporary Bank/Network Error,9,0,2,55815.31,1
TXN-14458,CUST-2235,8230.23,Credit Card,Authentication Failed,8,1,1,60647.02,1
TXN-14459,CUST-1355,8628.54,UPI,Authentication Failed,11,0,2,47131.02,0
TXN-14460,CUST-2608,10413.64,UPI,Payment Gateway Timeout,12,0,3,93442.96,1
TXN-14461,CUST-2782,7643.52,Credit Card,Card Expired,10,0,2,93832.62,0
TXN-14462,CUST-2564,3063.91,Credit Card,Insufficient Funds,6,0,1,55823.57,0
TXN-14463,CUST-2569,8719.88,UPI,Temporary Bank/Network Error,8,0,2,71179.95,1
TXN-14464,CUST-2619,4854.52,Credit Card,Temporary Bank/Network Error,7,0,1,73771.13,1
TXN-14465,CUST-1046,6488.12,UPI,Temporary Bank/Network Error,11,1,2,119670.98,1
TXN-14466,CUST-1579,4190.12,UPI,Payment Gateway Timeout,7,0,2,140561.32,0
TXN-14467,CUST-1160,5716.81,Wallet,Temporary Bank/Network Error,6,0,0,40661.84,1
TXN-14468,CUST-2965,20293.05,Net Banking,Temporary Bank/Network Error,13,1,0,82793.12,1
TXN-14469,CUST-2751,2022.8,UPI,Temporary Bank/Network Error,7,1,2,72963.15,1
TXN-14470,CUST-1011,3145.68,Net Banking,Authentication Failed,12,1,1,49046.98,1
TXN-14471,CUST-3480,4624.81,Debit Card,Card Expired,8,1,1,117991.75,0
TXN-14472,CUST-1771,6879.2,Debit Card,Temporary Bank/Network Error,7,1,1,84093.02,1
TXN-14473,CUST-3078,4543.75,UPI,Temporary Bank/Network Error,5,0,1,48030.52,0
TXN-14474,CUST-1874,6824.22,Wallet,Payment Gateway Timeout,6,1,0,53660.33,1
TXN-14475,CUST-2373,6224.41,UPI,Temporary Bank/Network Error,13,1,1,29468.58,1
TXN-14476,CUST-1304,10519.89,Debit Card,Temporary Bank/Network Error,4,0,2,44411.78,0
TXN-14477,CUST-1720,1932.54,UPI,Insufficient Funds,9,0,1,73772.06,0
TXN-14478,CUST-3176,5202.9,Credit Card,Card Expired,6,1,2,51812.77,0
TXN-14479,CUST-2613,5996.92,Debit Card,Payment Gateway Timeout,8,1,1,50006.89,1
TXN-14480,CUST-2201,18557.94,Debit Card,Insufficient Funds,7,1,0,54843.25,0
TXN-14481,CUST-3387,9464.44,Credit Card,Authentication Failed,11,1,2,101470.02,1
TXN-14482,CUST-2638,14659.5,Net Banking,Payment Gateway Timeout,6,1,0,24165.29,1
TXN-14483,CUST-1863,12788.46,Net Banking,Payment Gateway Timeout,6,0,3,77162.58,0
TXN-14484,CUST-1882,6588.68,Credit Card,Temporary Bank/Network Error,9,0,3,73793.16,1
TXN-14485,CUST-1197,2993.5,Credit Card,Temporary Bank/Network Error,6,1,5,23643.98,0
TXN-14486,CUST-1575,8486.6,Wallet,Payment Gateway Timeout,11,1,3,142769.26,1
TXN-14487,CUST-1806,7969.0,UPI,Payment Gateway Timeout,7,0,0,98571.98,1
TXN-14488,CUST-1402,8853.86,UPI,Card Expired,8,1,3,71054.71,0
TXN-14489,CUST-1814,5731.76,Debit Card,Temporary Bank/Network Error,7,1,2,33826.34,1
TXN-14490,CUST-3252,7574.74,Net Banking,Insufficient Funds,8,1,3,27829.75,0
TXN-14491,CUST-3332,5938.24,UPI,Payment Gateway Timeout,5,0,0,80139.34,0
TXN-14492,CUST-2045,9874.95,UPI,Temporary Bank/Network Error,8,0,0,38684.36,1
TXN-14493,CUST-2539,8459.79,Net Banking,Insufficient Funds,11,1,2,158865.87,1
TXN-14494,CUST-1223,7292.19,Net Banking,Temporary Bank/Network Error,11,1,1,43289.0,1
TXN-14495,CUST-3490,6016.81,Debit Card,Card Expired,6,1,3,110938.85,0
TXN-14496,CUST-2643,8639.85,UPI,Authentication Failed,7,0,0,124759.22,0
TXN-14497,CUST-1456,11559.76,Debit Card,Insufficient Funds,4,0,0,190491.13,0
TXN-14498,CUST-1176,2186.21,Net Banking,Temporary Bank/Network Error,9,1,1,65242.16,1
TXN-14499,CUST-3213,7218.52,UPI,Temporary Bank/Network Error,5,0,1,63743.51,0
TXN-14500,CUST-1990,5528.53,Credit Card,Payment Gateway Timeout,5,0,0,80877.66,0
TXN-14501,CUST-2876,6342.68,UPI,Payment Gateway Timeout,11,1,0,71571.76,1
TXN-14502,CUST-2207,6883.68,Wallet,Card Expired,7,0,0,73491.69,0
TXN-14503,CUST-1512,6630.61,UPI,Insufficient Funds,10,1,2,161836.6,1
TXN-14504,CUST-2407,6412.91,Debit Card,Card Expired,6,0,2,77651.98,0
TXN-14505,CUST-1994,12845.3,UPI,Temporary Bank/Network Error,13,0,0,50387.42,1
TXN-14506,CUST-2408,7397.91,Wallet,Insufficient Funds,12,0,1,98589.1,0
TXN-14507,CUST-1519,4626.99,UPI,Insufficient Funds,7,0,0,73333.08,0
TXN-14508,CUST-2947,4680.97,Wallet,Temporary Bank/Network Error,8,1,0,110194.28,1
TXN-14509,CUST-2538,3950.0,UPI,Insufficient Funds,9,0,2,84653.66,0
TXN-14510,CUST-2916,4994.34,Net Banking,Insufficient Funds,6,0,0,50452.23,0
TXN-14511,CUST-1439,7323.01,Credit Card,Insufficient Funds,8,0,0,46781.17,0
TXN-14512,CUST-2133,6469.67,Net Banking,Payment Gateway Timeout,8,1,3,74448.2,1
TXN-14513,CUST-2244,8268.29,Debit Card,Payment Gateway Timeout,8,1,2,156595.34,1
TXN-14514,CUST-1582,9897.05,Wallet,Authentication Failed,9,0,0,66064.49,0
TXN-14515,CUST-1431,8999.83,Credit Card,Temporary Bank/Network Error,10,1,3,120815.54,1
TXN-14516,CUST-2124,14009.68,UPI,Card Expired,8,0,1,56052.26,0
TXN-14517,CUST-2000,11646.26,Debit Card,Insufficient Funds,6,0,0,125650.75,0
TXN-14518,CUST-2541,10257.98,Net Banking,Temporary Bank/Network Error,5,1,4,44379.56,0
TXN-14519,CUST-2254,11780.65,UPI,Insufficient Funds,6,0,1,72473.82,0
TXN-14520,CUST-1795,4176.82,Credit Card,Payment Gateway Timeout,16,1,2,24998.01,1
TXN-14521,CUST-1191,4065.31,Credit Card,Card Expired,14,0,0,80769.04,1
TXN-14522,CUST-3049,2314.01,Debit Card,Authentication Failed,6,1,1,107516.77,0
TXN-14523,CUST-1662,10904.94,UPI,Authentication Failed,9,0,2,96798.58,0
TXN-14524,CUST-2714,6082.13,Credit Card,Card Expired,7,0,0,57478.83,0
TXN-14525,CUST-1944,4782.72,Debit Card,Insufficient Funds,9,1,0,64633.54,1
TXN-14526,CUST-1833,8568.95,Credit Card,Insufficient Funds,5,1,2,79649.04,0
TXN-14527,CUST-1652,10937.92,UPI,Authentication Failed,4,0,1,223735.58,0
TXN-14528,CUST-3015,7801.64,Debit Card,Insufficient Funds,4,0,2,39091.96,0
TXN-14529,CUST-1812,10465.43,Credit Card,Payment Gateway Timeout,9,0,1,91245.16,1
TXN-14530,CUST-3148,7560.46,Net Banking,Payment Gateway Timeout,3,1,1,37353.91,0
TXN-14531,CUST-3371,5758.68,Debit Card,Insufficient Funds,6,0,3,44259.41,0
TXN-14532,CUST-3226,10088.69,Net Banking,Temporary Bank/Network Error,9,1,1,87286.84,1
TXN-14533,CUST-1237,2876.48,UPI,Card Expired,12,1,1,179716.06,1
TXN-14534,CUST-1642,8021.26,Credit Card,Payment Gateway Timeout,5,1,2,67860.57,1
TXN-14535,CUST-3103,8352.15,UPI,Temporary Bank/Network Error,7,0,0,121936.57,1
TXN-14536,CUST-2195,8534.45,UPI,Insufficient Funds,10,1,2,73688.22,1
TXN-14537,CUST-2096,5118.8,Debit Card,Payment Gateway Timeout,6,1,0,83807.14,1
TXN-14538,CUST-1435,6081.45,Debit Card,Insufficient Funds,13,0,0,106294.8,1
TXN-14539,CUST-1028,11191.76,Debit Card,Card Expired,6,1,0,133705.87,0
TXN-14540,CUST-1521,13232.86,Wallet,Insufficient Funds,3,0,1,177271.5,0
TXN-14541,CUST-1982,15402.67,Net Banking,Payment Gateway Timeout,9,0,1,58066.12,1
TXN-14542,CUST-2844,18037.93,UPI,Temporary Bank/Network Error,8,0,0,50889.74,1
TXN-14543,CUST-1253,6436.84,UPI,Authentication Failed,6,1,2,41212.35,0
TXN-14544,CUST-1198,10954.18,Debit Card,Authentication Failed,11,0,1,83270.04,0
TXN-14545,CUST-2678,5187.4,Credit Card,Insufficient Funds,3,0,1,71966.57,0
TXN-14546,CUST-2401,5326.6,Debit Card,Payment Gateway Timeout,4,1,0,72970.23,1
TXN-14547,CUST-2979,5677.32,Wallet,Insufficient Funds,14,1,0,56350.05,1
TXN-14548,CUST-3250,3807.21,Credit Card,Temporary Bank/Network Error,12,0,1,186914.81,1
TXN-14549,CUST-1516,7048.73,UPI,Payment Gateway Timeout,8,1,1,107297.73,1
TXN-14550,CUST-2820,7571.66,Net Banking,Temporary Bank/Network Error,8,0,2,52579.53,0
TXN-14551,CUST-1666,6521.68,Net Banking,Insufficient Funds,9,0,2,162879.68,0
TXN-14552,CUST-2661,7788.41,Net Banking,Temporary Bank/Network Error,8,0,2,101823.03,0
TXN-14553,CUST-2818,10617.51,UPI,Temporary Bank/Network Error,5,1,2,58461.46,1
TXN-14554,CUST-3160,4240.0,Net Banking,Payment Gateway Timeout,7,0,1,146295.3,0
TXN-14555,CUST-1297,8622.17,Wallet,Authentication Failed,5,1,1,70583.74,0
TXN-14556,CUST-2207,4343.58,Net Banking,Insufficient Funds,12,0,0,117713.59,0
TXN-14557,CUST-1326,9528.53,Net Banking,Insufficient Funds,6,1,1,112051.49,0
TXN-14558,CUST-1003,1980.51,Credit Card,Payment Gateway Timeout,4,0,1,36461.06,0
TXN-14559,CUST-2851,5127.68,Debit Card,Authentication Failed,9,0,3,123287.77,0
TXN-14560,CUST-1643,9070.05,UPI,Card Expired,5,0,0,53038.79,0
TXN-14561,CUST-1452,3929.19,Debit Card,Card Expired,5,1,1,92349.65,0
TXN-14562,CUST-2214,4837.4,Credit Card,Insufficient Funds,8,1,2,159811.59,0
TXN-14563,CUST-2885,4064.36,Net Banking,Temporary Bank/Network Error,12,0,1,68886.17,1
TXN-14564,CUST-1764,3146.87,Debit Card,Card Expired,3,0,3,39238.86,0
TXN-14565,CUST-3360,6304.27,Credit Card,Temporary Bank/Network Error,7,1,1,82841.34,1
TXN-14566,CUST-2586,16037.77,Net Banking,Insufficient Funds,5,1,0,84927.92,0
TXN-14567,CUST-2410,5765.44,Wallet,Temporary Bank/Network Error,5,0,1,60572.45,0
TXN-14568,CUST-2228,6340.53,Credit Card,Temporary Bank/Network Error,9,1,2,61491.29,1
TXN-14569,CUST-1490,6424.57,Credit Card,Temporary Bank/Network Error,8,1,0,70800.99,1
TXN-14570,CUST-3049,3788.65,Net Banking,Payment Gateway Timeout,5,1,0,226625.14,1
TXN-14571,CUST-1895,17266.13,Debit Card,Authentication Failed,10,1,1,48934.83,1
TXN-14572,CUST-2775,8372.33,Net Banking,Insufficient Funds,12,0,1,62870.78,0
TXN-14573,CUST-1237,10351.86,Net Banking,Authentication Failed,7,0,0,44845.82,0
TXN-14574,CUST-1057,6036.4,UPI,Authentication Failed,9,1,1,76302.09,1
TXN-14575,CUST-3134,8326.1,Debit Card,Payment Gateway Timeout,11,1,1,107844.05,1
TXN-14576,CUST-1044,9451.63,Debit Card,Insufficient Funds,7,0,2,92496.06,0
TXN-14577,CUST-1386,17875.6,Debit Card,Authentication Failed,7,0,0,86207.88,0
TXN-14578,CUST-2374,3755.12,UPI,Temporary Bank/Network Error,6,1,0,101597.9,1
TXN-14579,CUST-2176,5695.64,Net Banking,Insufficient Funds,8,0,3,90702.67,0
TXN-14580,CUST-1859,11751.17,Wallet,Temporary Bank/Network Error,9,1,3,77465.13,1
TXN-14581,CUST-2416,17615.51,UPI,Insufficient Funds,9,0,2,49230.63,0
TXN-14582,CUST-2635,6444.43,Credit Card,Insufficient Funds,6,0,0,139162.2,0
TXN-14583,CUST-1389,6098.9,Credit Card,Insufficient Funds,6,0,2,33411.87,0
TXN-14584,CUST-1697,6188.35,Net Banking,Insufficient Funds,12,1,1,89053.18,1
TXN-14585,CUST-2023,8929.16,Net Banking,Insufficient Funds,12,0,5,48502.24,0
TXN-14586,CUST-1591,6797.17,UPI,Insufficient Funds,10,1,2,87662.35,1
TXN-14587,CUST-3212,6534.36,Credit Card,Insufficient Funds,9,0,2,274563.12,0
TXN-14588,CUST-2001,11387.68,Credit Card,Authentication Failed,4,1,3,79148.83,0
TXN-14589,CUST-2133,23057.95,Debit Card,Authentication Failed,9,1,3,27595.71,0
TXN-14590,CUST-1716,4157.13,UPI,Card Expired,4,0,0,106318.27,0
TXN-14591,CUST-1393,9869.98,Debit Card,Payment Gateway Timeout,10,1,1,41035.76,1
TXN-14592,CUST-1319,6558.04,Net Banking,Authentication Failed,7,1,2,22293.62,0
TXN-14593,CUST-2476,3771.8,Credit Card,Authentication Failed,7,1,0,81865.49,1
TXN-14594,CUST-3276,3794.45,UPI,Temporary Bank/Network Error,12,1,1,112706.16,1
TXN-14595,CUST-3379,2903.99,Wallet,Insufficient Funds,9,1,1,71486.13,1
TXN-14596,CUST-2430,7308.12,Debit Card,Insufficient Funds,5,1,2,81128.58,0
TXN-14597,CUST-1688,3464.73,Debit Card,Insufficient Funds,6,0,2,34665.37,0
TXN-14598,CUST-2830,7151.8,Wallet,Card Expired,7,0,1,58691.61,0
TXN-14599,CUST-1255,12371.66,Net Banking,Temporary Bank/Network Error,12,1,4,112090.68,1
TXN-14600,CUST-1269,7187.85,Wallet,Temporary Bank/Network Error,10,1,2,68851.03,1
TXN-14601,CUST-2303,3023.04,Debit Card,Authentication Failed,7,1,2,40016.22,0
TXN-14602,CUST-2126,6632.52,UPI,Temporary Bank/Network Error,8,0,0,71477.54,1
TXN-14603,CUST-1709,9827.31,Credit Card,Payment Gateway Timeout,10,1,0,232674.78,1
TXN-14604,CUST-2073,6145.58,UPI,Insufficient Funds,5,1,5,57181.5,0
TXN-14605,CUST-2155,9364.63,Credit Card,Authentication Failed,10,0,1,55724.35,0
TXN-14606,CUST-1562,6048.85,Credit Card,Authentication Failed,9,1,1,57082.67,1
TXN-14607,CUST-1152,14200.01,Credit Card,Card Expired,11,1,1,65315.68,1
TXN-14608,CUST-1362,3130.31,UPI,Insufficient Funds,8,0,0,71289.41,0
TXN-14609,CUST-1375,13244.12,Net Banking,Authentication Failed,10,1,2,40125.69,0
TXN-14610,CUST-1298,10976.49,Wallet,Temporary Bank/Network Error,8,1,2,85057.37,1
TXN-14611,CUST-2902,6292.79,UPI,Authentication Failed,5,1,2,89827.52,0
TXN-14612,CUST-2560,9425.07,UPI,Authentication Failed,9,1,2,62526.92,1
TXN-14613,CUST-2004,14770.78,Wallet,Temporary Bank/Network Error,6,1,2,81485.01,1
TXN-14614,CUST-3402,3730.98,UPI,Temporary Bank/Network Error,9,1,0,26990.62,1
TXN-14615,CUST-2666,6717.89,Credit Card,Authentication Failed,7,0,1,69109.93,0
TXN-14616,CUST-1319,8244.81,Credit Card,Card Expired,13,1,0,58029.9,1
TXN-14617,CUST-1267,4916.59,Wallet,Temporary Bank/Network Error,2,0,3,52126.04,0
TXN-14618,CUST-1765,2751.07,Credit Card,Insufficient Funds,10,1,0,150041.83,1
TXN-14619,CUST-2162,4641.79,Debit Card,Payment Gateway Timeout,5,1,3,39279.75,0
TXN-14620,CUST-2434,4696.75,Debit Card,Temporary Bank/Network Error,3,0,1,88867.64,0
TXN-14621,CUST-1720,9022.4,Credit Card,Temporary Bank/Network Error,10,1,2,174678.72,1
TXN-14622,CUST-1812,10743.45,Debit Card,Insufficient Funds,6,1,3,86233.83,0
TXN-14623,CUST-2548,20852.15,Credit Card,Temporary Bank/Network Error,6,1,3,91114.74,1
TXN-14624,CUST-2484,5904.31,Debit Card,Authentication Failed,9,1,2,115336.64,0
TXN-14625,CUST-3031,5533.11,Credit Card,Insufficient Funds,7,1,3,54180.63,0
TXN-14626,CUST-1275,9068.78,UPI,Authentication Failed,6,1,4,34363.14,0
TXN-14627,CUST-1128,8983.31,UPI,Temporary Bank/Network Error,8,0,0,40376.55,1
TXN-14628,CUST-1740,6396.37,Debit Card,Payment Gateway Timeout,5,1,0,224224.21,1
TXN-14629,CUST-2156,8361.67,Credit Card,Payment Gateway Timeout,7,0,1,58094.54,0
TXN-14630,CUST-2225,8626.19,Net Banking,Temporary Bank/Network Error,11,1,1,48711.15,1
TXN-14631,CUST-2621,17543.11,Credit Card,Authentication Failed,10,1,0,123774.76,1
TXN-14632,CUST-2929,2786.36,Debit Card,Insufficient Funds,4,0,3,26419.17,0
TXN-14633,CUST-2559,5057.81,UPI,Temporary Bank/Network Error,15,1,2,58234.45,1
TXN-14634,CUST-3042,6390.13,UPI,Temporary Bank/Network Error,6,1,1,94142.25,1
TXN-14635,CUST-2124,7354.66,Credit Card,Temporary Bank/Network Error,0,1,2,43505.58,0
TXN-14636,CUST-1664,1936.85,UPI,Payment Gateway Timeout,6,0,0,168101.1,1
TXN-14637,CUST-2226,3267.22,UPI,Insufficient Funds,7,0,2,32893.48,0
TXN-14638,CUST-3120,4234.98,UPI,Insufficient Funds,10,0,1,81145.04,0
TXN-14639,CUST-1199,8254.4,Credit Card,Insufficient Funds,5,1,0,81915.87,0
TXN-14640,CUST-2600,6689.41,Debit Card,Card Expired,7,0,3,45478.25,0
TXN-14641,CUST-3370,2389.11,Wallet,Payment Gateway Timeout,12,1,2,126352.16,1
TXN-14642,CUST-1958,9463.64,Credit Card,Authentication Failed,9,1,3,123547.15,0
TXN-14643,CUST-2690,12951.31,UPI,Temporary Bank/Network Error,6,1,1,124021.1,1
TXN-14644,CUST-1735,8944.67,Debit Card,Temporary Bank/Network Error,6,0,1,84353.53,0
TXN-14645,CUST-1189,13624.94,Wallet,Card Expired,4,1,1,111647.6,0
TXN-14646,CUST-3373,6694.95,Wallet,Insufficient Funds,9,0,2,110800.92,0
TXN-14647,CUST-1126,7032.54,Wallet,Authentication Failed,11,1,3,63116.02,0
TXN-14648,CUST-2894,2915.74,UPI,Authentication Failed,12,1,1,93260.48,1
TXN-14649,CUST-1642,23371.1,Credit Card,Payment Gateway Timeout,8,1,1,123923.31,1
TXN-14650,CUST-1133,13584.76,Debit Card,Insufficient Funds,9,1,1,52089.35,1
TXN-14651,CUST-2818,8518.36,Debit Card,Temporary Bank/Network Error,13,1,0,57721.44,1
TXN-14652,CUST-3312,3132.01,Wallet,Payment Gateway Timeout,7,1,1,140868.11,1
TXN-14653,CUST-2273,4208.01,Debit Card,Card Expired,11,0,0,92728.51,0
TXN-14654,CUST-1404,12721.61,UPI,Temporary Bank/Network Error,6,0,0,32147.08,1
TXN-14655,CUST-2533,8483.34,Credit Card,Authentication Failed,6,1,0,72259.88,0
TXN-14656,CUST-1007,8176.58,UPI,Authentication Failed,10,1,2,85525.62,1
TXN-14657,CUST-2656,6926.84,UPI,Insufficient Funds,8,1,0,67765.76,1
TXN-14658,CUST-3096,12248.25,Debit Card,Temporary Bank/Network Error,8,1,2,62757.08,1
TXN-14659,CUST-1332,7170.14,Net Banking,Temporary Bank/Network Error,5,1,0,82672.02,1
TXN-14660,CUST-1220,9891.19,Credit Card,Temporary Bank/Network Error,9,1,1,67728.6,1
TXN-14661,CUST-1461,7830.0,Debit Card,Authentication Failed,11,1,1,35454.0,1
TXN-14662,CUST-2411,3463.3,Credit Card,Temporary Bank/Network Error,6,1,1,114232.46,1
TXN-14663,CUST-3016,7755.74,Credit Card,Authentication Failed,4,0,1,84955.94,0
TXN-14664,CUST-1073,4824.79,Debit Card,Authentication Failed,6,0,2,94947.61,0
TXN-14665,CUST-1608,10433.53,UPI,Insufficient Funds,7,1,5,129366.41,0
TXN-14666,CUST-2985,16496.94,Debit Card,Temporary Bank/Network Error,8,0,0,113135.28,1
TXN-14667,CUST-1021,8562.9,Wallet,Temporary Bank/Network Error,5,0,1,145484.83,0
TXN-14668,CUST-1191,10823.84,UPI,Temporary Bank/Network Error,6,0,2,37189.93,0
TXN-14669,CUST-3296,4504.53,UPI,Temporary Bank/Network Error,4,1,3,33110.84,1
TXN-14670,CUST-1768,9128.98,Net Banking,Card Expired,6,0,1,60441.28,0
TXN-14671,CUST-1596,7400.98,UPI,Temporary Bank/Network Error,9,1,2,87478.39,1
TXN-14672,CUST-3294,4848.3,Debit Card,Insufficient Funds,6,1,1,123468.26,1
TXN-14673,CUST-2542,3903.54,Debit Card,Temporary Bank/Network Error,6,1,2,49761.08,1
TXN-14674,CUST-1748,18135.86,UPI,Temporary Bank/Network Error,8,1,1,83081.66,1
TXN-14675,CUST-2318,8048.06,UPI,Payment Gateway Timeout,13,1,1,69278.97,1
TXN-14676,CUST-1918,7239.87,Net Banking,Authentication Failed,4,0,1,105213.19,0
TXN-14677,CUST-2396,8668.72,Credit Card,Insufficient Funds,10,1,1,70114.71,1
TXN-14678,CUST-2132,11114.24,UPI,Authentication Failed,7,1,1,50743.88,0
TXN-14679,CUST-1124,4803.28,Net Banking,Authentication Failed,5,1,0,241257.05,1
TXN-14680,CUST-2121,11324.44,Debit Card,Payment Gateway Timeout,11,0,0,101897.27,1
TXN-14681,CUST-2026,9457.03,Net Banking,Authentication Failed,10,0,1,62791.07,0
TXN-14682,CUST-3046,8148.81,Net Banking,Temporary Bank/Network Error,7,0,1,105867.37,1
TXN-14683,CUST-2133,4528.53,Credit Card,Temporary Bank/Network Error,7,1,2,179088.63,1
TXN-14684,CUST-1608,8195.1,Credit Card,Payment Gateway Timeout,4,0,1,60934.81,0
TXN-14685,CUST-2034,10553.19,Debit Card,Payment Gateway Timeout,10,0,2,183881.1,1
TXN-14686,CUST-2467,3948.98,Net Banking,Payment Gateway Timeout,10,1,1,67074.07,1
TXN-14687,CUST-2444,4036.84,Credit Card,Payment Gateway Timeout,6,0,2,54698.41,0
TXN-14688,CUST-1213,7330.41,Credit Card,Payment Gateway Timeout,7,1,0,41600.05,1
TXN-14689,CUST-2309,4821.83,Debit Card,Insufficient Funds,10,1,1,65266.66,1
TXN-14690,CUST-2096,14081.36,UPI,Authentication Failed,18,1,2,247100.6,1
TXN-14691,CUST-1742,5270.24,Debit Card,Temporary Bank/Network Error,8,1,0,81365.27,1
TXN-14692,CUST-2258,5460.75,Debit Card,Payment Gateway Timeout,15,0,1,66308.59,1
TXN-14693,CUST-2130,7111.84,Net Banking,Authentication Failed,5,0,2,103525.39,0
TXN-14694,CUST-2573,9620.22,Credit Card,Authentication Failed,4,0,1,91645.56,0
TXN-14695,CUST-1713,4968.67,Credit Card,Insufficient Funds,6,0,3,31302.33,0
TXN-14696,CUST-3428,10505.27,UPI,Temporary Bank/Network Error,10,1,2,50668.21,1
TXN-14697,CUST-1558,8168.69,UPI,Authentication Failed,13,1,0,79165.16,0
TXN-14698,CUST-2904,2993.81,Wallet,Card Expired,12,0,1,133961.17,0
TXN-14699,CUST-1613,8895.18,UPI,Insufficient Funds,6,1,2,52664.21,0
TXN-14700,CUST-2251,17103.3,Credit Card,Insufficient Funds,6,1,1,56295.16,0
TXN-14701,CUST-1294,7870.84,Credit Card,Payment Gateway Timeout,8,1,2,48420.07,1
TXN-14702,CUST-1372,15348.52,Wallet,Payment Gateway Timeout,4,0,3,54095.41,0
TXN-14703,CUST-1290,5081.98,Credit Card,Temporary Bank/Network Error,10,0,1,71949.14,1
TXN-14704,CUST-2864,6804.7,Net Banking,Payment Gateway Timeout,10,1,0,54546.92,1
TXN-14705,CUST-1118,6975.1,Net Banking,Payment Gateway Timeout,7,1,2,37324.83,1
TXN-14706,CUST-1127,16460.79,UPI,Card Expired,7,1,3,48424.61,0
TXN-14707,CUST-2593,8312.6,UPI,Insufficient Funds,10,0,2,32430.24,0
TXN-14708,CUST-3450,28718.39,Credit Card,Temporary Bank/Network Error,6,1,4,55387.35,0
TXN-14709,CUST-3187,5898.05,Credit Card,Authentication Failed,9,1,0,105208.6,1
TXN-14710,CUST-2196,3389.56,UPI,Temporary Bank/Network Error,6,1,3,54093.27,1
TXN-14711,CUST-2983,15630.6,UPI,Authentication Failed,8,1,3,48377.65,0
TXN-14712,CUST-1818,18748.83,UPI,Temporary Bank/Network Error,5,1,0,82252.24,1
TXN-14713,CUST-1863,3190.87,UPI,Temporary Bank/Network Error,8,0,0,54670.12,1
TXN-14714,CUST-1870,11103.1,UPI,Insufficient Funds,15,0,1,53815.99,1
TXN-14715,CUST-2643,6213.48,Credit Card,Temporary Bank/Network Error,5,1,0,215892.06,1
TXN-14716,CUST-2764,18047.11,Debit Card,Insufficient Funds,9,1,1,140470.17,1
TXN-14717,CUST-1014,5392.56,Debit Card,Payment Gateway Timeout,8,1,0,45337.94,1
TXN-14718,CUST-2996,11664.64,UPI,Insufficient Funds,14,1,1,67223.43,1
TXN-14719,CUST-1218,7818.97,UPI,Payment Gateway Timeout,2,1,3,40127.89,0
TXN-14720,CUST-2038,3636.09,UPI,Card Expired,12,1,2,88403.55,1
TXN-14721,CUST-2396,14254.34,UPI,Payment Gateway Timeout,6,1,2,130825.81,1
TXN-14722,CUST-1069,3876.4,UPI,Insufficient Funds,6,0,1,99955.07,1
TXN-14723,CUST-3113,4963.53,UPI,Insufficient Funds,6,0,1,62600.76,0
TXN-14724,CUST-3124,7721.0,Credit Card,Payment Gateway Timeout,8,0,2,157894.49,0
TXN-14725,CUST-1431,3547.72,Net Banking,Temporary Bank/Network Error,6,1,4,42460.41,1
TXN-14726,CUST-3425,4454.24,Debit Card,Temporary Bank/Network Error,10,0,1,92573.09,1
TXN-14727,CUST-1501,3280.62,Credit Card,Temporary Bank/Network Error,8,0,0,80712.12,1
TXN-14728,CUST-3339,7736.85,Net Banking,Authentication Failed,13,1,3,117408.73,1
TXN-14729,CUST-2809,4987.97,UPI,Authentication Failed,6,1,4,59297.62,0
TXN-14730,CUST-1637,4312.76,Debit Card,Insufficient Funds,6,0,4,44491.38,0
TXN-14731,CUST-2646,10782.47,Debit Card,Card Expired,4,1,2,96011.79,0
TXN-14732,CUST-2521,3286.05,UPI,Payment Gateway Timeout,5,1,1,207924.96,1
TXN-14733,CUST-1641,7430.89,Net Banking,Authentication Failed,9,1,5,157566.75,0
TXN-14734,CUST-2512,2305.17,Credit Card,Insufficient Funds,8,1,1,30927.59,0
TXN-14735,CUST-2616,8476.75,UPI,Authentication Failed,5,0,0,107226.55,0
TXN-14736,CUST-3076,3603.39,Net Banking,Payment Gateway Timeout,9,1,0,74870.87,1
TXN-14737,CUST-1504,6383.38,Credit Card,Insufficient Funds,8,1,2,114745.57,0
TXN-14738,CUST-2234,5853.43,Wallet,Insufficient Funds,4,0,1,60329.67,0
TXN-14739,CUST-2606,6159.46,Credit Card,Insufficient Funds,12,0,2,108074.15,0
TXN-14740,CUST-3144,6196.85,Credit Card,Insufficient Funds,9,0,1,52808.63,0
TXN-14741,CUST-1928,13426.91,UPI,Temporary Bank/Network Error,3,0,1,77938.51,0
TXN-14742,CUST-2951,10774.04,Debit Card,Payment Gateway Timeout,1,0,2,59497.05,0
TXN-14743,CUST-3099,11589.77,Net Banking,Card Expired,10,0,2,90290.95,0
TXN-14744,CUST-1566,3084.37,UPI,Temporary Bank/Network Error,11,1,2,77230.25,1
TXN-14745,CUST-1284,6405.88,Credit Card,Insufficient Funds,5,1,2,155915.88,0
TXN-14746,CUST-1044,12150.96,Credit Card,Payment Gateway Timeout,8,0,1,45497.31,0
TXN-14747,CUST-2186,4396.07,UPI,Authentication Failed,8,0,4,103606.08,0
TXN-14748,CUST-1198,7475.12,Credit Card,Authentication Failed,9,0,0,48461.07,0
TXN-14749,CUST-2060,6117.28,Wallet,Insufficient Funds,4,0,3,88990.79,0
TXN-14750,CUST-3422,12280.79,Credit Card,Insufficient Funds,5,0,2,43196.04,0
TXN-14751,CUST-3406,18179.16,UPI,Card Expired,6,0,0,49559.27,0
TXN-14752,CUST-3018,5076.63,Wallet,Card Expired,8,0,4,82538.34,0
TXN-14753,CUST-2338,5750.85,Debit Card,Temporary Bank/Network Error,12,0,1,123586.64,1
TXN-14754,CUST-3379,7070.12,UPI,Temporary Bank/Network Error,7,1,1,95144.04,1
TXN-14755,CUST-2885,7075.19,Credit Card,Temporary Bank/Network Error,14,0,1,86677.49,1
TXN-14756,CUST-3377,8240.91,Debit Card,Payment Gateway Timeout,7,1,0,51894.02,1
TXN-14757,CUST-1697,9965.6,Net Banking,Card Expired,6,1,0,21592.84,0
TXN-14758,CUST-3462,4363.72,UPI,Payment Gateway Timeout,5,0,3,57330.02,0
TXN-14759,CUST-3289,6450.5,UPI,Temporary Bank/Network Error,11,1,1,78575.74,1
TXN-14760,CUST-2790,6421.01,UPI,Insufficient Funds,5,1,1,71460.06,0
TXN-14761,CUST-1580,10334.38,Credit Card,Temporary Bank/Network Error,12,0,1,113194.09,1
TXN-14762,CUST-2081,6381.58,Credit Card,Authentication Failed,12,1,2,135299.43,1
TXN-14763,CUST-1977,5898.12,Credit Card,Temporary Bank/Network Error,9,1,0,62569.29,1
TXN-14764,CUST-3110,5123.45,Net Banking,Payment Gateway Timeout,3,1,0,135316.63,1
TXN-14765,CUST-2659,4256.19,Net Banking,Authentication Failed,5,1,4,74045.1,0
TXN-14766,CUST-1356,6463.97,UPI,Temporary Bank/Network Error,11,1,1,51674.2,1
TXN-14767,CUST-1322,6423.22,Wallet,Temporary Bank/Network Error,10,1,0,69581.87,1
TXN-14768,CUST-3296,3480.36,UPI,Payment Gateway Timeout,9,1,3,41310.75,1
TXN-14769,CUST-2814,10211.25,UPI,Temporary Bank/Network Error,7,1,3,69358.11,1
TXN-14770,CUST-2683,7911.92,Debit Card,Temporary Bank/Network Error,10,1,1,84371.75,1
TXN-14771,CUST-3009,3813.0,UPI,Temporary Bank/Network Error,14,0,1,41334.91,1
TXN-14772,CUST-1598,8336.7,Net Banking,Insufficient Funds,5,1,1,263718.78,0
TXN-14773,CUST-2849,5174.8,UPI,Temporary Bank/Network Error,5,1,1,67180.78,1
TXN-14774,CUST-1140,8975.8,Debit Card,Temporary Bank/Network Error,9,1,4,38284.28,1
TXN-14775,CUST-1648,4712.25,Debit Card,Temporary Bank/Network Error,10,0,0,68373.58,1
TXN-14776,CUST-2537,7225.86,Debit Card,Temporary Bank/Network Error,12,0,3,168185.54,1
TXN-14777,CUST-1987,18150.66,Credit Card,Card Expired,6,1,2,72041.72,0
TXN-14778,CUST-2920,10366.74,UPI,Insufficient Funds,5,0,1,107281.4,0
TXN-14779,CUST-1425,13154.39,Credit Card,Temporary Bank/Network Error,9,0,0,91206.62,1
TXN-14780,CUST-1754,11232.94,Debit Card,Temporary Bank/Network Error,11,0,3,51328.88,1
TXN-14781,CUST-1766,6227.59,Debit Card,Insufficient Funds,6,0,0,142656.1,0
TXN-14782,CUST-1845,3585.73,Credit Card,Temporary Bank/Network Error,4,0,1,40567.66,0
TXN-14783,CUST-2680,3418.67,Net Banking,Payment Gateway Timeout,6,0,1,92404.7,0
TXN-14784,CUST-2140,7167.91,Debit Card,Temporary Bank/Network Error,11,1,1,63408.05,1
TXN-14785,CUST-2904,6326.93,Credit Card,Payment Gateway Timeout,6,1,3,121061.7,1
TXN-14786,CUST-2988,6779.27,Net Banking,Temporary Bank/Network Error,9,0,1,68562.14,1
TXN-14787,CUST-2174,7558.96,UPI,Authentication Failed,7,0,1,66702.44,0
TXN-14788,CUST-3077,7550.36,UPI,Insufficient Funds,6,1,0,53397.63,0
TXN-14789,CUST-2169,9653.26,Credit Card,Card Expired,7,1,1,97995.6,0
TXN-14790,CUST-2612,2706.5,Debit Card,Temporary Bank/Network Error,6,1,2,138833.63,1
TXN-14791,CUST-1890,5735.44,UPI,Authentication Failed,9,0,0,112838.73,0
TXN-14792,CUST-1062,9279.06,Net Banking,Insufficient Funds,6,1,2,168089.21,0
TXN-14793,CUST-3185,5892.67,Debit Card,Temporary Bank/Network Error,12,0,0,52765.55,1
TXN-14794,CUST-3453,7000.03,Wallet,Payment Gateway Timeout,6,1,0,111579.41,1
TXN-14795,CUST-1725,2660.73,Credit Card,Insufficient Funds,9,0,3,48586.49,0
TXN-14796,CUST-1051,13217.06,Net Banking,Authentication Failed,3,1,3,64212.85,0
TXN-14797,CUST-2815,5103.21,Net Banking,Card Expired,4,1,2,47876.54,0
TXN-14798,CUST-1052,11825.95,UPI,Card Expired,0,0,2,18611.14,0
TXN-14799,CUST-3208,5574.35,UPI,Insufficient Funds,5,0,2,46942.47,0
TXN-14800,CUST-1363,5950.15,Wallet,Card Expired,10,0,2,75768.54,0
TXN-14801,CUST-2376,5423.12,UPI,Temporary Bank/Network Error,7,1,5,165604.24,1
TXN-14802,CUST-1596,5529.82,Debit Card,Temporary Bank/Network Error,6,1,2,167952.99,1
TXN-14803,CUST-1701,11171.97,UPI,Temporary Bank/Network Error,6,0,0,49521.03,1
TXN-14804,CUST-3356,7234.41,Wallet,Authentication Failed,3,1,3,62735.77,0
TXN-14805,CUST-1302,5433.87,Credit Card,Authentication Failed,6,1,2,102907.32,0
TXN-14806,CUST-1712,10343.14,Credit Card,Authentication Failed,12,1,0,84972.65,1
TXN-14807,CUST-2030,7942.05,Credit Card,Temporary Bank/Network Error,5,0,3,83126.3,0
TXN-14808,CUST-3182,5522.38,Wallet,Card Expired,7,0,0,52482.51,0
TXN-14809,CUST-1832,2878.7,Credit Card,Authentication Failed,5,1,2,273232.1,0
TXN-14810,CUST-1574,2622.8,UPI,Temporary Bank/Network Error,6,1,1,94144.46,1
TXN-14811,CUST-3406,4334.58,Credit Card,Insufficient Funds,9,0,1,152670.68,0
TXN-14812,CUST-1343,8468.13,UPI,Insufficient Funds,11,1,1,92280.22,1
TXN-14813,CUST-1893,6652.27,UPI,Insufficient Funds,7,0,1,68448.55,0
TXN-14814,CUST-1610,15265.24,Wallet,Temporary Bank/Network Error,13,0,1,77225.18,1
TXN-14815,CUST-2321,6555.22,Debit Card,Temporary Bank/Network Error,7,1,0,155827.16,1
TXN-14816,CUST-3302,8965.04,UPI,Temporary Bank/Network Error,4,1,1,58350.47,1
TXN-14817,CUST-3353,17025.89,Net Banking,Card Expired,6,1,4,94112.9,0
TXN-14818,CUST-2133,5674.2,Credit Card,Authentication Failed,8,1,1,90624.4,1
TXN-14819,CUST-3161,4721.51,UPI,Temporary Bank/Network Error,8,1,1,63371.0,1
TXN-14820,CUST-1194,8223.72,Credit Card,Authentication Failed,14,0,3,116683.58,0
TXN-14821,CUST-2746,3620.55,UPI,Authentication Failed,9,1,5,107993.56,0
TXN-14822,CUST-1967,6899.99,Credit Card,Payment Gateway Timeout,10,1,3,51846.76,1
TXN-14823,CUST-2686,9120.35,Net Banking,Card Expired,6,1,1,44909.11,0
TXN-14824,CUST-1581,7631.37,UPI,Authentication Failed,13,1,3,51508.65,1
TXN-14825,CUST-2461,4527.4,Net Banking,Authentication Failed,8,1,0,62960.45,1
TXN-14826,CUST-1209,5158.17,Credit Card,Insufficient Funds,7,0,2,71688.28,0
TXN-14827,CUST-1845,7830.18,Credit Card,Card Expired,5,1,1,80986.37,0
TXN-14828,CUST-1550,4256.47,Debit Card,Authentication Failed,10,0,2,68694.33,0
TXN-14829,CUST-1376,20527.52,Wallet,Card Expired,6,0,1,49008.8,0
TXN-14830,CUST-2184,4604.03,UPI,Card Expired,6,1,1,33174.65,0
TXN-14831,CUST-2217,4892.37,Credit Card,Temporary Bank/Network Error,7,1,2,104290.03,1
TXN-14832,CUST-2103,5977.85,Net Banking,Payment Gateway Timeout,10,0,2,35707.25,0
TXN-14833,CUST-3194,20625.28,Credit Card,Insufficient Funds,3,0,1,76378.73,0
TXN-14834,CUST-1129,11573.8,UPI,Card Expired,8,1,3,77303.35,0
TXN-14835,CUST-2474,13525.1,Debit Card,Insufficient Funds,6,1,1,145113.87,0
TXN-14836,CUST-3456,7221.66,UPI,Payment Gateway Timeout,4,0,0,69842.45,0
TXN-14837,CUST-2769,8450.46,Debit Card,Authentication Failed,9,1,0,49499.94,1
TXN-14838,CUST-3102,13018.18,UPI,Authentication Failed,8,0,2,78269.17,0
TXN-14839,CUST-2708,6552.43,Debit Card,Payment Gateway Timeout,12,1,3,63182.4,1
TXN-14840,CUST-1585,4848.33,Credit Card,Temporary Bank/Network Error,7,0,2,25889.64,0
TXN-14841,CUST-1508,3846.04,Credit Card,Card Expired,6,1,0,74558.29,0
TXN-14842,CUST-3322,6518.29,Debit Card,Card Expired,3,0,1,20432.74,0
TXN-14843,CUST-2561,11796.36,UPI,Insufficient Funds,8,1,1,208472.79,1
TXN-14844,CUST-3443,3797.34,Debit Card,Insufficient Funds,11,1,4,42142.56,0
TXN-14845,CUST-2260,11338.22,Credit Card,Temporary Bank/Network Error,6,1,1,72363.79,1
TXN-14846,CUST-1728,7224.1,UPI,Authentication Failed,5,1,1,21780.27,0
TXN-14847,CUST-2866,7215.12,UPI,Insufficient Funds,5,1,1,55324.21,0
TXN-14848,CUST-2150,7130.91,Credit Card,Payment Gateway Timeout,7,0,0,54511.1,1
TXN-14849,CUST-2111,2226.13,Wallet,Authentication Failed,12,1,0,37502.29,1
TXN-14850,CUST-1326,3837.85,Credit Card,Temporary Bank/Network Error,4,1,0,107119.26,1
TXN-14851,CUST-1340,5536.92,UPI,Insufficient Funds,8,1,2,125398.66,0
TXN-14852,CUST-1456,4715.86,Debit Card,Authentication Failed,10,0,3,59200.49,0
TXN-14853,CUST-3295,4047.33,Debit Card,Temporary Bank/Network Error,8,1,3,34256.42,1
TXN-14854,CUST-1363,6188.8,Credit Card,Card Expired,6,0,3,83970.15,0
TXN-14855,CUST-3365,6017.57,UPI,Insufficient Funds,5,1,2,148428.68,0
TXN-14856,CUST-2363,3528.0,Credit Card,Temporary Bank/Network Error,7,0,1,43409.94,1
TXN-14857,CUST-2582,6994.11,UPI,Authentication Failed,8,0,1,160915.82,0
TXN-14858,CUST-2770,5573.4,UPI,Temporary Bank/Network Error,5,0,3,106946.12,0
TXN-14859,CUST-3360,7764.39,UPI,Card Expired,3,0,3,33800.06,0
TXN-14860,CUST-1133,12573.36,Credit Card,Temporary Bank/Network Error,5,1,4,84367.13,0
TXN-14861,CUST-3149,2334.81,Net Banking,Temporary Bank/Network Error,9,1,3,25316.46,1
TXN-14862,CUST-3210,8628.57,Debit Card,Payment Gateway Timeout,7,0,0,76454.34,1
TXN-14863,CUST-1137,7261.5,UPI,Temporary Bank/Network Error,9,0,3,98041.47,1
TXN-14864,CUST-2991,4746.64,UPI,Payment Gateway Timeout,7,1,0,57742.28,1
TXN-14865,CUST-2084,17643.62,Net Banking,Card Expired,10,0,1,107118.79,0
TXN-14866,CUST-3232,4691.77,UPI,Payment Gateway Timeout,13,1,2,39762.57,1
TXN-14867,CUST-1160,6837.41,Credit Card,Insufficient Funds,9,0,1,88884.45,0
TXN-14868,CUST-1034,7804.41,Net Banking,Temporary Bank/Network Error,8,0,0,87016.22,1
TXN-14869,CUST-2421,3193.05,Wallet,Authentication Failed,8,0,3,138297.52,0
TXN-14870,CUST-3471,12267.47,Credit Card,Temporary Bank/Network Error,6,1,0,67896.77,1
TXN-14871,CUST-3144,7358.73,Debit Card,Card Expired,6,0,0,16059.02,0
TXN-14872,CUST-2789,6063.52,Debit Card,Authentication Failed,5,1,2,28764.74,0
TXN-14873,CUST-2413,2165.82,Credit Card,Insufficient Funds,6,0,1,90631.37,0
TXN-14874,CUST-3205,5631.08,Net Banking,Insufficient Funds,13,1,2,59473.64,1
TXN-14875,CUST-2985,7727.94,Credit Card,Payment Gateway Timeout,9,1,0,72534.89,1
TXN-14876,CUST-2917,2011.91,UPI,Card Expired,12,1,0,158103.67,1
TXN-14877,CUST-3317,11436.93,Debit Card,Temporary Bank/Network Error,9,0,2,77831.09,1
TXN-14878,CUST-3330,10167.02,Debit Card,Insufficient Funds,6,0,1,88542.7,0
TXN-14879,CUST-3264,11794.94,Credit Card,Insufficient Funds,12,1,2,14136.69,1
TXN-14880,CUST-2264,4691.79,Credit Card,Temporary Bank/Network Error,8,1,2,69744.87,1
TXN-14881,CUST-2830,4761.83,Credit Card,Card Expired,5,0,0,39840.37,0
TXN-14882,CUST-2830,2191.46,Debit Card,Insufficient Funds,5,1,2,30878.19,0
TXN-14883,CUST-2197,11562.03,Debit Card,Temporary Bank/Network Error,5,0,0,26021.09,0
TXN-14884,CUST-2272,7480.71,Wallet,Temporary Bank/Network Error,8,1,0,95535.4,1
TXN-14885,CUST-3343,2837.75,UPI,Payment Gateway Timeout,8,0,1,123431.68,1
TXN-14886,CUST-2450,4550.86,Net Banking,Temporary Bank/Network Error,8,1,1,43518.45,1
TXN-14887,CUST-1712,10425.27,Wallet,Insufficient Funds,12,0,2,207781.07,0
TXN-14888,CUST-1590,5261.84,Credit Card,Temporary Bank/Network Error,5,1,1,106888.47,1
TXN-14889,CUST-2518,5850.46,Credit Card,Payment Gateway Timeout,9,0,2,44449.04,0
TXN-14890,CUST-1761,5407.51,Debit Card,Authentication Failed,7,0,2,88141.72,0
TXN-14891,CUST-1796,6466.02,Credit Card,Payment Gateway Timeout,9,0,0,91656.7,1
TXN-14892,CUST-1386,10264.58,UPI,Temporary Bank/Network Error,11,1,0,47355.1,1
TXN-14893,CUST-2332,8870.2,UPI,Temporary Bank/Network Error,6,0,1,31857.9,0
TXN-14894,CUST-1429,3305.7,Wallet,Card Expired,6,1,2,25918.31,0
TXN-14895,CUST-2809,4455.37,UPI,Payment Gateway Timeout,4,1,0,68306.1,1
TXN-14896,CUST-2898,7603.41,Debit Card,Temporary Bank/Network Error,5,1,1,125336.98,1
TXN-14897,CUST-1089,2795.76,Debit Card,Authentication Failed,7,1,1,91760.4,0
TXN-14898,CUST-1347,6073.75,Debit Card,Temporary Bank/Network Error,11,1,3,61894.55,1
TXN-14899,CUST-1612,10749.22,Net Banking,Temporary Bank/Network Error,7,0,5,48888.54,0
TXN-14900,CUST-1243,2993.71,Net Banking,Temporary Bank/Network Error,6,1,2,251586.82,1
TXN-14901,CUST-2234,6048.04,UPI,Payment Gateway Timeout,6,1,2,153006.91,1
TXN-14902,CUST-3143,9008.08,Wallet,Card Expired,3,1,4,161315.22,0
TXN-14903,CUST-1433,6624.37,Wallet,Temporary Bank/Network Error,8,1,2,22529.8,1
TXN-14904,CUST-1009,6612.72,Debit Card,Temporary Bank/Network Error,6,1,5,145063.98,0
TXN-14905,CUST-2787,3655.22,Wallet,Temporary Bank/Network Error,4,0,0,92458.32,0
TXN-14906,CUST-3201,6044.41,UPI,Authentication Failed,7,0,0,35559.68,0
TXN-14907,CUST-3344,13023.46,UPI,Insufficient Funds,15,1,1,42898.93,1
TXN-14908,CUST-1372,4746.09,Credit Card,Insufficient Funds,11,0,1,82433.11,0
TXN-14909,CUST-3180,6890.86,Debit Card,Temporary Bank/Network Error,7,1,4,120801.36,1
TXN-14910,CUST-2142,7866.44,Credit Card,Card Expired,7,1,1,33146.0,1
TXN-14911,CUST-1575,5669.71,UPI,Temporary Bank/Network Error,5,0,3,177010.42,0
TXN-14912,CUST-1430,14231.48,Wallet,Payment Gateway Timeout,6,1,2,62929.5,1
TXN-14913,CUST-2111,6550.94,Wallet,Authentication Failed,7,1,3,150893.24,0
TXN-14914,CUST-2230,9775.48,Net Banking,Payment Gateway Timeout,11,1,4,70032.43,1
TXN-14915,CUST-1835,14717.56,Wallet,Card Expired,9,0,1,52922.76,0
TXN-14916,CUST-2089,16484.69,Debit Card,Temporary Bank/Network Error,6,1,0,40718.29,1
TXN-14917,CUST-2689,11670.63,Credit Card,Card Expired,8,1,1,33192.85,0
TXN-14918,CUST-2273,4191.66,Credit Card,Insufficient Funds,10,1,0,74453.6,1
TXN-14919,CUST-1065,4545.5,Debit Card,Card Expired,12,0,0,59364.53,0
TXN-14920,CUST-2952,6195.53,Credit Card,Insufficient Funds,10,1,0,37104.38,1
TXN-14921,CUST-2662,3539.3,UPI,Temporary Bank/Network Error,6,1,3,102876.66,1
TXN-14922,CUST-3229,6351.9,Credit Card,Temporary Bank/Network Error,9,1,2,52267.98,1
TXN-14923,CUST-3001,9133.03,Debit Card,Payment Gateway Timeout,9,1,2,300000.0,1
TXN-14924,CUST-2531,2928.13,Debit Card,Temporary Bank/Network Error,11,0,1,95309.68,1
TXN-14925,CUST-2807,10497.85,Net Banking,Authentication Failed,9,1,0,56725.68,1
TXN-14926,CUST-1343,4502.57,UPI,Insufficient Funds,4,1,5,81249.85,0
TXN-14927,CUST-2310,8357.91,Debit Card,Authentication Failed,5,0,1,300000.0,0
TXN-14928,CUST-2140,6749.68,UPI,Temporary Bank/Network Error,8,0,3,111198.68,1
TXN-14929,CUST-3023,4193.8,Debit Card,Temporary Bank/Network Error,5,1,1,149236.73,1
TXN-14930,CUST-2967,16443.23,Credit Card,Temporary Bank/Network Error,7,1,1,37991.67,1
TXN-14931,CUST-1541,16450.97,Credit Card,Temporary Bank/Network Error,10,1,2,111964.15,1
TXN-14932,CUST-1523,3381.41,Wallet,Temporary Bank/Network Error,2,1,0,40901.34,1
TXN-14933,CUST-1538,5790.17,UPI,Card Expired,8,1,1,41367.1,0
TXN-14934,CUST-3046,3532.82,Credit Card,Payment Gateway Timeout,4,0,4,131236.27,1
TXN-14935,CUST-2836,8789.67,Credit Card,Insufficient Funds,3,1,1,79886.05,0
TXN-14936,CUST-2840,3062.78,UPI,Payment Gateway Timeout,4,0,4,91173.46,0
TXN-14937,CUST-2397,5336.91,UPI,Authentication Failed,6,0,0,125787.79,0
TXN-14938,CUST-3437,8253.05,UPI,Temporary Bank/Network Error,10,0,4,56736.51,1
TXN-14939,CUST-2887,7507.21,UPI,Card Expired,8,1,1,179243.07,1
TXN-14940,CUST-1639,5365.58,UPI,Insufficient Funds,10,1,1,24374.13,1
TXN-14941,CUST-1884,5693.37,Wallet,Payment Gateway Timeout,10,1,1,58297.24,1
TXN-14942,CUST-1154,4488.21,UPI,Card Expired,8,0,3,82976.71,0
TXN-14943,CUST-3096,4320.94,Wallet,Insufficient Funds,8,0,3,102765.61,0
TXN-14944,CUST-1946,5040.22,UPI,Temporary Bank/Network Error,5,0,2,145821.8,0
TXN-14945,CUST-1046,5065.29,UPI,Payment Gateway Timeout,12,1,1,117482.34,1
TXN-14946,CUST-2287,10844.92,UPI,Payment Gateway Timeout,8,0,6,60247.6,0
TXN-14947,CUST-1979,8193.19,Credit Card,Insufficient Funds,7,0,2,95850.76,0
TXN-14948,CUST-2466,17475.61,UPI,Payment Gateway Timeout,16,1,1,78372.98,1
TXN-14949,CUST-3069,5801.38,UPI,Temporary Bank/Network Error,6,0,0,60614.27,1
TXN-14950,CUST-2974,5649.54,Debit Card,Insufficient Funds,6,0,2,53528.04,0
TXN-14951,CUST-2597,2191.86,Credit Card,Card Expired,11,0,2,66768.4,0
TXN-14952,CUST-1701,9083.85,Net Banking,Card Expired,6,0,3,62091.76,0
TXN-14953,CUST-3164,7445.09,Debit Card,Payment Gateway Timeout,7,0,2,138583.0,0
TXN-14954,CUST-2013,7504.01,Net Banking,Payment Gateway Timeout,7,1,1,164908.34,1
TXN-14955,CUST-2778,10720.98,Credit Card,Insufficient Funds,5,1,1,27309.38,0
TXN-14956,CUST-3037,6137.22,Net Banking,Payment Gateway Timeout,9,1,0,46093.23,1
TXN-14957,CUST-2717,4653.74,UPI,Temporary Bank/Network Error,10,0,2,135989.94,1
TXN-14958,CUST-1549,19450.69,Net Banking,Payment Gateway Timeout,11,1,1,84327.94,1
TXN-14959,CUST-3364,8313.87,Debit Card,Card Expired,7,1,3,109627.48,0
TXN-14960,CUST-2866,7393.25,Credit Card,Payment Gateway Timeout,9,1,1,59988.26,1
TXN-14961,CUST-3362,5938.6,Net Banking,Authentication Failed,9,0,1,67674.66,0
TXN-14962,CUST-2265,15265.8,UPI,Temporary Bank/Network Error,4,0,1,38829.8,0
TXN-14963,CUST-2763,5069.04,Wallet,Authentication Failed,5,0,0,87647.66,0
TXN-14964,CUST-2877,18429.21,Debit Card,Insufficient Funds,9,1,4,37253.76,0
TXN-14965,CUST-1760,10614.77,Wallet,Temporary Bank/Network Error,8,1,0,92103.15,1
TXN-14966,CUST-1554,5036.73,Debit Card,Insufficient Funds,7,0,2,79422.23,0
TXN-14967,CUST-2653,17659.39,UPI,Payment Gateway Timeout,11,1,2,48911.31,1
TXN-14968,CUST-3151,14509.16,Debit Card,Card Expired,9,0,4,74239.11,0
TXN-14969,CUST-2517,7801.12,Net Banking,Authentication Failed,5,1,1,65042.14,0
TXN-14970,CUST-2946,7005.9,UPI,Temporary Bank/Network Error,11,0,2,62132.25,1
TXN-14971,CUST-2494,6245.42,UPI,Insufficient Funds,4,0,2,104975.05,0
TXN-14972,CUST-2874,7152.57,Credit Card,Payment Gateway Timeout,7,1,2,49360.87,1
TXN-14973,CUST-1352,4483.02,UPI,Authentication Failed,6,0,1,68300.26,0
TXN-14974,CUST-3284,11714.73,Credit Card,Temporary Bank/Network Error,5,1,4,105742.86,1
TXN-14975,CUST-2760,13632.75,Net Banking,Temporary Bank/Network Error,12,1,0,132038.97,1
TXN-14976,CUST-3030,13149.61,UPI,Insufficient Funds,8,0,0,57034.46,0
TXN-14977,CUST-2579,4007.3,Net Banking,Card Expired,8,0,2,66915.11,0
TXN-14978,CUST-2903,12508.61,Credit Card,Insufficient Funds,8,0,1,123356.2,0
TXN-14979,CUST-2495,10668.48,UPI,Insufficient Funds,11,1,0,98231.45,1
TXN-14980,CUST-1156,15367.06,UPI,Payment Gateway Timeout,18,0,4,84915.44,1
TXN-14981,CUST-2558,11132.83,Credit Card,Authentication Failed,6,1,2,29914.46,0
TXN-14982,CUST-1798,3738.16,UPI,Card Expired,8,1,0,88693.85,1
TXN-14983,CUST-3160,4168.65,Credit Card,Authentication Failed,11,1,0,125794.92,1
TXN-14984,CUST-2413,3012.65,UPI,Payment Gateway Timeout,6,1,0,56844.77,1
TXN-14985,CUST-2544,5072.14,Net Banking,Temporary Bank/Network Error,9,1,2,36993.31,1
TXN-14986,CUST-3453,7005.22,UPI,Insufficient Funds,4,1,2,57250.73,0
TXN-14987,CUST-2481,7030.26,Net Banking,Temporary Bank/Network Error,6,0,2,73955.26,0
TXN-14988,CUST-2224,13783.74,UPI,Insufficient Funds,11,0,1,118523.16,0
TXN-14989,CUST-1057,5613.94,Debit Card,Insufficient Funds,5,0,0,56065.38,0
TXN-14990,CUST-2297,4947.74,Credit Card,Insufficient Funds,13,0,2,62010.98,0
TXN-14991,CUST-2618,9065.94,Net Banking,Temporary Bank/Network Error,9,1,1,90773.8,1
TXN-14992,CUST-3393,3793.82,UPI,Payment Gateway Timeout,9,1,0,64054.71,1
TXN-14993,CUST-1865,8170.48,Wallet,Temporary Bank/Network Error,6,1,0,58139.26,1
TXN-14994,CUST-3006,7508.55,UPI,Temporary Bank/Network Error,6,0,0,79743.24,1
TXN-14995,CUST-1718,6807.17,UPI,Card Expired,6,0,2,132903.53,0
TXN-14996,CUST-2027,5249.04,UPI,Payment Gateway Timeout,4,0,1,27419.82,0
TXN-14997,CUST-1501,3600.99,Debit Card,Card Expired,11,0,4,68708.32,0
TXN-14998,CUST-1758,3189.31,Debit Card,Payment Gateway Timeout,9,0,2,71103.61,0
TXN-14999,CUST-1409,2438.35,Credit Card,Temporary Bank/Network Error,8,0,1,75537.41,1
TXN-15000,CUST-1038,9898.58,UPI,Insufficient Funds,8,0,0,45047.25,0
TXN-15001,CUST-3340,5253.38,Debit Card,Authentication Failed,11,1,1,108747.34,1
TXN-15002,CUST-3237,12939.82,UPI,Authentication Failed,9,0,1,63194.31,0
TXN-15003,CUST-3117,4101.89,Credit Card,Insufficient Funds,8,0,1,38833.57,0
TXN-15004,CUST-2089,8183.5,Net Banking,Insufficient Funds,10,1,1,104999.95,1
TXN-15005,CUST-3342,7108.94,Credit Card,Card Expired,8,0,0,28478.29,0
TXN-15006,CUST-2159,6000.16,Debit Card,Authentication Failed,5,1,3,73223.79,0
TXN-15007,CUST-1320,10367.23,UPI,Temporary Bank/Network Error,7,0,2,55077.27,0
TXN-15008,CUST-2132,3390.09,Net Banking,Insufficient Funds,5,1,2,37705.54,0
TXN-15009,CUST-2349,3032.03,Debit Card,Payment Gateway Timeout,9,0,3,96766.38,0
TXN-15010,CUST-1469,4068.0,Wallet,Payment Gateway Timeout,8,1,3,109684.99,1
TXN-15011,CUST-1819,4533.13,Debit Card,Payment Gateway Timeout,6,1,2,71771.67,1
TXN-15012,CUST-1794,12214.99,UPI,Payment Gateway Timeout,6,0,2,69275.77,0
TXN-15013,CUST-3218,14147.31,UPI,Card Expired,8,1,3,17249.16,0
TXN-15014,CUST-2030,10072.49,Wallet,Temporary Bank/Network Error,6,0,2,90132.26,0
TXN-15015,CUST-2162,3689.43,UPI,Payment Gateway Timeout,12,0,2,43218.47,1
TXN-15016,CUST-3285,6579.57,Debit Card,Insufficient Funds,7,0,2,82491.54,0
TXN-15017,CUST-1942,14924.87,Net Banking,Payment Gateway Timeout,11,1,2,121036.43,1
TXN-15018,CUST-3351,5484.78,Debit Card,Payment Gateway Timeout,8,1,1,104467.0,1
TXN-15019,CUST-1409,20581.16,Net Banking,Temporary Bank/Network Error,5,1,0,44089.67,1
TXN-15020,CUST-1384,11343.14,UPI,Insufficient Funds,13,0,2,86786.61,0
TXN-15021,CUST-2614,6309.63,Credit Card,Payment Gateway Timeout,7,1,1,44819.56,1
TXN-15022,CUST-2471,9964.65,Wallet,Temporary Bank/Network Error,9,1,1,148861.37,1
TXN-15023,CUST-2733,7334.65,UPI,Temporary Bank/Network Error,12,0,0,84287.57,1
TXN-15024,CUST-3443,9936.02,UPI,Card Expired,8,0,1,121534.01,0
TXN-15025,CUST-3312,5753.59,Credit Card,Insufficient Funds,5,0,4,147117.96,0
TXN-15026,CUST-2949,13815.03,UPI,Insufficient Funds,4,0,2,126960.08,0
TXN-15027,CUST-1064,10268.93,Credit Card,Insufficient Funds,4,1,2,34318.67,0
TXN-15028,CUST-1990,4197.0,UPI,Temporary Bank/Network Error,6,1,0,41760.88,1
TXN-15029,CUST-2778,9010.06,UPI,Temporary Bank/Network Error,13,0,0,110334.65,1
TXN-15030,CUST-3348,7496.81,Net Banking,Insufficient Funds,8,0,1,113657.3,0
TXN-15031,CUST-2103,13157.63,Debit Card,Payment Gateway Timeout,6,1,1,62947.06,1
TXN-15032,CUST-1173,2962.77,UPI,Temporary Bank/Network Error,2,0,2,66805.49,0
TXN-15033,CUST-2051,5638.0,UPI,Temporary Bank/Network Error,6,1,1,26386.26,1
TXN-15034,CUST-3307,10626.31,Credit Card,Temporary Bank/Network Error,4,0,0,32167.96,0
TXN-15035,CUST-2872,7006.31,UPI,Insufficient Funds,7,1,2,61987.67,0
TXN-15036,CUST-3368,18621.03,Credit Card,Insufficient Funds,10,1,1,39605.14,1
TXN-15037,CUST-1757,8399.84,Wallet,Insufficient Funds,6,1,1,117638.1,0
TXN-15038,CUST-1088,8545.62,Credit Card,Payment Gateway Timeout,5,1,1,40977.58,1
TXN-15039,CUST-3206,9686.21,UPI,Card Expired,4,1,1,85146.19,0
TXN-15040,CUST-1366,8453.67,UPI,Insufficient Funds,7,1,2,215334.75,0
TXN-15041,CUST-2443,17478.99,Credit Card,Payment Gateway Timeout,4,0,0,93174.56,0
TXN-15042,CUST-1193,4142.04,Credit Card,Authentication Failed,6,0,1,74952.55,0
TXN-15043,CUST-2741,5452.96,UPI,Authentication Failed,3,0,0,110490.33,0
TXN-15044,CUST-3176,3811.87,UPI,Authentication Failed,8,0,4,130353.23,0
TXN-15045,CUST-1496,5202.54,UPI,Insufficient Funds,6,1,3,153584.72,0
TXN-15046,CUST-3425,5968.51,Credit Card,Card Expired,8,0,1,59523.01,0
TXN-15047,CUST-3402,9942.5,Debit Card,Temporary Bank/Network Error,9,1,3,76685.81,1
TXN-15048,CUST-1512,4780.26,Credit Card,Temporary Bank/Network Error,6,1,3,47027.75,1
TXN-15049,CUST-1099,1927.37,Credit Card,Payment Gateway Timeout,8,0,3,101518.26,0
TXN-15050,CUST-1281,4004.19,UPI,Insufficient Funds,6,1,0,31145.56,0
TXN-15051,CUST-1593,19073.56,Credit Card,Card Expired,5,1,2,93585.5,0
TXN-15052,CUST-2997,4736.31,Net Banking,Insufficient Funds,9,1,2,135141.58,0
TXN-15053,CUST-1034,4379.22,Credit Card,Authentication Failed,16,1,3,64807.31,1
TXN-15054,CUST-3198,12853.8,UPI,Insufficient Funds,10,1,1,76338.63,1
TXN-15055,CUST-2158,10338.93,Debit Card,Insufficient Funds,7,1,0,55629.04,0
TXN-15056,CUST-1707,4215.37,Debit Card,Card Expired,9,1,3,85819.66,0
TXN-15057,CUST-2919,5791.55,Credit Card,Authentication Failed,7,1,0,52076.79,1
TXN-15058,CUST-1879,11578.48,UPI,Authentication Failed,3,1,1,142203.65,0
TXN-15059,CUST-1857,9347.29,Credit Card,Temporary Bank/Network Error,6,0,2,178909.89,0
TXN-15060,CUST-3239,12161.94,UPI,Payment Gateway Timeout,11,0,1,43879.47,1
TXN-15061,CUST-3092,4898.74,Net Banking,Temporary Bank/Network Error,5,1,0,141393.92,1
TXN-15062,CUST-1483,9045.94,Net Banking,Insufficient Funds,8,1,2,45749.76,0
TXN-15063,CUST-1339,18628.44,Credit Card,Payment Gateway Timeout,4,0,1,58161.25,0
TXN-15064,CUST-2423,6862.61,Debit Card,Authentication Failed,8,0,2,81240.21,0
TXN-15065,CUST-2891,2712.67,Credit Card,Authentication Failed,9,0,1,48667.89,0
TXN-15066,CUST-2071,11674.68,Credit Card,Payment Gateway Timeout,5,1,0,79314.83,1
TXN-15067,CUST-2585,6468.41,Debit Card,Insufficient Funds,10,0,2,33553.07,0
TXN-15068,CUST-2467,3621.34,Debit Card,Card Expired,4,0,1,31118.81,0
TXN-15069,CUST-2946,11978.45,Net Banking,Card Expired,5,1,0,174604.45,0
TXN-15070,CUST-2415,11775.7,UPI,Insufficient Funds,8,0,2,62889.74,0
TXN-15071,CUST-2096,6402.16,Wallet,Insufficient Funds,6,0,1,73565.72,0
TXN-15072,CUST-1041,8118.89,Net Banking,Authentication Failed,10,1,1,52273.98,1
TXN-15073,CUST-2348,8976.29,UPI,Authentication Failed,7,1,2,26879.87,0
TXN-15074,CUST-2305,7786.47,UPI,Payment Gateway Timeout,4,1,1,50606.98,1
TXN-15075,CUST-2402,4012.51,UPI,Payment Gateway Timeout,8,0,3,63185.59,0
TXN-15076,CUST-2226,14674.33,Debit Card,Authentication Failed,4,0,1,110721.5,0
TXN-15077,CUST-2396,10773.97,Credit Card,Payment Gateway Timeout,7,0,0,48850.12,1
TXN-15078,CUST-3302,7199.49,UPI,Card Expired,9,1,2,134709.96,0
TXN-15079,CUST-2095,10815.85,UPI,Temporary Bank/Network Error,10,0,0,70963.03,1
TXN-15080,CUST-2397,4822.42,Debit Card,Payment Gateway Timeout,8,0,1,132559.81,1
TXN-15081,CUST-2572,4528.24,Net Banking,Payment Gateway Timeout,16,1,2,48587.83,1
TXN-15082,CUST-2633,6686.64,Credit Card,Insufficient Funds,9,0,0,91635.45,0
TXN-15083,CUST-3402,12070.7,UPI,Temporary Bank/Network Error,9,0,2,58496.88,1
TXN-15084,CUST-1514,4631.67,UPI,Temporary Bank/Network Error,3,0,4,100561.4,0
TXN-15085,CUST-2259,13774.23,Credit Card,Temporary Bank/Network Error,8,1,1,83926.17,1
TXN-15086,CUST-2855,11279.18,UPI,Authentication Failed,7,1,2,67518.05,0
TXN-15087,CUST-2461,7294.87,UPI,Card Expired,8,1,1,188513.25,1
TXN-15088,CUST-3199,6447.54,Credit Card,Insufficient Funds,11,1,4,75167.23,0
TXN-15089,CUST-2030,10065.63,Credit Card,Authentication Failed,6,0,0,148397.15,0
TXN-15090,CUST-2250,4856.69,Credit Card,Payment Gateway Timeout,8,1,2,76500.34,1
TXN-15091,CUST-1713,9485.12,UPI,Card Expired,4,1,3,54431.24,0
TXN-15092,CUST-2110,9212.36,Net Banking,Card Expired,5,1,0,70123.74,0
TXN-15093,CUST-1233,8863.12,UPI,Payment Gateway Timeout,10,0,0,38247.7,1
TXN-15094,CUST-3054,9998.33,UPI,Temporary Bank/Network Error,11,0,1,124931.6,1
TXN-15095,CUST-1295,5027.27,Debit Card,Card Expired,13,0,1,43922.88,0
TXN-15096,CUST-1360,4763.65,Net Banking,Payment Gateway Timeout,13,1,2,33701.7,1
TXN-15097,CUST-1041,8343.02,Net Banking,Temporary Bank/Network Error,11,0,0,117765.55,1
TXN-15098,CUST-2129,16217.22,Debit Card,Insufficient Funds,10,0,1,80815.76,0
TXN-15099,CUST-3152,7936.91,Credit Card,Temporary Bank/Network Error,6,1,1,160364.67,1
TXN-15100,CUST-2761,3064.14,Debit Card,Temporary Bank/Network Error,4,0,1,66805.11,0
TXN-15101,CUST-2009,6256.7,Credit Card,Temporary Bank/Network Error,6,0,2,151477.28,0
TXN-15102,CUST-1835,25014.41,Credit Card,Temporary Bank/Network Error,8,0,4,94491.53,0
TXN-15103,CUST-1949,5091.95,Debit Card,Payment Gateway Timeout,11,1,1,68516.2,1
TXN-15104,CUST-3158,7907.18,Credit Card,Insufficient Funds,4,1,0,101389.45,0
TXN-15105,CUST-2811,5093.56,UPI,Payment Gateway Timeout,7,0,4,47207.56,0
TXN-15106,CUST-1983,6834.94,Debit Card,Authentication Failed,7,1,2,69374.14,0
TXN-15107,CUST-2175,4300.8,Wallet,Insufficient Funds,9,0,2,34265.21,0
TXN-15108,CUST-2854,2909.18,UPI,Temporary Bank/Network Error,9,0,1,39075.74,1
TXN-15109,CUST-2015,16143.65,Net Banking,Temporary Bank/Network Error,7,1,2,166406.39,1
TXN-15110,CUST-1386,7460.9,Wallet,Temporary Bank/Network Error,12,1,2,40491.39,1
TXN-15111,CUST-1271,7973.66,UPI,Card Expired,7,1,2,49198.26,0
TXN-15112,CUST-1427,5670.5,Credit Card,Temporary Bank/Network Error,7,0,1,134947.41,1
TXN-15113,CUST-1779,6236.12,Credit Card,Temporary Bank/Network Error,11,0,2,228018.71,1
TXN-15114,CUST-1006,6408.91,UPI,Authentication Failed,7,0,2,141372.09,0
TXN-15115,CUST-1828,9219.4,UPI,Temporary Bank/Network Error,2,0,0,77206.47,0
TXN-15116,CUST-1122,5840.05,Debit Card,Card Expired,4,0,3,14136.78,0
TXN-15117,CUST-2882,16202.59,UPI,Card Expired,9,0,2,47625.01,0
TXN-15118,CUST-2190,5527.64,UPI,Insufficient Funds,8,1,3,86103.24,0
TXN-15119,CUST-2079,10719.5,UPI,Insufficient Funds,6,1,2,83866.62,0
TXN-15120,CUST-3477,4959.32,Debit Card,Temporary Bank/Network Error,9,1,1,44808.48,1
TXN-15121,CUST-1265,5096.39,UPI,Card Expired,6,1,0,46435.16,0
TXN-15122,CUST-2706,9947.97,UPI,Temporary Bank/Network Error,10,0,2,39578.42,1
TXN-15123,CUST-1014,8437.67,UPI,Authentication Failed,6,0,4,48229.42,0
TXN-15124,CUST-2725,11869.31,Net Banking,Authentication Failed,8,1,1,63224.56,0
TXN-15125,CUST-2278,5972.07,Credit Card,Card Expired,10,1,1,76624.78,1
TXN-15126,CUST-3401,7575.44,Credit Card,Authentication Failed,11,1,0,76372.08,1
TXN-15127,CUST-1588,11604.64,Net Banking,Card Expired,7,1,0,54720.98,0
TXN-15128,CUST-2432,8469.23,Debit Card,Temporary Bank/Network Error,15,0,2,61624.74,1
TXN-15129,CUST-2448,4585.04,Net Banking,Authentication Failed,4,1,1,172766.63,0
TXN-15130,CUST-3059,7608.2,Credit Card,Authentication Failed,6,1,0,55913.53,0
TXN-15131,CUST-2319,3956.01,Net Banking,Temporary Bank/Network Error,4,0,0,28577.31,0
TXN-15132,CUST-3162,12992.01,UPI,Temporary Bank/Network Error,10,0,0,28312.92,1
TXN-15133,CUST-3491,5347.6,Credit Card,Payment Gateway Timeout,11,1,2,57024.06,1
TXN-15134,CUST-2436,9462.46,Net Banking,Insufficient Funds,8,1,2,40450.91,0
TXN-15135,CUST-2870,6816.53,UPI,Payment Gateway Timeout,7,0,2,97984.85,0
TXN-15136,CUST-1644,7363.23,UPI,Temporary Bank/Network Error,8,0,1,80216.58,1
TXN-15137,CUST-1309,5315.03,Debit Card,Insufficient Funds,7,1,2,137184.23,0
TXN-15138,CUST-2564,3803.72,Net Banking,Insufficient Funds,8,1,0,84295.72,1
TXN-15139,CUST-3354,8745.49,Debit Card,Payment Gateway Timeout,6,0,1,121878.17,0
TXN-15140,CUST-3309,8286.66,UPI,Temporary Bank/Network Error,8,0,1,62896.03,1
TXN-15141,CUST-1843,12171.12,Debit Card,Payment Gateway Timeout,4,1,0,46690.61,1
TXN-15142,CUST-2108,6044.39,UPI,Temporary Bank/Network Error,10,0,3,220759.81,1
TXN-15143,CUST-2518,13763.46,Debit Card,Temporary Bank/Network Error,8,1,1,57838.8,1
TXN-15144,CUST-2088,6285.76,Wallet,Temporary Bank/Network Error,10,1,0,117992.77,1
TXN-15145,CUST-2071,7101.78,UPI,Temporary Bank/Network Error,4,1,2,51671.03,1
TXN-15146,CUST-1477,9177.3,UPI,Payment Gateway Timeout,8,1,1,43111.15,1
TXN-15147,CUST-2329,12330.24,Wallet,Temporary Bank/Network Error,7,1,0,112008.82,1
TXN-15148,CUST-2811,12491.59,UPI,Temporary Bank/Network Error,7,0,2,60959.15,0
TXN-15149,CUST-1439,18204.51,Credit Card,Authentication Failed,7,1,3,38631.27,0
TXN-15150,CUST-1695,8702.37,Net Banking,Insufficient Funds,7,1,2,63488.72,0
TXN-15151,CUST-1607,11082.91,UPI,Payment Gateway Timeout,6,1,1,76382.46,1
TXN-15152,CUST-2666,6798.13,Wallet,Temporary Bank/Network Error,6,0,2,106045.28,0
TXN-15153,CUST-1937,10718.68,Debit Card,Insufficient Funds,10,1,1,65366.64,1
TXN-15154,CUST-2475,16708.39,Net Banking,Temporary Bank/Network Error,5,1,0,82136.0,1
TXN-15155,CUST-2616,4024.74,UPI,Insufficient Funds,13,1,4,98768.06,1
TXN-15156,CUST-2127,6063.89,Debit Card,Temporary Bank/Network Error,12,0,1,178342.96,1
TXN-15157,CUST-3232,9658.01,Debit Card,Payment Gateway Timeout,5,1,0,41897.52,1
TXN-15158,CUST-1628,6363.65,Wallet,Temporary Bank/Network Error,5,1,1,97787.49,1
TXN-15159,CUST-1571,19313.62,UPI,Temporary Bank/Network Error,7,0,1,27996.38,1
TXN-15160,CUST-1126,7396.34,UPI,Payment Gateway Timeout,7,0,2,129599.82,0
TXN-15161,CUST-3255,7158.91,UPI,Payment Gateway Timeout,8,0,0,106135.28,1
TXN-15162,CUST-2461,18091.84,Debit Card,Insufficient Funds,8,1,1,59775.66,0
TXN-15163,CUST-1292,10302.99,Debit Card,Insufficient Funds,6,0,0,258995.96,0
TXN-15164,CUST-2446,5769.21,UPI,Authentication Failed,4,1,3,69503.3,0
TXN-15165,CUST-2963,7159.95,UPI,Insufficient Funds,5,1,3,68382.19,0
TXN-15166,CUST-1726,9565.38,UPI,Authentication Failed,6,1,1,42853.15,0
TXN-15167,CUST-2045,5969.54,Wallet,Authentication Failed,5,0,1,38450.58,0
TXN-15168,CUST-1478,15788.97,UPI,Authentication Failed,6,0,1,106792.29,0
TXN-15169,CUST-2132,8057.98,Debit Card,Card Expired,5,0,2,217576.53,0
TXN-15170,CUST-2232,21149.07,Credit Card,Card Expired,5,0,2,113830.48,0
TXN-15171,CUST-2463,5414.79,Net Banking,Insufficient Funds,8,1,2,72294.16,0
TXN-15172,CUST-3024,9885.99,Credit Card,Card Expired,5,0,1,60045.92,0
TXN-15173,CUST-3155,7958.77,Wallet,Payment Gateway Timeout,7,1,2,62657.37,1
TXN-15174,CUST-1922,12694.81,Credit Card,Card Expired,12,1,1,42431.36,1
TXN-15175,CUST-2623,11427.37,Credit Card,Card Expired,7,1,1,33982.2,0
TXN-15176,CUST-1362,6190.22,UPI,Authentication Failed,2,0,3,61632.18,0
TXN-15177,CUST-3094,5961.11,Credit Card,Insufficient Funds,6,1,2,76101.75,0
TXN-15178,CUST-1074,6285.02,UPI,Temporary Bank/Network Error,9,1,1,42439.58,1
TXN-15179,CUST-2653,9541.83,UPI,Temporary Bank/Network Error,10,1,2,49952.01,1
TXN-15180,CUST-1438,4836.32,Net Banking,Payment Gateway Timeout,6,0,3,63480.7,0
TXN-15181,CUST-3269,7379.97,Wallet,Temporary Bank/Network Error,6,0,0,35176.5,1
TXN-15182,CUST-1225,4392.44,Wallet,Temporary Bank/Network Error,6,1,4,58907.52,1
TXN-15183,CUST-1758,8699.73,UPI,Authentication Failed,7,1,1,111545.01,1
TXN-15184,CUST-1323,6879.51,UPI,Insufficient Funds,7,1,0,116795.84,1
TXN-15185,CUST-1107,5607.69,UPI,Payment Gateway Timeout,10,1,2,41638.55,1
TXN-15186,CUST-2492,3431.78,Credit Card,Temporary Bank/Network Error,6,1,2,90604.51,1
TXN-15187,CUST-3283,5358.6,Credit Card,Payment Gateway Timeout,7,0,0,43020.1,1
TXN-15188,CUST-2286,7657.42,Credit Card,Insufficient Funds,9,1,0,65548.12,1
TXN-15189,CUST-2833,11775.54,Debit Card,Authentication Failed,7,1,0,70957.23,1
TXN-15190,CUST-2556,3421.34,Net Banking,Temporary Bank/Network Error,7,0,2,85804.37,0
TXN-15191,CUST-3309,7337.06,UPI,Payment Gateway Timeout,6,1,0,83742.09,1
TXN-15192,CUST-2642,5679.73,Credit Card,Authentication Failed,5,0,2,96633.28,0
TXN-15193,CUST-1107,7892.2,UPI,Authentication Failed,7,0,1,29393.68,0
TXN-15194,CUST-2428,10624.21,UPI,Insufficient Funds,7,1,1,130701.9,0
TXN-15195,CUST-1487,6661.28,Debit Card,Temporary Bank/Network Error,8,1,3,53289.2,1
TXN-15196,CUST-1427,17690.0,Credit Card,Temporary Bank/Network Error,5,0,2,51474.09,0
TXN-15197,CUST-3144,18936.96,Credit Card,Temporary Bank/Network Error,5,1,0,117875.33,1
TXN-15198,CUST-2413,6724.21,UPI,Authentication Failed,5,0,2,37869.58,0
TXN-15199,CUST-2799,7081.69,Credit Card,Temporary Bank/Network Error,7,1,0,143765.38,1
TXN-15200,CUST-1840,4805.15,Net Banking,Card Expired,13,0,2,211931.25,0
TXN-15201,CUST-3184,5036.49,UPI,Insufficient Funds,4,0,1,106407.61,0
TXN-15202,CUST-1316,7549.81,UPI,Temporary Bank/Network Error,12,1,3,61558.49,1
TXN-15203,CUST-2545,4651.68,Debit Card,Card Expired,4,1,2,111167.94,0
TXN-15204,CUST-2117,4922.0,Credit Card,Authentication Failed,8,0,4,112389.81,0
TXN-15205,CUST-3181,13286.49,Credit Card,Temporary Bank/Network Error,13,1,0,78322.32,1
TXN-15206,CUST-2123,12389.14,UPI,Insufficient Funds,6,1,3,248991.64,0
TXN-15207,CUST-2398,8797.81,UPI,Temporary Bank/Network Error,8,0,2,26148.77,0
TXN-15208,CUST-3016,3460.23,Debit Card,Temporary Bank/Network Error,4,0,1,156459.09,0
TXN-15209,CUST-1120,3653.94,Debit Card,Payment Gateway Timeout,12,1,1,300000.0,1
TXN-15210,CUST-1645,12022.84,UPI,Insufficient Funds,10,0,5,54388.64,0
TXN-15211,CUST-2570,2807.35,UPI,Insufficient Funds,7,0,4,80435.94,0
TXN-15212,CUST-3409,16702.6,Credit Card,Temporary Bank/Network Error,4,1,1,37677.18,1
TXN-15213,CUST-1178,5516.53,UPI,Card Expired,7,1,0,61950.06,0
TXN-15214,CUST-1704,2753.25,Credit Card,Temporary Bank/Network Error,1,0,2,233972.03,0
TXN-15215,CUST-3373,5883.23,Debit Card,Card Expired,10,1,2,119947.98,0
TXN-15216,CUST-1335,6555.55,UPI,Temporary Bank/Network Error,12,1,1,53523.37,1
TXN-15217,CUST-2732,13913.53,Debit Card,Authentication Failed,10,0,1,74688.93,0
TXN-15218,CUST-2108,5081.31,Debit Card,Temporary Bank/Network Error,7,1,1,76457.45,1
TXN-15219,CUST-1416,6197.68,Wallet,Temporary Bank/Network Error,7,0,1,126881.58,1
TXN-15220,CUST-1299,4376.32,UPI,Payment Gateway Timeout,8,1,3,41655.13,1
TXN-15221,CUST-1229,6731.76,UPI,Authentication Failed,8,0,2,215330.16,0
TXN-15222,CUST-2396,7730.18,Debit Card,Authentication Failed,16,0,2,158022.45,1
TXN-15223,CUST-2011,10127.67,UPI,Insufficient Funds,3,1,0,84277.22,0
TXN-15224,CUST-2696,7213.63,Wallet,Payment Gateway Timeout,12,1,2,31766.63,1
TXN-15225,CUST-3232,8162.36,Credit Card,Temporary Bank/Network Error,7,0,3,80219.32,0
TXN-15226,CUST-3460,14494.86,Credit Card,Card Expired,7,1,0,56394.1,0
TXN-15227,CUST-1367,8866.13,Debit Card,Card Expired,7,0,0,65317.19,0
TXN-15228,CUST-1043,5630.94,Wallet,Card Expired,11,0,1,214112.29,0
TXN-15229,CUST-2067,4005.41,Debit Card,Authentication Failed,8,1,3,80618.58,0
TXN-15230,CUST-1041,4696.16,UPI,Insufficient Funds,7,1,1,55421.55,0
TXN-15231,CUST-2333,9447.81,UPI,Insufficient Funds,9,0,1,69605.18,0
TXN-15232,CUST-1564,4013.57,UPI,Insufficient Funds,7,1,1,85116.44,1
TXN-15233,CUST-3406,9095.23,Wallet,Temporary Bank/Network Error,9,1,2,114868.4,1
TXN-15234,CUST-3002,8319.87,Credit Card,Insufficient Funds,6,0,2,131543.12,0
TXN-15235,CUST-2807,12288.03,Credit Card,Card Expired,7,1,0,40046.81,0
TXN-15236,CUST-1907,5941.1,Debit Card,Payment Gateway Timeout,6,1,2,58346.3,1
TXN-15237,CUST-1854,4015.13,Debit Card,Payment Gateway Timeout,8,1,1,74219.95,1
TXN-15238,CUST-1119,14807.66,Net Banking,Card Expired,6,0,1,66065.28,0
TXN-15239,CUST-2246,4314.49,Credit Card,Insufficient Funds,9,1,1,109558.97,1
TXN-15240,CUST-2461,5816.89,Debit Card,Insufficient Funds,9,1,4,36190.95,0
TXN-15241,CUST-1203,4048.11,Debit Card,Insufficient Funds,6,0,1,46277.59,0
TXN-15242,CUST-1941,7826.05,Credit Card,Insufficient Funds,7,1,1,115835.21,0
TXN-15243,CUST-2854,13984.36,Debit Card,Payment Gateway Timeout,8,1,0,173761.47,1
TXN-15244,CUST-3405,11340.58,Wallet,Card Expired,9,0,2,66114.69,0
TXN-15245,CUST-1719,5846.51,Debit Card,Authentication Failed,4,1,3,32082.6,0
TXN-15246,CUST-2507,13959.46,Credit Card,Authentication Failed,6,0,1,47257.09,0
TXN-15247,CUST-2927,7663.7,UPI,Payment Gateway Timeout,7,1,0,60882.86,1
TXN-15248,CUST-3402,10228.23,Net Banking,Insufficient Funds,13,0,3,82563.26,0
TXN-15249,CUST-3127,4213.01,UPI,Insufficient Funds,11,0,4,51643.14,0
TXN-15250,CUST-2130,7380.0,Credit Card,Temporary Bank/Network Error,8,0,3,26364.18,0
TXN-15251,CUST-2686,7120.43,Debit Card,Insufficient Funds,10,0,1,91912.32,0
TXN-15252,CUST-2876,11333.24,Credit Card,Authentication Failed,12,1,1,83811.4,1
TXN-15253,CUST-1839,13075.26,Wallet,Temporary Bank/Network Error,12,1,1,90616.25,1
TXN-15254,CUST-1577,15415.38,Wallet,Payment Gateway Timeout,8,0,5,36336.36,0
TXN-15255,CUST-2863,8528.31,UPI,Authentication Failed,7,1,0,90455.33,1
TXN-15256,CUST-2393,5046.0,UPI,Insufficient Funds,8,1,3,85889.52,0
TXN-15257,CUST-1696,5632.56,Debit Card,Insufficient Funds,8,1,0,54246.22,1
TXN-15258,CUST-1069,8987.33,Debit Card,Temporary Bank/Network Error,13,0,0,56247.55,1
TXN-15259,CUST-1501,4357.57,Debit Card,Temporary Bank/Network Error,11,1,4,62441.87,1
TXN-15260,CUST-1433,4248.98,Credit Card,Authentication Failed,7,1,3,46083.48,0
TXN-15261,CUST-2798,6293.77,Credit Card,Insufficient Funds,10,0,0,44077.95,0
TXN-15262,CUST-1618,6777.54,UPI,Temporary Bank/Network Error,9,0,2,78339.29,1
TXN-15263,CUST-2999,1681.76,Credit Card,Payment Gateway Timeout,5,1,2,61447.98,1
TXN-15264,CUST-1628,7462.88,Debit Card,Payment Gateway Timeout,6,1,0,96060.44,1
TXN-15265,CUST-2860,4040.1,Credit Card,Authentication Failed,3,1,1,49068.62,0
TXN-15266,CUST-2567,10022.42,Net Banking,Temporary Bank/Network Error,12,1,5,117548.97,1
TXN-15267,CUST-2168,8677.85,Wallet,Card Expired,6,1,1,53612.12,0
TXN-15268,CUST-2658,9601.21,UPI,Insufficient Funds,8,0,0,86571.03,0
TXN-15269,CUST-2608,6420.01,Credit Card,Authentication Failed,5,0,2,80252.27,0
TXN-15270,CUST-1680,3831.88,Net Banking,Temporary Bank/Network Error,9,0,1,26071.58,1
TXN-15271,CUST-3373,6479.41,Net Banking,Insufficient Funds,10,0,0,82971.57,0
TXN-15272,CUST-2346,5406.35,Credit Card,Temporary Bank/Network Error,4,1,1,42986.9,1
TXN-15273,CUST-1053,13141.9,Wallet,Payment Gateway Timeout,5,1,0,71769.31,1
TXN-15274,CUST-2081,3845.99,Net Banking,Temporary Bank/Network Error,7,1,0,20640.38,1
TXN-15275,CUST-2704,6722.67,Net Banking,Payment Gateway Timeout,4,0,1,42769.6,0
TXN-15276,CUST-1096,4610.11,Debit Card,Temporary Bank/Network Error,9,1,0,96899.73,1
TXN-15277,CUST-2340,7246.8,UPI,Card Expired,11,1,1,44495.04,1
TXN-15278,CUST-3149,5305.34,Debit Card,Temporary Bank/Network Error,7,1,0,87724.34,1
TXN-15279,CUST-1863,14026.9,Credit Card,Temporary Bank/Network Error,8,0,1,87225.39,1
TXN-15280,CUST-1399,7910.24,Debit Card,Insufficient Funds,6,1,0,116677.1,0
TXN-15281,CUST-2931,7136.82,Wallet,Insufficient Funds,5,0,1,36820.89,0
TXN-15282,CUST-1641,13820.91,UPI,Insufficient Funds,7,1,1,65329.44,0
TXN-15283,CUST-1381,10454.42,Net Banking,Insufficient Funds,14,1,1,114630.73,1
TXN-15284,CUST-2585,12415.95,UPI,Temporary Bank/Network Error,10,1,0,134105.78,1
TXN-15285,CUST-2230,7196.68,UPI,Temporary Bank/Network Error,6,0,1,27239.3,0
TXN-15286,CUST-2619,10742.95,Credit Card,Insufficient Funds,7,0,1,64266.19,0
TXN-15287,CUST-3271,12365.55,Wallet,Temporary Bank/Network Error,10,1,3,107774.43,1
TXN-15288,CUST-3224,3444.34,Debit Card,Insufficient Funds,10,1,1,70436.14,1
TXN-15289,CUST-3421,6162.42,Net Banking,Payment Gateway Timeout,14,1,2,43499.88,1
TXN-15290,CUST-3443,4758.48,UPI,Card Expired,5,1,4,58200.85,0
TXN-15291,CUST-2787,5321.9,Credit Card,Temporary Bank/Network Error,7,0,1,33934.59,1
TXN-15292,CUST-1132,3769.61,UPI,Insufficient Funds,13,0,2,72552.34,0
TXN-15293,CUST-1220,6642.98,Credit Card,Payment Gateway Timeout,11,1,0,69870.06,1
TXN-15294,CUST-1360,6519.92,Credit Card,Payment Gateway Timeout,11,0,3,47492.53,0
TXN-15295,CUST-2858,4873.65,Credit Card,Insufficient Funds,11,0,1,144963.66,0
TXN-15296,CUST-1868,5667.4,Net Banking,Payment Gateway Timeout,7,1,1,37189.55,1
TXN-15297,CUST-1816,18550.83,UPI,Card Expired,7,0,2,154183.26,0
TXN-15298,CUST-1207,2474.28,Debit Card,Insufficient Funds,6,1,2,50366.63,0
TXN-15299,CUST-2866,2688.4,UPI,Payment Gateway Timeout,8,1,1,143235.03,1
TXN-15300,CUST-1954,5437.35,Net Banking,Temporary Bank/Network Error,8,1,1,63597.77,1
TXN-15301,CUST-1917,5841.11,UPI,Temporary Bank/Network Error,8,1,1,54725.74,1
TXN-15302,CUST-3119,6145.31,Debit Card,Temporary Bank/Network Error,10,1,2,31743.2,1
TXN-15303,CUST-2878,13988.53,Net Banking,Temporary Bank/Network Error,9,0,1,95661.04,1
TXN-15304,CUST-2049,4677.7,Debit Card,Insufficient Funds,1,1,1,49772.17,0
TXN-15305,CUST-1486,14154.09,Credit Card,Payment Gateway Timeout,11,0,4,50470.39,0
TXN-15306,CUST-2716,3377.32,UPI,Card Expired,6,0,0,45120.13,0
TXN-15307,CUST-2155,9044.3,UPI,Card Expired,8,0,3,55954.2,0
TXN-15308,CUST-2307,4598.2,Debit Card,Insufficient Funds,11,1,4,69554.81,0
TXN-15309,CUST-3465,3255.03,UPI,Insufficient Funds,9,1,2,63955.71,1
TXN-15310,CUST-2294,7724.53,UPI,Card Expired,4,0,0,27702.17,0
TXN-15311,CUST-1523,10865.67,Debit Card,Payment Gateway Timeout,12,1,3,50546.18,1
TXN-15312,CUST-1994,6768.8,UPI,Temporary Bank/Network Error,10,0,1,120238.65,1
TXN-15313,CUST-2288,3438.41,Credit Card,Insufficient Funds,10,1,2,71534.84,1
TXN-15314,CUST-2289,13158.85,UPI,Payment Gateway Timeout,8,1,3,63625.53,1
TXN-15315,CUST-1589,4193.83,Credit Card,Temporary Bank/Network Error,5,0,1,85795.57,0
TXN-15316,CUST-1142,4813.12,UPI,Temporary Bank/Network Error,7,1,3,82909.5,1
TXN-15317,CUST-2341,17999.67,UPI,Payment Gateway Timeout,6,1,2,82082.63,1
TXN-15318,CUST-2643,12314.84,Net Banking,Card Expired,13,0,4,56650.04,0
TXN-15319,CUST-1589,10665.68,UPI,Temporary Bank/Network Error,8,0,1,265111.12,1
TXN-15320,CUST-2412,7373.3,Credit Card,Temporary Bank/Network Error,5,0,3,122479.12,0
TXN-15321,CUST-1889,2743.68,Credit Card,Payment Gateway Timeout,8,0,0,105366.27,1
TXN-15322,CUST-1353,9412.97,Debit Card,Insufficient Funds,12,0,1,76381.03,0
TXN-15323,CUST-2892,9699.36,Debit Card,Card Expired,13,0,1,145807.51,0
TXN-15324,CUST-2012,7183.01,UPI,Temporary Bank/Network Error,9,0,2,89918.7,1
TXN-15325,CUST-2955,3715.87,UPI,Card Expired,7,1,2,75353.96,0
TXN-15326,CUST-2185,3574.26,UPI,Temporary Bank/Network Error,5,0,1,64592.6,0
TXN-15327,CUST-2849,6289.49,UPI,Authentication Failed,8,1,2,105416.93,0
TXN-15328,CUST-2993,5286.85,Credit Card,Insufficient Funds,11,0,0,114265.91,1
TXN-15329,CUST-1099,4374.08,Wallet,Temporary Bank/Network Error,13,1,2,67469.1,1
TXN-15330,CUST-2233,5115.16,UPI,Temporary Bank/Network Error,6,0,0,146451.57,1
TXN-15331,CUST-1203,11508.0,Debit Card,Card Expired,17,1,0,106916.75,1
TXN-15332,CUST-2716,4885.65,UPI,Authentication Failed,3,1,2,68105.25,0
TXN-15333,CUST-3125,4989.53,Debit Card,Temporary Bank/Network Error,6,0,2,103987.58,0
TXN-15334,CUST-3067,17778.76,Wallet,Temporary Bank/Network Error,11,1,1,68273.93,1
TXN-15335,CUST-2539,3987.53,Wallet,Authentication Failed,13,1,2,125725.47,1
TXN-15336,CUST-1215,7090.56,Debit Card,Insufficient Funds,10,1,0,125107.44,1
TXN-15337,CUST-3465,4156.85,Net Banking,Temporary Bank/Network Error,10,1,1,94524.11,1
TXN-15338,CUST-2343,16939.51,Credit Card,Temporary Bank/Network Error,5,0,2,268789.45,0
TXN-15339,CUST-3353,2738.74,Debit Card,Card Expired,11,1,2,142885.56,1
TXN-15340,CUST-1594,14048.54,UPI,Authentication Failed,9,1,1,50993.33,1
TXN-15341,CUST-1573,4402.44,UPI,Temporary Bank/Network Error,9,1,3,55949.18,1
TXN-15342,CUST-2608,11668.97,UPI,Card Expired,5,0,1,45463.74,0
TXN-15343,CUST-2374,7749.69,UPI,Insufficient Funds,13,1,1,53055.64,1
TXN-15344,CUST-3288,11231.89,UPI,Payment Gateway Timeout,8,0,0,63609.24,1
TXN-15345,CUST-3334,10973.22,Debit Card,Authentication Failed,5,0,1,41122.72,0
TXN-15346,CUST-3112,2932.32,Credit Card,Authentication Failed,6,0,1,52025.65,0
TXN-15347,CUST-1073,14092.59,Debit Card,Temporary Bank/Network Error,5,1,3,28431.72,0
TXN-15348,CUST-1353,2519.63,UPI,Temporary Bank/Network Error,5,1,2,42587.93,1
TXN-15349,CUST-2703,12788.91,Wallet,Insufficient Funds,9,1,3,89607.58,0
TXN-15350,CUST-1063,11060.36,Debit Card,Authentication Failed,11,1,1,45380.12,1
TXN-15351,CUST-3225,10987.64,Net Banking,Insufficient Funds,6,1,2,59986.36,0
TXN-15352,CUST-3200,11352.93,UPI,Insufficient Funds,4,0,3,129466.82,0
TXN-15353,CUST-3300,5611.67,UPI,Authentication Failed,7,1,2,165966.27,1
TXN-15354,CUST-2697,13838.12,Net Banking,Temporary Bank/Network Error,7,1,1,65774.99,1
TXN-15355,CUST-1624,2620.89,Credit Card,Temporary Bank/Network Error,6,0,2,153828.05,0
TXN-15356,CUST-1236,5350.59,Debit Card,Insufficient Funds,5,0,1,48026.43,0
TXN-15357,CUST-3153,4528.56,Net Banking,Card Expired,17,1,0,70113.79,1
TXN-15358,CUST-2516,11795.28,Debit Card,Authentication Failed,8,0,2,64787.7,0
TXN-15359,CUST-2269,3840.07,Credit Card,Authentication Failed,8,1,4,74388.49,0
TXN-15360,CUST-2031,7415.79,Net Banking,Insufficient Funds,7,1,3,32483.45,0
TXN-15361,CUST-2202,12288.7,Debit Card,Insufficient Funds,7,0,2,110636.24,0
TXN-15362,CUST-3072,4450.94,Wallet,Temporary Bank/Network Error,6,0,2,209146.0,1
TXN-15363,CUST-3333,9547.36,Debit Card,Payment Gateway Timeout,11,1,1,153437.53,1
TXN-15364,CUST-1662,3404.88,UPI,Payment Gateway Timeout,13,0,0,105717.41,1
TXN-15365,CUST-2673,10369.97,UPI,Authentication Failed,6,1,1,33707.51,0
TXN-15366,CUST-2379,7879.4,Credit Card,Insufficient Funds,10,0,1,67103.08,0
TXN-15367,CUST-3406,17165.24,Credit Card,Temporary Bank/Network Error,9,1,2,73788.76,1
TXN-15368,CUST-3467,6923.81,UPI,Payment Gateway Timeout,13,1,2,97884.86,1
TXN-15369,CUST-2152,4382.83,Debit Card,Payment Gateway Timeout,7,0,2,52234.0,0
TXN-15370,CUST-3059,8529.32,UPI,Payment Gateway Timeout,7,1,2,106719.7,1
TXN-15371,CUST-3476,6814.11,UPI,Temporary Bank/Network Error,14,0,0,73171.16,1
TXN-15372,CUST-1624,9731.1,UPI,Temporary Bank/Network Error,6,0,1,88369.56,1
TXN-15373,CUST-1062,6113.13,UPI,Temporary Bank/Network Error,12,0,1,175226.02,1
TXN-15374,CUST-2339,2896.08,Credit Card,Temporary Bank/Network Error,8,0,0,64458.83,1
TXN-15375,CUST-1821,14722.16,UPI,Authentication Failed,8,0,4,56758.97,0
TXN-15376,CUST-3361,4560.21,UPI,Authentication Failed,4,1,0,55712.23,0
TXN-15377,CUST-1659,9955.21,Debit Card,Card Expired,4,1,2,55429.78,0
TXN-15378,CUST-3212,17117.02,Credit Card,Temporary Bank/Network Error,7,1,1,57398.84,1
TXN-15379,CUST-1092,6628.6,UPI,Temporary Bank/Network Error,5,0,2,100483.56,0
TXN-15380,CUST-2992,22653.32,Credit Card,Payment Gateway Timeout,11,0,2,70960.65,1
TXN-15381,CUST-1440,10482.62,Credit Card,Temporary Bank/Network Error,6,1,0,46446.99,1
TXN-15382,CUST-2064,4897.84,Debit Card,Authentication Failed,6,0,5,92396.57,0
TXN-15383,CUST-2718,7587.0,UPI,Insufficient Funds,7,1,4,114978.17,0
TXN-15384,CUST-1667,8093.98,Credit Card,Temporary Bank/Network Error,7,0,1,189593.13,1
TXN-15385,CUST-1075,7247.42,UPI,Authentication Failed,15,1,0,85242.62,1
TXN-15386,CUST-1540,5033.32,Debit Card,Temporary Bank/Network Error,10,0,2,63015.6,1
TXN-15387,CUST-1939,10413.48,Net Banking,Temporary Bank/Network Error,9,1,1,143424.22,1
TXN-15388,CUST-1379,8930.19,Credit Card,Insufficient Funds,4,0,1,134853.09,0
TXN-15389,CUST-3028,8440.28,Credit Card,Authentication Failed,13,1,0,103666.11,1
TXN-15390,CUST-1498,6302.25,Credit Card,Authentication Failed,9,1,3,81737.89,0
TXN-15391,CUST-1506,14786.62,Credit Card,Insufficient Funds,7,1,1,33347.91,0
TXN-15392,CUST-3480,16207.3,Wallet,Insufficient Funds,18,0,2,64051.86,1
TXN-15393,CUST-1274,2003.77,UPI,Temporary Bank/Network Error,9,0,3,58916.38,1
TXN-15394,CUST-2436,7948.89,UPI,Payment Gateway Timeout,6,1,0,75873.91,1
TXN-15395,CUST-3276,5009.34,Net Banking,Temporary Bank/Network Error,4,0,3,71890.87,0
TXN-15396,CUST-1186,8962.25,UPI,Temporary Bank/Network Error,10,1,0,27860.68,1
TXN-15397,CUST-1929,6571.09,UPI,Insufficient Funds,5,0,4,70589.55,0
TXN-15398,CUST-2835,14197.39,Credit Card,Insufficient Funds,10,1,2,82148.4,1
TXN-15399,CUST-2844,3219.24,Credit Card,Temporary Bank/Network Error,8,1,0,78964.43,0
TXN-15400,CUST-1409,5565.42,UPI,Insufficient Funds,6,1,1,179964.25,0
TXN-15401,CUST-1851,9736.63,UPI,Authentication Failed,7,0,1,29445.26,0
TXN-15402,CUST-2226,7412.31,Debit Card,Temporary Bank/Network Error,7,1,2,110396.77,1
TXN-15403,CUST-2764,12650.36,Net Banking,Insufficient Funds,14,1,2,39896.17,1
TXN-15404,CUST-1531,3135.21,Credit Card,Payment Gateway Timeout,3,0,1,60021.99,0
TXN-15405,CUST-2672,4678.24,UPI,Authentication Failed,9,1,2,85773.48,1
TXN-15406,CUST-2867,8626.35,UPI,Temporary Bank/Network Error,12,0,0,23629.74,1
TXN-15407,CUST-1908,18096.56,Credit Card,Insufficient Funds,11,0,0,55887.72,0
TXN-15408,CUST-3103,25602.27,UPI,Payment Gateway Timeout,11,0,1,93831.65,1
TXN-15409,CUST-2369,3564.14,UPI,Insufficient Funds,9,0,1,174269.77,0
TXN-15410,CUST-2851,11411.08,Credit Card,Temporary Bank/Network Error,6,1,2,21902.77,1
TXN-15411,CUST-1335,4606.48,Debit Card,Card Expired,6,1,3,71382.98,0
TXN-15412,CUST-3334,9391.08,Net Banking,Authentication Failed,8,0,2,59270.04,0
TXN-15413,CUST-3483,7137.91,UPI,Authentication Failed,5,0,0,197979.56,0
TXN-15414,CUST-2628,8531.73,Credit Card,Card Expired,8,0,1,81167.07,0
TXN-15415,CUST-1430,4425.45,UPI,Authentication Failed,10,0,3,42193.01,0
TXN-15416,CUST-1326,7202.01,UPI,Temporary Bank/Network Error,7,0,1,46570.8,1
TXN-15417,CUST-2548,6804.53,UPI,Temporary Bank/Network Error,7,0,0,34020.79,1
TXN-15418,CUST-1039,8927.65,Credit Card,Insufficient Funds,7,1,1,59368.74,0
TXN-15419,CUST-1019,11333.0,UPI,Insufficient Funds,16,1,1,125449.7,1
TXN-15420,CUST-1702,5990.88,Credit Card,Insufficient Funds,3,1,0,50384.52,0
TXN-15421,CUST-2081,10020.49,Net Banking,Payment Gateway Timeout,3,1,1,46347.54,0
TXN-15422,CUST-1810,10077.07,UPI,Card Expired,7,0,2,78580.5,0
TXN-15423,CUST-1020,12041.85,Debit Card,Temporary Bank/Network Error,10,1,2,145284.56,1
TXN-15424,CUST-1624,4717.93,Debit Card,Temporary Bank/Network Error,8,0,1,116164.18,1
TXN-15425,CUST-3022,11328.28,UPI,Temporary Bank/Network Error,6,0,0,31536.73,1
TXN-15426,CUST-3231,4817.05,Debit Card,Temporary Bank/Network Error,9,1,4,97974.69,1
TXN-15427,CUST-3209,6418.39,Net Banking,Payment Gateway Timeout,7,1,2,56950.39,1
TXN-15428,CUST-2255,6133.31,Debit Card,Payment Gateway Timeout,8,1,0,68338.41,1
TXN-15429,CUST-3494,10877.76,UPI,Temporary Bank/Network Error,9,0,4,47435.42,0
TXN-15430,CUST-2993,5619.62,UPI,Insufficient Funds,8,1,2,41637.06,0
TXN-15431,CUST-1964,4181.19,UPI,Temporary Bank/Network Error,6,0,1,133774.48,1
TXN-15432,CUST-1126,5250.09,Credit Card,Temporary Bank/Network Error,9,0,0,138431.74,1
TXN-15433,CUST-1043,5161.4,Net Banking,Temporary Bank/Network Error,10,0,0,64100.01,1
TXN-15434,CUST-3357,7458.13,Net Banking,Insufficient Funds,7,1,3,52174.68,0
TXN-15435,CUST-2916,6729.47,Net Banking,Insufficient Funds,8,0,1,112565.18,0
TXN-15436,CUST-1564,15420.24,Net Banking,Temporary Bank/Network Error,6,1,0,56333.79,1
TXN-15437,CUST-1157,5144.23,Net Banking,Authentication Failed,6,0,0,49742.89,0
TXN-15438,CUST-1731,7210.45,Wallet,Temporary Bank/Network Error,11,1,1,64840.62,1
TXN-15439,CUST-1575,26263.98,UPI,Insufficient Funds,8,0,2,36789.25,0
TXN-15440,CUST-1840,5968.85,Debit Card,Insufficient Funds,7,1,2,72557.44,0
TXN-15441,CUST-3263,5286.19,Credit Card,Temporary Bank/Network Error,6,0,1,60921.12,0
TXN-15442,CUST-2459,18561.74,UPI,Authentication Failed,13,1,1,69540.83,1
TXN-15443,CUST-1024,4700.14,Net Banking,Temporary Bank/Network Error,10,1,0,29633.74,1
TXN-15444,CUST-2620,10816.25,UPI,Temporary Bank/Network Error,12,1,2,116016.56,1
TXN-15445,CUST-1299,5113.44,Debit Card,Payment Gateway Timeout,5,1,2,82249.1,1
TXN-15446,CUST-1489,2760.44,Debit Card,Insufficient Funds,6,0,2,57321.34,0
TXN-15447,CUST-3499,4071.14,Wallet,Card Expired,7,0,2,72659.65,0
TXN-15448,CUST-2530,14610.81,Debit Card,Authentication Failed,9,1,1,60548.3,1
TXN-15449,CUST-1863,5491.79,Wallet,Payment Gateway Timeout,8,0,1,196565.05,1
TXN-15450,CUST-1588,6080.77,UPI,Payment Gateway Timeout,8,0,2,109361.84,0
TXN-15451,CUST-2176,8255.47,Net Banking,Temporary Bank/Network Error,6,1,3,97503.43,1
TXN-15452,CUST-1879,3286.3,UPI,Card Expired,7,1,1,193638.4,1
TXN-15453,CUST-1485,14015.4,UPI,Temporary Bank/Network Error,5,0,1,95802.33,0
TXN-15454,CUST-2653,7665.23,Wallet,Temporary Bank/Network Error,6,1,4,59206.32,1
TXN-15455,CUST-1221,7131.03,Net Banking,Insufficient Funds,10,1,1,121335.18,1
TXN-15456,CUST-3005,5623.56,Net Banking,Card Expired,10,1,4,68700.81,0
TXN-15457,CUST-3341,9753.16,Net Banking,Authentication Failed,6,1,2,116413.08,0
TXN-15458,CUST-1850,9603.72,Credit Card,Payment Gateway Timeout,11,1,1,33323.41,1
TXN-15459,CUST-2245,10859.76,UPI,Payment Gateway Timeout,7,1,2,105517.79,1
TXN-15460,CUST-1751,2995.51,Debit Card,Temporary Bank/Network Error,10,1,2,66251.66,1
TXN-15461,CUST-3210,6192.72,UPI,Card Expired,10,0,1,70317.76,0
TXN-15462,CUST-2196,23819.38,Wallet,Card Expired,7,1,1,47964.38,0
TXN-15463,CUST-2600,4611.46,UPI,Authentication Failed,11,1,2,97377.74,1
TXN-15464,CUST-2299,13019.14,Credit Card,Card Expired,8,1,2,57083.85,0
TXN-15465,CUST-1021,2324.94,Debit Card,Payment Gateway Timeout,12,1,2,35037.1,1
TXN-15466,CUST-3376,4419.61,Credit Card,Payment Gateway Timeout,15,1,3,140193.99,1
TXN-15467,CUST-1549,6580.2,UPI,Authentication Failed,7,1,2,64103.03,0
TXN-15468,CUST-1349,8028.61,Net Banking,Temporary Bank/Network Error,12,1,1,98553.39,1
TXN-15469,CUST-2357,6095.92,Debit Card,Temporary Bank/Network Error,12,0,3,38581.87,1
TXN-15470,CUST-1583,14266.48,UPI,Insufficient Funds,8,1,3,69902.31,0
TXN-15471,CUST-1494,8339.6,UPI,Temporary Bank/Network Error,6,0,3,87682.48,0
TXN-15472,CUST-1878,2853.68,UPI,Authentication Failed,9,1,2,53751.01,1
TXN-15473,CUST-1778,4674.55,UPI,Payment Gateway Timeout,9,1,0,93248.8,1
TXN-15474,CUST-1958,7547.98,UPI,Temporary Bank/Network Error,11,1,0,31552.11,1
TXN-15475,CUST-1953,4439.25,UPI,Temporary Bank/Network Error,2,0,4,61887.27,0
TXN-15476,CUST-3428,2397.64,UPI,Payment Gateway Timeout,15,1,2,103057.86,1
TXN-15477,CUST-1441,6204.96,Credit Card,Card Expired,10,1,1,203797.17,1
TXN-15478,CUST-3306,10445.91,UPI,Payment Gateway Timeout,10,0,1,38933.81,1
TXN-15479,CUST-1004,17637.75,UPI,Insufficient Funds,11,0,2,69233.72,0
TXN-15480,CUST-2728,4958.98,Credit Card,Payment Gateway Timeout,10,0,0,161339.42,1
TXN-15481,CUST-1028,3975.5,UPI,Insufficient Funds,7,1,1,223961.5,1
TXN-15482,CUST-2622,8188.86,UPI,Insufficient Funds,9,1,2,45954.88,0
TXN-15483,CUST-1619,7056.06,Debit Card,Card Expired,10,1,1,63020.18,1
TXN-15484,CUST-2874,5765.7,Credit Card,Card Expired,11,0,2,57133.8,0
TXN-15485,CUST-1704,7373.68,Wallet,Temporary Bank/Network Error,10,1,0,26417.21,1
TXN-15486,CUST-2232,5865.67,UPI,Temporary Bank/Network Error,6,1,2,109326.54,1
TXN-15487,CUST-3055,11231.73,Debit Card,Temporary Bank/Network Error,7,1,1,46798.59,1
TXN-15488,CUST-2614,3413.05,Credit Card,Insufficient Funds,7,1,1,63971.87,0
TXN-15489,CUST-3327,15997.96,Credit Card,Authentication Failed,11,1,3,132631.88,1
TXN-15490,CUST-1087,10251.01,Debit Card,Temporary Bank/Network Error,12,0,2,61717.32,1
TXN-15491,CUST-2967,1874.44,Credit Card,Payment Gateway Timeout,6,0,0,112212.17,1
TXN-15492,CUST-3479,12852.26,Debit Card,Card Expired,6,1,1,122251.57,0
TXN-15493,CUST-1022,10753.36,Wallet,Temporary Bank/Network Error,15,0,1,86948.29,1
TXN-15494,CUST-1013,7935.73,UPI,Payment Gateway Timeout,4,1,4,109968.38,0
TXN-15495,CUST-2848,1722.69,UPI,Temporary Bank/Network Error,4,0,0,35368.32,0
TXN-15496,CUST-1253,3763.54,UPI,Authentication Failed,4,0,1,70229.58,0
TXN-15497,CUST-1379,10091.06,Credit Card,Temporary Bank/Network Error,8,1,2,48100.64,1
TXN-15498,CUST-2307,4634.79,Wallet,Temporary Bank/Network Error,6,1,1,139069.59,1
TXN-15499,CUST-2326,10791.14,Debit Card,Insufficient Funds,10,1,2,46986.91,0
TXN-15500,CUST-2003,9411.58,UPI,Temporary Bank/Network Error,4,1,0,51327.04,1
TXN-15501,CUST-2250,8906.43,UPI,Authentication Failed,6,1,1,61846.03,0
TXN-15502,CUST-1731,3741.79,Net Banking,Insufficient Funds,4,0,0,245622.23,0
TXN-15503,CUST-1574,8195.1,Credit Card,Temporary Bank/Network Error,8,0,2,93665.66,1
TXN-15504,CUST-2422,10916.65,Net Banking,Payment Gateway Timeout,7,1,1,67055.63,1
TXN-15505,CUST-1209,5462.85,Debit Card,Insufficient Funds,6,1,1,74529.99,0
TXN-15506,CUST-2041,8317.0,UPI,Insufficient Funds,8,1,1,130778.18,1
TXN-15507,CUST-2924,3881.64,UPI,Authentication Failed,6,1,1,92797.79,0
TXN-15508,CUST-2284,6972.14,Debit Card,Payment Gateway Timeout,7,1,1,26592.36,1
TXN-15509,CUST-1648,6744.82,Credit Card,Payment Gateway Timeout,8,1,2,34058.67,1
TXN-15510,CUST-2125,10022.09,Credit Card,Temporary Bank/Network Error,4,1,3,131592.62,1
TXN-15511,CUST-1996,7277.91,Credit Card,Payment Gateway Timeout,6,0,2,127769.66,0
TXN-15512,CUST-1886,10824.44,Credit Card,Temporary Bank/Network Error,8,0,0,52651.91,1
TXN-15513,CUST-3407,2831.4,Credit Card,Temporary Bank/Network Error,9,1,2,81318.68,1
TXN-15514,CUST-1662,2903.64,UPI,Card Expired,3,1,2,82841.0,0
TXN-15515,CUST-2290,3339.81,Credit Card,Authentication Failed,5,0,3,140775.64,0
TXN-15516,CUST-2632,7140.0,Credit Card,Payment Gateway Timeout,4,0,1,31754.07,0
TXN-15517,CUST-3203,4521.35,Net Banking,Temporary Bank/Network Error,11,1,0,64684.62,1
TXN-15518,CUST-1314,8635.78,UPI,Card Expired,7,0,0,122928.63,0
TXN-15519,CUST-2716,9570.67,UPI,Temporary Bank/Network Error,5,1,1,57046.88,1
TXN-15520,CUST-2869,1937.09,Credit Card,Payment Gateway Timeout,8,0,1,137558.16,1
TXN-15521,CUST-2745,3387.09,Credit Card,Authentication Failed,9,0,1,111448.82,0
TXN-15522,CUST-1677,4652.1,UPI,Payment Gateway Timeout,5,1,1,37138.07,1
TXN-15523,CUST-1296,13653.12,UPI,Card Expired,2,0,0,53972.75,0
TXN-15524,CUST-2913,2627.93,Net Banking,Temporary Bank/Network Error,9,0,1,58566.04,1
TXN-15525,CUST-2181,10511.42,UPI,Temporary Bank/Network Error,4,1,5,36566.33,0
TXN-15526,CUST-2434,2733.05,UPI,Card Expired,14,0,4,26153.05,0
TXN-15527,CUST-2845,11021.38,UPI,Insufficient Funds,9,0,1,39495.26,0
TXN-15528,CUST-3218,10606.8,Credit Card,Authentication Failed,8,1,2,86551.22,0
TXN-15529,CUST-3436,3973.37,Debit Card,Insufficient Funds,14,1,2,87553.84,1
TXN-15530,CUST-3466,6803.16,UPI,Authentication Failed,10,1,3,68441.12,0
TXN-15531,CUST-2033,5776.64,Credit Card,Card Expired,9,1,1,114355.03,1
TXN-15532,CUST-2338,3880.73,Debit Card,Insufficient Funds,10,0,1,98475.64,0
TXN-15533,CUST-3489,4204.13,UPI,Temporary Bank/Network Error,15,1,0,81965.46,1
TXN-15534,CUST-2454,8710.31,Credit Card,Insufficient Funds,9,0,4,78072.32,0
TXN-15535,CUST-1691,4296.69,UPI,Insufficient Funds,2,1,1,73693.97,0
TXN-15536,CUST-1799,2996.72,Debit Card,Temporary Bank/Network Error,6,0,3,68747.22,0
TXN-15537,CUST-2965,11409.0,Debit Card,Temporary Bank/Network Error,9,1,2,35261.51,1
TXN-15538,CUST-3021,11916.9,Credit Card,Authentication Failed,8,1,3,42207.26,0
TXN-15539,CUST-2907,8541.34,UPI,Card Expired,4,0,1,73001.98,0
TXN-15540,CUST-2184,9621.08,UPI,Authentication Failed,8,0,1,82222.06,0
TXN-15541,CUST-2434,7894.63,Net Banking,Card Expired,5,1,1,28476.06,0
TXN-15542,CUST-3324,4238.19,Debit Card,Authentication Failed,7,0,2,54928.04,0
TXN-15543,CUST-1015,8865.05,Net Banking,Insufficient Funds,7,0,0,89954.29,0
TXN-15544,CUST-2024,6359.52,UPI,Temporary Bank/Network Error,8,1,1,27199.22,1
TXN-15545,CUST-1355,6622.07,Net Banking,Payment Gateway Timeout,6,0,0,93964.67,0
TXN-15546,CUST-2441,2948.8,UPI,Payment Gateway Timeout,11,0,5,88615.17,0
TXN-15547,CUST-3056,7686.98,Net Banking,Payment Gateway Timeout,6,0,1,79797.15,0
TXN-15548,CUST-1574,7768.34,Net Banking,Insufficient Funds,9,1,0,88518.54,1
TXN-15549,CUST-3445,5069.06,Credit Card,Temporary Bank/Network Error,10,1,1,29555.55,1
TXN-15550,CUST-3359,13326.49,Credit Card,Payment Gateway Timeout,9,1,1,206387.56,1
TXN-15551,CUST-2507,13401.47,Debit Card,Authentication Failed,4,0,2,58651.28,0
TXN-15552,CUST-3129,9841.74,Credit Card,Temporary Bank/Network Error,8,1,3,147727.39,1
TXN-15553,CUST-3020,6554.48,Debit Card,Card Expired,12,1,1,73542.5,1
TXN-15554,CUST-3080,10705.66,Net Banking,Payment Gateway Timeout,14,0,2,64444.57,1
TXN-15555,CUST-2847,22138.78,Debit Card,Temporary Bank/Network Error,6,1,1,37671.26,1
TXN-15556,CUST-2434,6844.92,Net Banking,Card Expired,12,1,2,45914.33,1
TXN-15557,CUST-2429,2234.3,Debit Card,Insufficient Funds,4,1,0,56386.69,0
TXN-15558,CUST-1787,9769.57,UPI,Insufficient Funds,9,1,1,155719.56,1
TXN-15559,CUST-2300,2256.09,Credit Card,Temporary Bank/Network Error,8,1,1,38033.41,1
TXN-15560,CUST-2493,3716.1,Credit Card,Temporary Bank/Network Error,10,0,1,58248.76,1
TXN-15561,CUST-3327,7241.37,UPI,Temporary Bank/Network Error,7,0,0,113804.07,1
TXN-15562,CUST-3058,7100.03,Wallet,Card Expired,10,1,1,73814.17,1
TXN-15563,CUST-1841,11058.7,Credit Card,Temporary Bank/Network Error,2,0,1,82501.77,0
TXN-15564,CUST-1959,5817.6,Debit Card,Authentication Failed,10,0,1,51802.66,0
TXN-15565,CUST-2526,2014.88,Credit Card,Payment Gateway Timeout,10,1,4,57267.87,1
TXN-15566,CUST-2996,3888.6,Credit Card,Authentication Failed,9,1,0,111143.38,1
TXN-15567,CUST-1387,4997.17,UPI,Insufficient Funds,8,1,0,75282.74,1
TXN-15568,CUST-3456,8484.86,Credit Card,Card Expired,5,1,2,23835.35,0
TXN-15569,CUST-2283,3390.96,Wallet,Temporary Bank/Network Error,7,1,1,50221.4,1
TXN-15570,CUST-1284,12158.51,UPI,Temporary Bank/Network Error,6,1,0,67477.6,1
TXN-15571,CUST-1831,10201.78,Net Banking,Payment Gateway Timeout,6,0,2,147433.94,0
TXN-15572,CUST-1933,10942.25,Debit Card,Payment Gateway Timeout,7,1,1,73301.67,1
TXN-15573,CUST-3125,3807.23,Net Banking,Temporary Bank/Network Error,18,0,2,94286.96,1
TXN-15574,CUST-2176,8222.46,UPI,Temporary Bank/Network Error,4,1,2,80492.27,1
TXN-15575,CUST-2045,7033.83,UPI,Insufficient Funds,13,1,2,73632.12,1
TXN-15576,CUST-3225,7132.31,Credit Card,Insufficient Funds,7,0,1,182586.47,0
TXN-15577,CUST-1262,3812.68,Net Banking,Insufficient Funds,9,1,0,141867.97,1
TXN-15578,CUST-3251,3705.83,Credit Card,Payment Gateway Timeout,8,1,2,145406.37,1
TXN-15579,CUST-2802,1613.46,UPI,Payment Gateway Timeout,6,0,1,123265.76,0
TXN-15580,CUST-1044,10369.6,Credit Card,Insufficient Funds,10,1,2,38373.63,0
TXN-15581,CUST-1217,11499.69,Debit Card,Temporary Bank/Network Error,9,0,2,79073.59,1
TXN-15582,CUST-1991,14502.47,Net Banking,Authentication Failed,9,0,1,47589.66,0
TXN-15583,CUST-1254,12709.73,UPI,Insufficient Funds,9,1,1,88306.4,1
TXN-15584,CUST-2206,8041.5,Debit Card,Payment Gateway Timeout,4,0,4,74425.09,0
TXN-15585,CUST-2460,15747.52,Debit Card,Card Expired,6,0,1,39967.67,0
TXN-15586,CUST-1137,11159.18,UPI,Card Expired,5,0,0,56383.02,0
TXN-15587,CUST-1120,9486.5,UPI,Insufficient Funds,6,1,0,38193.37,0
TXN-15588,CUST-1590,6851.42,UPI,Card Expired,5,1,1,34774.38,0
TXN-15589,CUST-2489,5318.84,Credit Card,Insufficient Funds,11,1,0,151188.86,1
TXN-15590,CUST-3043,5816.99,Net Banking,Insufficient Funds,4,0,1,35108.78,0
TXN-15591,CUST-3197,7837.2,UPI,Payment Gateway Timeout,8,1,1,47989.75,1
TXN-15592,CUST-3251,6186.23,UPI,Payment Gateway Timeout,12,0,1,78804.89,1
TXN-15593,CUST-1285,12396.27,UPI,Payment Gateway Timeout,8,1,3,112720.67,1
TXN-15594,CUST-2997,4889.05,Net Banking,Temporary Bank/Network Error,7,0,1,108447.41,1
TXN-15595,CUST-1215,3279.91,Net Banking,Authentication Failed,9,0,1,97331.3,0
TXN-15596,CUST-1410,3156.18,UPI,Payment Gateway Timeout,10,1,2,84914.97,1
TXN-15597,CUST-3247,7634.94,Debit Card,Temporary Bank/Network Error,9,0,3,37747.32,0
TXN-15598,CUST-3007,13611.97,Credit Card,Insufficient Funds,10,1,2,164842.38,1
TXN-15599,CUST-1273,4833.97,UPI,Authentication Failed,9,0,0,68244.93,0
TXN-15600,CUST-1567,10589.31,Net Banking,Card Expired,9,1,0,57601.26,1
TXN-15601,CUST-1200,6126.04,UPI,Insufficient Funds,7,1,4,54818.17,0
TXN-15602,CUST-3279,13905.59,UPI,Card Expired,10,0,0,138684.9,0
TXN-15603,CUST-1012,4401.62,UPI,Payment Gateway Timeout,12,0,1,87472.42,1
TXN-15604,CUST-2766,2294.46,Debit Card,Card Expired,7,1,0,93584.38,0
TXN-15605,CUST-1169,5936.94,Debit Card,Temporary Bank/Network Error,6,1,2,85994.19,1
TXN-15606,CUST-2741,2931.81,Net Banking,Temporary Bank/Network Error,12,1,0,137140.97,1
TXN-15607,CUST-1041,14820.3,UPI,Payment Gateway Timeout,5,1,3,40432.87,0
TXN-15608,CUST-1557,4019.66,UPI,Authentication Failed,7,0,1,206227.13,0
TXN-15609,CUST-2930,4520.3,Wallet,Temporary Bank/Network Error,11,1,1,59797.12,1
TXN-15610,CUST-2522,7452.53,Credit Card,Temporary Bank/Network Error,6,0,1,186766.68,1
TXN-15611,CUST-1536,7115.33,UPI,Authentication Failed,6,1,5,63627.28,0
TXN-15612,CUST-3243,7595.59,Net Banking,Insufficient Funds,3,1,2,174369.39,0
TXN-15613,CUST-3391,5261.72,Debit Card,Insufficient Funds,11,1,1,60691.21,1
TXN-15614,CUST-1252,12882.45,UPI,Insufficient Funds,8,1,3,158994.67,0
TXN-15615,CUST-2511,7147.89,Wallet,Authentication Failed,7,1,2,114216.95,0
TXN-15616,CUST-1136,6278.19,Credit Card,Temporary Bank/Network Error,15,0,0,88968.6,1
TXN-15617,CUST-1271,7447.65,Net Banking,Temporary Bank/Network Error,6,0,3,130051.61,0
TXN-15618,CUST-3465,4806.58,Net Banking,Insufficient Funds,7,1,1,89275.84,0
TXN-15619,CUST-3051,1668.16,Debit Card,Temporary Bank/Network Error,6,1,4,77039.41,1
TXN-15620,CUST-1176,9054.8,Credit Card,Payment Gateway Timeout,6,1,2,87120.42,1
TXN-15621,CUST-2461,8663.95,UPI,Insufficient Funds,9,1,1,104689.87,1
TXN-15622,CUST-3498,4451.76,Net Banking,Temporary Bank/Network Error,3,0,0,64499.39,0
TXN-15623,CUST-3426,6910.14,Credit Card,Authentication Failed,6,1,1,59036.03,0
TXN-15624,CUST-2814,12972.72,UPI,Insufficient Funds,7,0,1,41954.08,0
TXN-15625,CUST-1699,8055.16,Net Banking,Insufficient Funds,7,1,2,54617.38,0
TXN-15626,CUST-3186,7670.54,Credit Card,Insufficient Funds,7,0,2,22205.48,0
TXN-15627,CUST-1345,16191.51,UPI,Temporary Bank/Network Error,6,0,3,95354.42,0
TXN-15628,CUST-2544,4884.24,UPI,Authentication Failed,7,1,2,123938.24,0
TXN-15629,CUST-2309,3963.29,Debit Card,Payment Gateway Timeout,13,0,1,24989.64,1
TXN-15630,CUST-2172,10676.51,UPI,Insufficient Funds,8,1,1,104155.68,1
TXN-15631,CUST-3323,8582.71,Net Banking,Authentication Failed,9,1,1,173526.89,1
TXN-15632,CUST-1903,5853.22,UPI,Temporary Bank/Network Error,10,0,2,76541.43,1
TXN-15633,CUST-3179,5693.73,Credit Card,Authentication Failed,3,1,1,53741.04,0
TXN-15634,CUST-3455,5130.31,UPI,Card Expired,7,0,2,84946.1,0
TXN-15635,CUST-2317,10351.19,Debit Card,Insufficient Funds,8,0,2,34026.64,0
TXN-15636,CUST-2414,7697.31,Credit Card,Card Expired,9,0,1,32651.98,0
TXN-15637,CUST-3319,7389.57,Wallet,Payment Gateway Timeout,6,1,1,142617.97,1
TXN-15638,CUST-3454,9851.75,UPI,Payment Gateway Timeout,7,0,2,83856.65,0
TXN-15639,CUST-2112,1702.91,Credit Card,Insufficient Funds,6,0,4,67684.12,0
TXN-15640,CUST-2209,7427.16,Debit Card,Insufficient Funds,9,0,3,105533.72,0
TXN-15641,CUST-3306,3019.96,Debit Card,Temporary Bank/Network Error,11,1,4,41300.01,1
TXN-15642,CUST-3226,7934.98,Wallet,Temporary Bank/Network Error,7,1,2,186587.62,1
TXN-15643,CUST-1039,8734.93,Wallet,Payment Gateway Timeout,6,1,2,153247.37,1
TXN-15644,CUST-1737,11926.91,Net Banking,Insufficient Funds,5,0,1,116185.89,0
TXN-15645,CUST-2523,8969.3,Debit Card,Authentication Failed,8,0,0,58605.46,0
TXN-15646,CUST-3199,5653.32,UPI,Temporary Bank/Network Error,11,0,2,71212.49,1
TXN-15647,CUST-1233,4792.01,Credit Card,Temporary Bank/Network Error,10,0,0,154179.09,1
TXN-15648,CUST-1606,6888.17,UPI,Payment Gateway Timeout,10,1,2,52878.99,1
TXN-15649,CUST-1487,10714.6,UPI,Temporary Bank/Network Error,5,1,3,151994.05,1
TXN-15650,CUST-1846,7734.17,UPI,Insufficient Funds,7,1,2,124418.96,0
TXN-15651,CUST-1686,3296.85,Credit Card,Insufficient Funds,10,1,3,45417.01,0
TXN-15652,CUST-1436,9267.07,Net Banking,Temporary Bank/Network Error,7,0,1,94745.48,1
TXN-15653,CUST-2560,9769.92,Debit Card,Temporary Bank/Network Error,10,0,4,152368.34,0
TXN-15654,CUST-1787,7793.0,Wallet,Insufficient Funds,7,1,1,68249.11,0
TXN-15655,CUST-3234,24210.94,Credit Card,Payment Gateway Timeout,8,1,2,110061.26,1
TXN-15656,CUST-2795,6391.19,Net Banking,Temporary Bank/Network Error,10,1,2,86070.02,1
TXN-15657,CUST-2605,9331.2,Wallet,Insufficient Funds,5,1,1,64349.61,0
TXN-15658,CUST-2440,3491.02,Wallet,Insufficient Funds,9,0,2,101341.17,0
TXN-15659,CUST-3033,5052.4,Debit Card,Temporary Bank/Network Error,9,0,1,61963.23,1
TXN-15660,CUST-2700,8566.15,UPI,Authentication Failed,9,1,2,218721.08,1
TXN-15661,CUST-3131,13449.67,Net Banking,Temporary Bank/Network Error,7,1,1,96538.47,1
TXN-15662,CUST-1440,7412.61,Credit Card,Insufficient Funds,8,0,1,71172.52,0
TXN-15663,CUST-2473,7466.02,Credit Card,Temporary Bank/Network Error,9,1,2,64483.38,1
TXN-15664,CUST-2678,10329.45,Net Banking,Temporary Bank/Network Error,9,1,3,77514.0,1
TXN-15665,CUST-1169,4521.85,UPI,Card Expired,13,1,1,108850.18,1
TXN-15666,CUST-2611,3564.44,Credit Card,Card Expired,12,0,6,42086.12,0
TXN-15667,CUST-1595,10113.48,UPI,Temporary Bank/Network Error,11,0,0,54616.98,1
TXN-15668,CUST-2178,6621.82,Net Banking,Authentication Failed,12,1,1,46215.44,1
TXN-15669,CUST-1455,5247.9,Net Banking,Temporary Bank/Network Error,4,1,0,51869.9,1
TXN-15670,CUST-2358,9474.87,Wallet,Authentication Failed,7,1,1,169099.67,0
TXN-15671,CUST-2167,4978.63,Net Banking,Temporary Bank/Network Error,10,1,3,116384.37,1
TXN-15672,CUST-2734,6698.15,Debit Card,Temporary Bank/Network Error,7,0,0,84566.87,1
TXN-15673,CUST-3027,9535.77,Credit Card,Payment Gateway Timeout,10,0,0,191380.77,1
TXN-15674,CUST-2640,5378.19,UPI,Authentication Failed,11,1,0,67016.03,1
TXN-15675,CUST-2156,5877.84,Debit Card,Authentication Failed,7,1,0,100200.67,1
TXN-15676,CUST-2811,9693.88,Net Banking,Payment Gateway Timeout,8,1,0,178481.09,1
TXN-15677,CUST-2855,8282.95,UPI,Temporary Bank/Network Error,10,0,4,47283.81,0
TXN-15678,CUST-1671,8786.97,Net Banking,Temporary Bank/Network Error,8,0,0,63498.28,1
TXN-15679,CUST-2782,6998.29,UPI,Payment Gateway Timeout,8,0,5,96944.7,0
TXN-15680,CUST-1295,5682.22,Debit Card,Insufficient Funds,9,1,1,83498.45,1
TXN-15681,CUST-2200,6251.53,UPI,Authentication Failed,10,1,0,60709.77,1
TXN-15682,CUST-1084,3085.56,UPI,Payment Gateway Timeout,12,0,1,82977.58,1
TXN-15683,CUST-1839,17954.35,UPI,Insufficient Funds,8,0,0,27217.91,0
TXN-15684,CUST-2588,4183.26,UPI,Temporary Bank/Network Error,5,0,0,57867.9,1
TXN-15685,CUST-2061,5001.87,Debit Card,Payment Gateway Timeout,7,0,1,62206.6,0
TXN-15686,CUST-2645,5959.64,Credit Card,Payment Gateway Timeout,3,0,3,73160.04,0
TXN-15687,CUST-1134,2518.61,Net Banking,Temporary Bank/Network Error,7,1,2,89860.67,1
TXN-15688,CUST-2186,8850.42,Credit Card,Card Expired,10,0,1,105605.86,0
TXN-15689,CUST-2158,14256.21,UPI,Payment Gateway Timeout,11,0,3,115438.2,1
TXN-15690,CUST-3202,7617.37,UPI,Insufficient Funds,15,0,1,44393.76,1
TXN-15691,CUST-1499,6827.8,Debit Card,Authentication Failed,13,1,0,178704.38,1
TXN-15692,CUST-2575,10973.09,UPI,Payment Gateway Timeout,10,1,1,81487.57,1
TXN-15693,CUST-2069,5262.23,Credit Card,Temporary Bank/Network Error,4,0,0,136926.76,1
TXN-15694,CUST-3246,3185.32,UPI,Insufficient Funds,5,0,0,40057.8,0
TXN-15695,CUST-3369,3640.74,Credit Card,Authentication Failed,7,0,3,91635.47,0
TXN-15696,CUST-1987,9836.27,UPI,Insufficient Funds,9,0,3,42274.69,0
TXN-15697,CUST-1229,10071.63,UPI,Temporary Bank/Network Error,12,1,1,170532.69,1
TXN-15698,CUST-2228,13026.1,Credit Card,Insufficient Funds,8,1,0,33371.44,1
TXN-15699,CUST-1677,17930.16,Credit Card,Temporary Bank/Network Error,3,0,2,57189.88,0
TXN-15700,CUST-3367,9398.03,Debit Card,Temporary Bank/Network Error,6,0,3,49850.98,0
TXN-15701,CUST-2767,8894.45,Credit Card,Temporary Bank/Network Error,5,0,1,115160.43,0
TXN-15702,CUST-3478,9788.49,Wallet,Insufficient Funds,7,1,3,64463.77,0
TXN-15703,CUST-3468,9578.9,UPI,Temporary Bank/Network Error,7,0,2,109974.83,1
TXN-15704,CUST-1980,22144.29,Credit Card,Insufficient Funds,9,0,2,41895.68,0
TXN-15705,CUST-2034,3301.83,UPI,Temporary Bank/Network Error,9,1,3,61871.88,0
TXN-15706,CUST-2831,2926.49,Credit Card,Insufficient Funds,8,1,0,60876.8,1
TXN-15707,CUST-3462,5407.13,UPI,Authentication Failed,9,1,4,43463.37,0
TXN-15708,CUST-1922,15607.3,UPI,Temporary Bank/Network Error,7,0,1,38253.38,1
TXN-15709,CUST-2490,5772.38,Credit Card,Card Expired,10,0,2,59055.97,0
TXN-15710,CUST-2305,4513.98,Debit Card,Temporary Bank/Network Error,14,1,1,55398.43,1
TXN-15711,CUST-2142,24666.23,UPI,Payment Gateway Timeout,5,1,1,184764.68,1
TXN-15712,CUST-2420,6728.38,Credit Card,Payment Gateway Timeout,7,0,1,41949.44,0
TXN-15713,CUST-1861,9691.94,Net Banking,Authentication Failed,15,1,2,83801.08,1
TXN-15714,CUST-1655,5145.24,Net Banking,Payment Gateway Timeout,8,1,2,45153.1,1
TXN-15715,CUST-2554,7328.94,Debit Card,Authentication Failed,10,0,1,89449.46,0
TXN-15716,CUST-1125,10029.36,Credit Card,Insufficient Funds,3,1,2,93455.71,0
TXN-15717,CUST-2425,13037.29,UPI,Authentication Failed,7,0,0,91343.16,0
TXN-15718,CUST-1572,12635.46,Credit Card,Insufficient Funds,5,0,3,63375.55,0
TXN-15719,CUST-2360,5857.57,Credit Card,Insufficient Funds,10,0,4,80381.18,0
TXN-15720,CUST-1187,7768.02,UPI,Authentication Failed,8,1,1,192158.98,1
TXN-15721,CUST-1752,11212.72,Credit Card,Temporary Bank/Network Error,10,1,3,67614.57,1
TXN-15722,CUST-2178,12044.01,Credit Card,Temporary Bank/Network Error,4,1,4,38964.28,0
TXN-15723,CUST-1917,5476.87,UPI,Insufficient Funds,7,1,3,57433.32,0
TXN-15724,CUST-2087,7269.43,Credit Card,Authentication Failed,9,1,1,148720.53,1
TXN-15725,CUST-1660,10711.29,Debit Card,Authentication Failed,7,0,2,23651.12,0
TXN-15726,CUST-3066,9912.35,Debit Card,Card Expired,12,0,0,42378.78,0
TXN-15727,CUST-3006,8558.72,UPI,Payment Gateway Timeout,7,1,2,274544.76,1
TXN-15728,CUST-1201,5333.39,UPI,Insufficient Funds,10,0,2,58096.54,0
TXN-15729,CUST-1748,11149.16,Debit Card,Insufficient Funds,4,1,1,46475.33,0
TXN-15730,CUST-2009,8526.87,Debit Card,Card Expired,7,0,1,32642.42,0
TXN-15731,CUST-1959,7848.38,UPI,Insufficient Funds,9,1,1,45266.92,1
TXN-15732,CUST-3016,5113.49,Credit Card,Payment Gateway Timeout,9,1,0,26958.02,1
TXN-15733,CUST-1893,3531.58,Wallet,Card Expired,7,0,1,64788.15,0
TXN-15734,CUST-2480,3716.01,Net Banking,Authentication Failed,10,1,3,73292.26,0
TXN-15735,CUST-2848,6180.16,Credit Card,Payment Gateway Timeout,6,0,2,56380.54,0
TXN-15736,CUST-2440,10721.54,Debit Card,Insufficient Funds,17,0,3,70709.92,0
TXN-15737,CUST-2077,3027.8,Debit Card,Card Expired,5,0,3,107465.54,0
TXN-15738,CUST-2223,5390.08,Debit Card,Temporary Bank/Network Error,7,1,2,49441.48,1
TXN-15739,CUST-2256,5765.43,Credit Card,Insufficient Funds,7,0,2,43231.68,0
TXN-15740,CUST-1936,7353.17,Net Banking,Temporary Bank/Network Error,4,0,1,141627.59,0
TXN-15741,CUST-1834,16594.69,Credit Card,Authentication Failed,5,1,1,50365.94,0
TXN-15742,CUST-3374,3700.62,UPI,Payment Gateway Timeout,11,1,1,69830.38,1
TXN-15743,CUST-1551,4467.41,UPI,Authentication Failed,5,0,3,96293.21,0
TXN-15744,CUST-3420,4196.72,Net Banking,Temporary Bank/Network Error,14,1,0,65788.78,1
TXN-15745,CUST-2107,7204.41,UPI,Payment Gateway Timeout,5,0,2,46475.71,0
TXN-15746,CUST-2694,4797.82,Credit Card,Insufficient Funds,15,1,1,115365.55,1
TXN-15747,CUST-1052,3800.38,Credit Card,Card Expired,5,0,2,55108.96,0
TXN-15748,CUST-3073,11092.52,Debit Card,Authentication Failed,6,1,2,119395.86,0
TXN-15749,CUST-1200,4116.8,Net Banking,Authentication Failed,6,1,2,89745.0,0
TXN-15750,CUST-2032,5379.4,Net Banking,Insufficient Funds,11,0,1,155137.56,0
TXN-15751,CUST-3144,5337.65,Net Banking,Temporary Bank/Network Error,9,1,1,109608.4,1
TXN-15752,CUST-2424,5025.77,Net Banking,Insufficient Funds,15,0,2,148265.47,1
TXN-15753,CUST-3049,12759.28,Debit Card,Insufficient Funds,12,0,0,110332.15,0
TXN-15754,CUST-1481,1815.51,UPI,Authentication Failed,9,1,3,57498.5,0
TXN-15755,CUST-1109,12800.88,Credit Card,Insufficient Funds,9,1,2,42664.44,0
TXN-15756,CUST-2408,3898.43,Credit Card,Authentication Failed,8,1,0,52812.64,1
TXN-15757,CUST-3057,2369.73,Debit Card,Payment Gateway Timeout,9,1,0,18964.87,1
TXN-15758,CUST-2736,4438.71,UPI,Insufficient Funds,10,0,4,74762.21,0
TXN-15759,CUST-2555,11680.57,Credit Card,Temporary Bank/Network Error,9,0,1,110570.95,1
TXN-15760,CUST-2787,5313.4,Debit Card,Temporary Bank/Network Error,5,0,1,42872.12,0
TXN-15761,CUST-1482,10741.32,Credit Card,Payment Gateway Timeout,16,0,4,51078.8,1
TXN-15762,CUST-1641,11128.78,UPI,Insufficient Funds,5,0,2,112286.14,0
TXN-15763,CUST-1460,4948.01,UPI,Temporary Bank/Network Error,10,1,1,92276.35,1
TXN-15764,CUST-1275,8945.15,UPI,Payment Gateway Timeout,9,0,1,54742.06,1
TXN-15765,CUST-3321,6038.34,Debit Card,Payment Gateway Timeout,6,1,2,88136.74,1
TXN-15766,CUST-1261,5145.64,Credit Card,Payment Gateway Timeout,8,1,1,102015.59,1
TXN-15767,CUST-2994,6366.17,UPI,Payment Gateway Timeout,7,0,0,33556.51,1
TXN-15768,CUST-2946,7540.71,UPI,Payment Gateway Timeout,7,0,1,53150.33,1
TXN-15769,CUST-2959,6209.01,UPI,Temporary Bank/Network Error,7,0,1,67498.29,1
TXN-15770,CUST-2337,4293.45,UPI,Payment Gateway Timeout,12,1,2,87501.12,1
TXN-15771,CUST-1525,6017.0,UPI,Temporary Bank/Network Error,8,0,0,48584.25,1
TXN-15772,CUST-1425,6201.84,Wallet,Card Expired,10,0,2,48016.62,0
TXN-15773,CUST-3088,3848.09,UPI,Insufficient Funds,5,0,1,124399.9,0
TXN-15774,CUST-1933,10924.89,Debit Card,Payment Gateway Timeout,10,1,2,87559.69,1
TXN-15775,CUST-2419,7259.31,Debit Card,Temporary Bank/Network Error,12,1,0,59658.63,1
TXN-15776,CUST-2549,8040.67,UPI,Payment Gateway Timeout,5,0,1,99562.2,0
TXN-15777,CUST-2883,8434.37,Credit Card,Payment Gateway Timeout,12,1,2,74973.97,1
TXN-15778,CUST-1280,8744.8,UPI,Payment Gateway Timeout,8,1,1,104947.41,1
TXN-15779,CUST-2479,10904.41,Credit Card,Insufficient Funds,10,1,1,37954.84,1
TXN-15780,CUST-2886,4960.92,Credit Card,Temporary Bank/Network Error,5,1,1,56164.9,1
TXN-15781,CUST-1953,6895.28,Net Banking,Insufficient Funds,6,0,1,153873.49,0
TXN-15782,CUST-2929,6585.1,Wallet,Authentication Failed,5,0,3,56580.13,0
TXN-15783,CUST-1266,11858.43,Credit Card,Payment Gateway Timeout,12,0,2,48819.57,1
TXN-15784,CUST-3310,7454.47,UPI,Insufficient Funds,9,1,0,130934.9,1
TXN-15785,CUST-2781,11103.04,UPI,Insufficient Funds,10,1,0,85692.4,1
TXN-15786,CUST-1107,12857.26,Net Banking,Card Expired,11,0,1,89103.18,0
TXN-15787,CUST-3361,3075.09,Debit Card,Temporary Bank/Network Error,6,1,0,64334.16,1
TXN-15788,CUST-2448,7433.16,Debit Card,Authentication Failed,4,1,2,148121.0,0
TXN-15789,CUST-2741,2789.93,Credit Card,Card Expired,3,1,1,62170.64,0
TXN-15790,CUST-1141,8615.91,UPI,Insufficient Funds,3,1,4,91107.91,0
TXN-15791,CUST-2560,14534.14,UPI,Payment Gateway Timeout,11,1,3,77773.37,1
TXN-15792,CUST-1327,5489.68,Wallet,Temporary Bank/Network Error,11,1,1,113234.36,1
TXN-15793,CUST-1352,5573.22,UPI,Insufficient Funds,4,1,2,10100.37,0
TXN-15794,CUST-2678,8289.93,UPI,Authentication Failed,5,0,2,35764.53,0
TXN-15795,CUST-1222,9029.19,Credit Card,Payment Gateway Timeout,6,0,3,161645.9,0
TXN-15796,CUST-1667,14204.66,Credit Card,Payment Gateway Timeout,7,0,1,64291.31,0
TXN-15797,CUST-2540,7696.19,UPI,Temporary Bank/Network Error,9,1,1,66964.47,1
TXN-15798,CUST-2289,9744.11,UPI,Card Expired,10,0,2,131453.59,0
TXN-15799,CUST-3155,6333.18,Net Banking,Temporary Bank/Network Error,6,0,1,121979.73,0
TXN-15800,CUST-1122,6491.01,Credit Card,Insufficient Funds,7,0,1,149030.32,0
TXN-15801,CUST-1168,8805.98,Net Banking,Authentication Failed,10,0,1,79607.51,0
TXN-15802,CUST-3381,8391.1,Net Banking,Insufficient Funds,8,1,1,88286.73,0
TXN-15803,CUST-1806,9861.08,Net Banking,Card Expired,12,1,2,135459.96,1
TXN-15804,CUST-2964,6429.43,Wallet,Insufficient Funds,12,1,1,92956.99,1
TXN-15805,CUST-1962,19280.59,Debit Card,Insufficient Funds,8,0,3,54922.1,0
TXN-15806,CUST-1997,6490.29,UPI,Insufficient Funds,5,1,1,107118.94,0
TXN-15807,CUST-2420,3086.21,Credit Card,Temporary Bank/Network Error,3,1,0,123404.6,1
TXN-15808,CUST-1463,10699.62,Credit Card,Temporary Bank/Network Error,12,1,5,183045.98,1
TXN-15809,CUST-1814,10029.13,Credit Card,Temporary Bank/Network Error,9,0,1,60772.7,1
TXN-15810,CUST-1146,14876.57,UPI,Temporary Bank/Network Error,9,0,1,57206.57,1
TXN-15811,CUST-1621,8519.52,UPI,Temporary Bank/Network Error,10,1,0,145666.27,1
TXN-15812,CUST-1656,2700.44,UPI,Card Expired,9,1,1,41426.01,1
TXN-15813,CUST-3146,6616.54,UPI,Card Expired,8,1,5,37798.15,0
TXN-15814,CUST-2403,10628.46,UPI,Payment Gateway Timeout,9,0,2,88244.82,1
TXN-15815,CUST-1672,9298.7,UPI,Authentication Failed,6,0,2,77402.9,0
TXN-15816,CUST-1183,5961.33,Debit Card,Insufficient Funds,7,0,0,128635.36,0
TXN-15817,CUST-2588,11293.46,Wallet,Temporary Bank/Network Error,8,1,2,91593.23,1
TXN-15818,CUST-3171,8073.18,Credit Card,Payment Gateway Timeout,4,0,1,59202.75,0
TXN-15819,CUST-3469,2058.5,Net Banking,Card Expired,8,1,1,74780.63,0
TXN-15820,CUST-3225,11112.46,Wallet,Temporary Bank/Network Error,6,1,2,117279.69,1
TXN-15821,CUST-1879,8543.46,Credit Card,Insufficient Funds,9,1,3,115803.24,0
TXN-15822,CUST-3492,3602.57,UPI,Temporary Bank/Network Error,7,1,1,60441.35,1
TXN-15823,CUST-2117,6097.31,UPI,Temporary Bank/Network Error,9,1,0,102445.92,1
TXN-15824,CUST-1272,7532.34,UPI,Temporary Bank/Network Error,7,1,2,134814.78,1
TXN-15825,CUST-2407,10852.25,Net Banking,Card Expired,6,0,0,52711.72,0
TXN-15826,CUST-3198,6163.78,UPI,Temporary Bank/Network Error,7,0,4,109101.93,0
TXN-15827,CUST-1711,1561.17,UPI,Card Expired,7,0,2,44225.59,0
TXN-15828,CUST-1511,9760.06,Net Banking,Payment Gateway Timeout,11,0,2,79151.16,1
TXN-15829,CUST-2708,5931.01,Debit Card,Temporary Bank/Network Error,10,1,2,43425.5,1
TXN-15830,CUST-1894,6450.72,Wallet,Card Expired,8,1,1,71338.85,0
TXN-15831,CUST-2281,11784.95,UPI,Insufficient Funds,8,1,2,67751.82,0
TXN-15832,CUST-3106,19616.94,Debit Card,Insufficient Funds,8,1,0,43308.23,0
TXN-15833,CUST-2173,11399.14,Credit Card,Temporary Bank/Network Error,10,0,1,64152.57,1
TXN-15834,CUST-3294,6922.18,Debit Card,Temporary Bank/Network Error,9,0,0,255950.52,1
TXN-15835,CUST-2291,18085.17,Debit Card,Insufficient Funds,11,0,0,166333.36,0
TXN-15836,CUST-1523,5184.44,Debit Card,Temporary Bank/Network Error,15,1,1,45330.46,1
TXN-15837,CUST-1450,8200.5,UPI,Insufficient Funds,11,1,2,42654.43,1
TXN-15838,CUST-3493,2959.9,Debit Card,Authentication Failed,6,0,3,47257.94,0
TXN-15839,CUST-3178,5044.94,UPI,Temporary Bank/Network Error,4,0,2,53176.53,0
TXN-15840,CUST-3160,8095.26,UPI,Authentication Failed,11,1,1,54823.16,1
TXN-15841,CUST-3372,6876.5,Wallet,Payment Gateway Timeout,12,0,3,52313.67,1
TXN-15842,CUST-3097,7271.72,Credit Card,Payment Gateway Timeout,5,0,2,71367.82,0
TXN-15843,CUST-2194,5936.93,Debit Card,Payment Gateway Timeout,6,1,1,13055.29,1
TXN-15844,CUST-1934,6869.83,Wallet,Payment Gateway Timeout,10,1,2,145325.72,1
TXN-15845,CUST-1076,7850.58,UPI,Card Expired,9,0,2,67655.4,0
TXN-15846,CUST-1865,12436.32,Wallet,Payment Gateway Timeout,6,0,2,75678.62,0
TXN-15847,CUST-3081,9532.2,UPI,Temporary Bank/Network Error,12,0,1,204716.61,1
TXN-15848,CUST-1531,5721.53,Wallet,Authentication Failed,10,1,1,58885.66,1
TXN-15849,CUST-2337,4539.01,Credit Card,Temporary Bank/Network Error,8,0,1,63263.79,1
TXN-15850,CUST-3418,10278.61,UPI,Temporary Bank/Network Error,10,1,1,63403.71,1
TXN-15851,CUST-2824,5529.73,UPI,Temporary Bank/Network Error,11,1,0,61303.47,1
TXN-15852,CUST-2684,16238.44,UPI,Authentication Failed,8,0,1,70472.08,0
TXN-15853,CUST-3385,7249.69,Debit Card,Authentication Failed,4,1,3,167396.83,0
TXN-15854,CUST-3374,9507.26,Debit Card,Payment Gateway Timeout,9,0,3,51050.96,0
TXN-15855,CUST-1049,5703.99,Net Banking,Temporary Bank/Network Error,9,1,0,30942.26,1
TXN-15856,CUST-2815,6038.52,UPI,Insufficient Funds,10,1,1,42979.81,1
TXN-15857,CUST-2569,5942.8,Credit Card,Temporary Bank/Network Error,11,0,2,53789.52,1
TXN-15858,CUST-2035,6956.89,UPI,Payment Gateway Timeout,7,1,1,35042.61,1
TXN-15859,CUST-1773,5168.08,Debit Card,Insufficient Funds,6,1,3,89189.08,0
TXN-15860,CUST-3137,3547.92,UPI,Insufficient Funds,11,0,1,68536.44,0
TXN-15861,CUST-3061,10567.78,Credit Card,Insufficient Funds,8,0,3,59360.15,0
TXN-15862,CUST-3436,8831.08,Net Banking,Card Expired,8,0,0,74810.03,0
TXN-15863,CUST-2563,8149.58,Credit Card,Card Expired,10,0,0,43361.99,0
TXN-15864,CUST-2923,14276.22,Credit Card,Authentication Failed,6,1,1,73642.76,0
TXN-15865,CUST-1046,13698.61,Net Banking,Payment Gateway Timeout,7,0,2,72128.36,0
TXN-15866,CUST-3378,9404.74,Net Banking,Temporary Bank/Network Error,6,0,1,33857.48,0
TXN-15867,CUST-1361,7170.08,Debit Card,Temporary Bank/Network Error,6,1,4,55674.37,1
TXN-15868,CUST-1853,2685.8,UPI,Temporary Bank/Network Error,7,0,1,34296.99,1
TXN-15869,CUST-1946,8054.65,Debit Card,Payment Gateway Timeout,8,1,0,76614.26,1
TXN-15870,CUST-1144,2953.75,UPI,Card Expired,13,1,0,43336.81,1
TXN-15871,CUST-1464,5183.85,Debit Card,Card Expired,8,0,1,92639.32,0
TXN-15872,CUST-2429,4460.81,UPI,Payment Gateway Timeout,9,0,1,27087.93,1
TXN-15873,CUST-1395,2687.19,Credit Card,Insufficient Funds,15,0,6,38453.44,0
TXN-15874,CUST-2514,7226.32,UPI,Payment Gateway Timeout,8,1,4,145447.7,1
TXN-15875,CUST-3303,4998.73,Wallet,Payment Gateway Timeout,13,0,2,79893.67,1
TXN-15876,CUST-1287,6270.07,Net Banking,Payment Gateway Timeout,6,1,1,52388.02,1
TXN-15877,CUST-1637,5682.46,Debit Card,Authentication Failed,3,1,2,62163.88,0
TXN-15878,CUST-2288,3755.39,Credit Card,Insufficient Funds,2,0,1,74071.29,0
TXN-15879,CUST-2657,3084.04,UPI,Temporary Bank/Network Error,10,1,2,141937.3,1
TXN-15880,CUST-2041,4260.83,Credit Card,Payment Gateway Timeout,13,0,0,46893.57,1
TXN-15881,CUST-1133,5632.54,Credit Card,Temporary Bank/Network Error,5,0,2,31752.58,0
TXN-15882,CUST-2723,10513.33,Credit Card,Temporary Bank/Network Error,10,1,3,63118.11,1
TXN-15883,CUST-2172,5514.69,UPI,Payment Gateway Timeout,7,1,3,112653.6,1
TXN-15884,CUST-2837,6534.86,UPI,Authentication Failed,10,0,2,99264.01,0
TXN-15885,CUST-3403,6677.43,UPI,Authentication Failed,4,0,1,52243.68,0
TXN-15886,CUST-2428,8071.63,UPI,Authentication Failed,12,0,4,74892.93,0
TXN-15887,CUST-2191,3523.29,Debit Card,Authentication Failed,7,1,1,54027.21,0
TXN-15888,CUST-1018,13102.09,Net Banking,Temporary Bank/Network Error,1,1,2,45031.05,0
TXN-15889,CUST-2860,6127.82,Debit Card,Temporary Bank/Network Error,4,0,1,73998.81,0
TXN-15890,CUST-1709,10361.98,UPI,Card Expired,8,0,1,100798.19,0
TXN-15891,CUST-1640,19814.38,UPI,Insufficient Funds,6,0,0,65825.35,0
TXN-15892,CUST-3298,8579.33,Debit Card,Payment Gateway Timeout,10,0,2,47974.64,1
TXN-15893,CUST-2929,5688.81,Net Banking,Insufficient Funds,11,0,1,68716.21,0
TXN-15894,CUST-2813,7938.62,UPI,Payment Gateway Timeout,5,1,0,27131.51,1
TXN-15895,CUST-3245,4697.96,Debit Card,Temporary Bank/Network Error,9,0,1,94757.0,1
TXN-15896,CUST-2990,4768.44,Debit Card,Payment Gateway Timeout,4,0,0,63578.52,0
TXN-15897,CUST-2717,3304.18,Net Banking,Payment Gateway Timeout,5,1,1,37861.62,1
TXN-15898,CUST-2475,6674.29,Credit Card,Payment Gateway Timeout,5,0,1,109609.27,0
TXN-15899,CUST-1265,10781.89,Credit Card,Temporary Bank/Network Error,6,1,1,85228.63,1
TXN-15900,CUST-1253,4163.75,UPI,Card Expired,6,1,1,192711.08,0
TXN-15901,CUST-1198,15353.5,UPI,Card Expired,11,1,1,54803.99,1
TXN-15902,CUST-1586,4034.15,UPI,Insufficient Funds,5,1,4,113183.77,0
TXN-15903,CUST-2184,6519.92,Credit Card,Temporary Bank/Network Error,5,0,1,115980.02,0
TXN-15904,CUST-3114,4783.0,UPI,Temporary Bank/Network Error,6,1,3,245552.99,1
TXN-15905,CUST-2288,4083.23,Credit Card,Payment Gateway Timeout,6,0,1,89085.92,0
TXN-15906,CUST-2726,8801.42,Net Banking,Authentication Failed,11,1,3,101826.36,0
TXN-15907,CUST-3363,20154.36,Credit Card,Payment Gateway Timeout,12,1,2,58994.64,1
TXN-15908,CUST-3444,1848.22,UPI,Payment Gateway Timeout,7,1,1,91400.15,1
TXN-15909,CUST-3339,9459.87,Wallet,Payment Gateway Timeout,10,0,3,123643.79,0
TXN-15910,CUST-2921,14713.49,Debit Card,Temporary Bank/Network Error,6,0,1,76080.02,0
TXN-15911,CUST-1552,6137.78,Wallet,Card Expired,13,1,1,92518.55,1
TXN-15912,CUST-2130,2888.63,UPI,Temporary Bank/Network Error,10,0,0,50195.11,1
TXN-15913,CUST-3481,14574.13,UPI,Insufficient Funds,8,0,0,35413.2,0
TXN-15914,CUST-2816,4772.32,Debit Card,Temporary Bank/Network Error,4,0,3,112875.78,0
TXN-15915,CUST-1655,4073.24,UPI,Authentication Failed,10,0,4,58933.6,0
TXN-15916,CUST-3055,9976.31,UPI,Payment Gateway Timeout,12,1,2,54119.33,1
TXN-15917,CUST-2020,7716.77,UPI,Payment Gateway Timeout,5,0,4,101485.02,0
TXN-15918,CUST-1676,4502.01,Wallet,Temporary Bank/Network Error,12,1,3,86599.34,1
TXN-15919,CUST-2663,4655.14,Credit Card,Payment Gateway Timeout,9,1,0,41896.47,1
TXN-15920,CUST-3079,8230.02,Net Banking,Insufficient Funds,10,1,0,73437.21,1
TXN-15921,CUST-2183,7137.82,UPI,Card Expired,10,1,1,161347.15,1
TXN-15922,CUST-1581,7194.13,UPI,Temporary Bank/Network Error,0,1,3,95774.25,0
TXN-15923,CUST-3337,4717.99,UPI,Authentication Failed,4,1,1,34199.19,0
TXN-15924,CUST-2441,9618.56,UPI,Authentication Failed,15,0,1,38530.18,1
TXN-15925,CUST-2349,7593.67,Debit Card,Insufficient Funds,14,0,1,123497.34,1
TXN-15926,CUST-1745,3321.92,Debit Card,Temporary Bank/Network Error,6,1,5,118420.26,0
TXN-15927,CUST-1044,6772.6,Wallet,Card Expired,12,0,0,51516.11,0
TXN-15928,CUST-2910,7882.94,Credit Card,Card Expired,15,1,2,81657.01,1
TXN-15929,CUST-1517,6155.51,Net Banking,Authentication Failed,7,0,0,54049.08,0
TXN-15930,CUST-2933,6425.76,UPI,Insufficient Funds,5,1,2,97234.87,0
TXN-15931,CUST-1688,8742.31,Debit Card,Card Expired,10,1,1,94692.05,1
TXN-15932,CUST-1916,19638.5,Credit Card,Payment Gateway Timeout,7,0,1,55732.95,0
TXN-15933,CUST-1070,11695.99,Wallet,Card Expired,12,1,2,36085.58,1
TXN-15934,CUST-2800,3791.43,Credit Card,Authentication Failed,10,1,2,190345.38,1
TXN-15935,CUST-2887,6519.31,Net Banking,Temporary Bank/Network Error,8,1,1,70440.57,1
TXN-15936,CUST-3476,7923.85,Credit Card,Card Expired,12,0,1,140867.53,0
TXN-15937,CUST-2617,6964.41,Credit Card,Insufficient Funds,6,1,0,77157.18,0
TXN-15938,CUST-2015,14878.01,Debit Card,Insufficient Funds,8,0,2,109150.23,0
TXN-15939,CUST-1567,3214.35,UPI,Insufficient Funds,8,1,1,75018.39,1
TXN-15940,CUST-3011,4747.71,UPI,Temporary Bank/Network Error,7,0,3,46131.15,0
TXN-15941,CUST-1110,6270.54,Credit Card,Authentication Failed,9,0,1,51866.73,0
TXN-15942,CUST-2343,7939.62,Credit Card,Authentication Failed,13,1,1,139149.16,1
TXN-15943,CUST-3248,13133.47,Credit Card,Card Expired,8,1,0,41067.99,1
TXN-15944,CUST-1180,7872.1,Wallet,Card Expired,12,0,0,76233.55,0
TXN-15945,CUST-2249,12085.51,UPI,Insufficient Funds,7,1,2,98104.56,0
TXN-15946,CUST-1423,7937.32,Net Banking,Insufficient Funds,9,1,1,39537.91,0
TXN-15947,CUST-3305,7195.11,UPI,Authentication Failed,10,0,1,36636.76,0
TXN-15948,CUST-1697,6154.55,Debit Card,Temporary Bank/Network Error,10,1,1,89657.41,1
TXN-15949,CUST-1566,16538.05,Wallet,Payment Gateway Timeout,6,1,4,100630.04,0
TXN-15950,CUST-2188,13075.47,Debit Card,Insufficient Funds,3,0,0,64325.6,0
TXN-15951,CUST-2377,7256.56,Debit Card,Payment Gateway Timeout,7,0,2,116651.63,0
TXN-15952,CUST-2799,4489.91,UPI,Authentication Failed,5,1,1,104807.5,0
TXN-15953,CUST-3464,14482.94,UPI,Temporary Bank/Network Error,8,1,1,69272.46,1
TXN-15954,CUST-1225,8585.72,Credit Card,Authentication Failed,10,1,1,45143.95,1
TXN-15955,CUST-2571,8888.34,Debit Card,Temporary Bank/Network Error,4,0,0,41804.72,0
TXN-15956,CUST-1555,4247.96,Credit Card,Card Expired,6,1,3,76480.12,0
TXN-15957,CUST-1719,6555.42,UPI,Insufficient Funds,8,0,1,154299.75,0
TXN-15958,CUST-2889,7983.76,Net Banking,Authentication Failed,10,0,0,78410.49,0
TXN-15959,CUST-1152,12758.15,UPI,Payment Gateway Timeout,5,1,3,53936.07,0
TXN-15960,CUST-2070,7009.38,Debit Card,Authentication Failed,7,0,4,97246.91,0
TXN-15961,CUST-1300,2467.34,Credit Card,Temporary Bank/Network Error,5,1,0,58115.71,1
TXN-15962,CUST-1302,20015.63,UPI,Temporary Bank/Network Error,9,0,2,48464.74,1
TXN-15963,CUST-2896,5952.75,UPI,Insufficient Funds,9,1,2,144148.41,1
TXN-15964,CUST-2773,7090.13,UPI,Insufficient Funds,7,1,0,84531.73,1
TXN-15965,CUST-1935,26830.32,UPI,Insufficient Funds,5,1,1,67399.31,0
TXN-15966,CUST-1202,9681.61,Credit Card,Temporary Bank/Network Error,3,1,0,181533.66,1
TXN-15967,CUST-1227,4051.58,Net Banking,Card Expired,9,0,1,41894.24,0
TXN-15968,CUST-1175,5087.82,Credit Card,Authentication Failed,11,1,1,60037.14,1
TXN-15969,CUST-2651,13953.55,Credit Card,Authentication Failed,9,0,0,183546.02,0
TXN-15970,CUST-2136,4365.74,UPI,Authentication Failed,5,0,4,51628.26,0
TXN-15971,CUST-1452,8454.03,UPI,Insufficient Funds,6,0,1,78639.15,0
TXN-15972,CUST-1920,8274.35,Credit Card,Authentication Failed,11,0,2,116555.8,0
TXN-15973,CUST-2620,6547.98,Credit Card,Authentication Failed,5,1,1,64380.7,0
TXN-15974,CUST-3102,10600.9,Debit Card,Temporary Bank/Network Error,11,1,3,145128.49,1
TXN-15975,CUST-1615,20548.23,UPI,Insufficient Funds,13,0,3,63450.1,0
TXN-15976,CUST-1647,5863.42,Credit Card,Temporary Bank/Network Error,3,0,0,92775.4,0
TXN-15977,CUST-2772,3747.05,Debit Card,Temporary Bank/Network Error,4,1,1,35008.56,1
TXN-15978,CUST-1751,3442.65,UPI,Authentication Failed,8,1,2,65337.21,0
TXN-15979,CUST-3438,9666.57,Debit Card,Card Expired,14,0,0,64600.46,1
TXN-15980,CUST-2189,8789.05,Credit Card,Temporary Bank/Network Error,3,0,2,35914.53,0
TXN-15981,CUST-1957,9398.27,Net Banking,Insufficient Funds,14,1,1,38255.16,1
TXN-15982,CUST-2117,14623.0,Debit Card,Insufficient Funds,8,0,2,58001.03,0
TXN-15983,CUST-2145,6714.51,UPI,Payment Gateway Timeout,13,1,1,73715.75,1
TXN-15984,CUST-3171,8591.31,Net Banking,Temporary Bank/Network Error,9,1,0,77051.25,1
TXN-15985,CUST-3449,8634.1,Credit Card,Insufficient Funds,8,0,1,121685.59,0
TXN-15986,CUST-1442,7826.94,Debit Card,Temporary Bank/Network Error,6,1,1,52938.09,1
TXN-15987,CUST-1967,11128.65,Wallet,Insufficient Funds,7,0,1,34937.29,0
TXN-15988,CUST-2913,7753.21,UPI,Insufficient Funds,8,1,0,26725.98,1
TXN-15989,CUST-1326,7384.81,Debit Card,Insufficient Funds,13,0,2,88790.18,0
TXN-15990,CUST-1538,4727.54,Debit Card,Insufficient Funds,3,1,0,33078.57,0
TXN-15991,CUST-1282,11605.82,Debit Card,Insufficient Funds,11,1,0,45065.56,1
TXN-15992,CUST-3036,5798.78,UPI,Authentication Failed,7,1,3,125184.85,0
TXN-15993,CUST-3076,9635.56,Credit Card,Temporary Bank/Network Error,7,0,1,84441.89,1
TXN-15994,CUST-2774,4089.52,UPI,Insufficient Funds,5,0,0,66076.77,0
TXN-15995,CUST-2165,7701.53,Debit Card,Card Expired,15,0,1,117013.48,1
TXN-15996,CUST-1826,9611.6,Debit Card,Authentication Failed,11,0,1,46304.66,0
TXN-15997,CUST-2209,12442.69,UPI,Insufficient Funds,15,0,2,74000.8,1
TXN-15998,CUST-1490,17306.88,Debit Card,Temporary Bank/Network Error,7,1,0,81884.54,1
TXN-15999,CUST-1143,4190.12,Net Banking,Insufficient Funds,8,0,2,58827.03,0
TXN-16000,CUST-1365,11762.51,Credit Card,Insufficient Funds,6,1,2,82678.88,0
TXN-16001,CUST-3111,6719.61,UPI,Temporary Bank/Network Error,11,0,1,96072.82,1
TXN-16002,CUST-2448,4684.11,UPI,Temporary Bank/Network Error,11,1,0,108669.92,1
TXN-16003,CUST-2569,10074.73,Credit Card,Temporary Bank/Network Error,7,0,4,110519.09,0
TXN-16004,CUST-1200,5378.4,Wallet,Payment Gateway Timeout,5,0,2,56628.06,0
TXN-16005,CUST-3447,5689.62,Credit Card,Insufficient Funds,10,1,0,140609.84,1
TXN-16006,CUST-1438,1994.95,Net Banking,Insufficient Funds,4,1,2,70213.44,0
TXN-16007,CUST-3054,9027.89,Wallet,Temporary Bank/Network Error,5,1,0,41111.11,1
TXN-16008,CUST-1797,7587.93,Debit Card,Insufficient Funds,11,1,1,16511.71,1
TXN-16009,CUST-1789,7511.12,Credit Card,Insufficient Funds,5,1,3,37603.76,0
TXN-16010,CUST-2901,6445.5,Wallet,Insufficient Funds,11,1,2,46374.97,1
TXN-16011,CUST-3208,8727.66,Debit Card,Temporary Bank/Network Error,12,1,0,101063.52,1
TXN-16012,CUST-1036,5064.2,UPI,Card Expired,6,1,2,39279.66,0
TXN-16013,CUST-3275,2972.19,UPI,Temporary Bank/Network Error,10,1,2,59536.46,1
TXN-16014,CUST-2565,4078.61,Credit Card,Insufficient Funds,10,0,1,22231.82,0
TXN-16015,CUST-1280,6733.68,Debit Card,Insufficient Funds,10,1,1,87762.73,1
TXN-16016,CUST-2086,5686.75,UPI,Insufficient Funds,11,0,2,70736.9,0
TXN-16017,CUST-2895,6881.37,UPI,Card Expired,8,0,1,73267.2,0
TXN-16018,CUST-2530,6167.44,Debit Card,Authentication Failed,9,0,0,77856.79,0
TXN-16019,CUST-1372,16784.15,Debit Card,Insufficient Funds,7,1,0,126217.02,1
TXN-16020,CUST-1892,4098.18,Debit Card,Temporary Bank/Network Error,9,0,1,42697.78,1
TXN-16021,CUST-2079,5795.97,UPI,Authentication Failed,7,1,4,79910.91,0
TXN-16022,CUST-2144,7337.75,Wallet,Temporary Bank/Network Error,3,0,2,61464.0,0
TXN-16023,CUST-2618,2538.23,Wallet,Insufficient Funds,7,0,1,46283.66,0
TXN-16024,CUST-1739,10274.15,UPI,Insufficient Funds,9,0,3,51628.53,0
TXN-16025,CUST-3038,5247.68,Credit Card,Temporary Bank/Network Error,12,0,1,59022.71,1
TXN-16026,CUST-1618,9002.67,Net Banking,Insufficient Funds,14,0,1,60951.04,0
TXN-16027,CUST-2500,8036.75,Debit Card,Temporary Bank/Network Error,6,1,3,117748.98,1
TXN-16028,CUST-3057,2828.79,UPI,Insufficient Funds,8,0,0,35209.35,0
TXN-16029,CUST-3250,5072.85,Credit Card,Authentication Failed,11,1,2,92529.11,1
TXN-16030,CUST-3380,4160.82,Wallet,Payment Gateway Timeout,5,1,0,88909.4,1
TXN-16031,CUST-2830,3784.06,Debit Card,Card Expired,7,0,2,72028.75,0
TXN-16032,CUST-2052,12568.0,UPI,Temporary Bank/Network Error,6,1,0,50194.74,1
TXN-16033,CUST-2501,8743.14,UPI,Card Expired,3,1,1,100816.37,0
TXN-16034,CUST-1140,19130.83,UPI,Insufficient Funds,7,0,3,49524.38,0
TXN-16035,CUST-1644,7041.18,Credit Card,Insufficient Funds,2,1,3,92158.69,0
TXN-16036,CUST-3342,6204.5,Debit Card,Payment Gateway Timeout,7,1,4,73489.08,1
TXN-16037,CUST-2507,11292.7,Debit Card,Temporary Bank/Network Error,5,0,1,88409.04,0
TXN-16038,CUST-1485,6234.34,Credit Card,Temporary Bank/Network Error,9,0,2,47309.74,1
TXN-16039,CUST-2788,6129.41,Wallet,Insufficient Funds,4,0,1,61804.39,0
TXN-16040,CUST-2766,15006.28,UPI,Authentication Failed,7,1,2,44540.56,0
TXN-16041,CUST-1565,10740.69,UPI,Insufficient Funds,10,1,3,90973.43,0
TXN-16042,CUST-2256,7297.69,UPI,Card Expired,4,1,0,54646.87,0
TXN-16043,CUST-3468,12449.57,UPI,Temporary Bank/Network Error,12,0,1,109950.84,1
TXN-16044,CUST-3279,4167.14,UPI,Temporary Bank/Network Error,8,1,1,115510.22,1
TXN-16045,CUST-2908,16998.7,Wallet,Card Expired,13,1,3,170891.35,1
TXN-16046,CUST-3499,6316.3,Credit Card,Temporary Bank/Network Error,7,0,2,118833.45,1
TXN-16047,CUST-2434,6768.39,UPI,Temporary Bank/Network Error,5,1,3,117488.15,1
TXN-16048,CUST-2503,2307.07,UPI,Insufficient Funds,6,1,3,77727.26,0
TXN-16049,CUST-2208,8655.59,UPI,Card Expired,7,1,3,74553.89,0
TXN-16050,CUST-1958,4895.29,Credit Card,Insufficient Funds,6,1,0,68985.79,0
TXN-16051,CUST-3445,8176.97,Credit Card,Insufficient Funds,9,0,1,55069.04,0
TXN-16052,CUST-3428,7030.79,Credit Card,Insufficient Funds,9,1,1,75742.33,1
TXN-16053,CUST-1356,11187.02,UPI,Payment Gateway Timeout,8,1,2,260516.13,1
TXN-16054,CUST-3428,15399.0,UPI,Temporary Bank/Network Error,14,1,0,82874.62,1
TXN-16055,CUST-2858,6031.11,UPI,Temporary Bank/Network Error,5,0,1,49045.53,0
TXN-16056,CUST-1497,6278.2,Credit Card,Payment Gateway Timeout,8,1,2,142577.57,1
TXN-16057,CUST-1888,4320.39,Wallet,Authentication Failed,5,0,1,77327.87,0
TXN-16058,CUST-2051,3307.61,UPI,Payment Gateway Timeout,13,0,0,79874.78,1
TXN-16059,CUST-2068,8020.05,UPI,Insufficient Funds,10,0,0,34522.37,0
TXN-16060,CUST-1509,10215.24,Net Banking,Insufficient Funds,6,1,3,127080.25,0
TXN-16061,CUST-2766,14632.67,UPI,Authentication Failed,13,1,1,26191.24,1
TXN-16062,CUST-3347,5206.3,UPI,Insufficient Funds,11,0,0,75248.26,0
TXN-16063,CUST-3422,7839.18,Net Banking,Insufficient Funds,11,0,0,62716.49,0
TXN-16064,CUST-2619,11270.91,UPI,Card Expired,6,1,1,46357.1,0
TXN-16065,CUST-1232,8945.99,UPI,Payment Gateway Timeout,12,0,1,50692.0,1
TXN-16066,CUST-3491,1932.4,Net Banking,Insufficient Funds,15,1,7,45163.04,0
TXN-16067,CUST-2471,3342.75,UPI,Card Expired,6,1,1,89353.25,0
TXN-16068,CUST-2266,3390.94,Credit Card,Temporary Bank/Network Error,7,0,2,43704.57,0
TXN-16069,CUST-1374,5397.2,Net Banking,Temporary Bank/Network Error,12,0,3,41945.17,1
TXN-16070,CUST-2728,8815.32,Wallet,Insufficient Funds,5,1,4,60435.6,0
TXN-16071,CUST-2174,7230.9,Credit Card,Authentication Failed,5,0,3,52448.95,0
TXN-16072,CUST-3240,5958.04,UPI,Temporary Bank/Network Error,3,1,3,157682.32,1
TXN-16073,CUST-1966,7988.56,Debit Card,Card Expired,9,0,3,118138.82,0
TXN-16074,CUST-1198,5482.16,Credit Card,Authentication Failed,5,1,1,77103.37,0
TXN-16075,CUST-3336,3551.1,Credit Card,Temporary Bank/Network Error,6,0,2,93112.37,0
TXN-16076,CUST-1660,8947.09,Credit Card,Temporary Bank/Network Error,10,0,3,138300.29,1
TXN-16077,CUST-1028,10558.04,UPI,Temporary Bank/Network Error,9,1,3,61200.7,1
TXN-16078,CUST-1227,8477.74,UPI,Card Expired,9,1,3,94715.06,0
TXN-16079,CUST-2761,6103.79,UPI,Payment Gateway Timeout,4,1,0,53898.65,1
TXN-16080,CUST-1666,10170.18,Debit Card,Insufficient Funds,8,0,2,151585.16,0
TXN-16081,CUST-1254,3237.07,UPI,Payment Gateway Timeout,5,1,2,112609.6,1
TXN-16082,CUST-2076,13085.0,Net Banking,Insufficient Funds,6,1,0,49541.99,0
TXN-16083,CUST-1712,5911.46,UPI,Payment Gateway Timeout,5,0,1,52192.82,0
TXN-16084,CUST-2620,9853.85,Net Banking,Payment Gateway Timeout,7,1,3,57077.28,1
TXN-16085,CUST-2616,6408.22,Credit Card,Temporary Bank/Network Error,8,1,4,84779.63,1
TXN-16086,CUST-1527,10890.91,UPI,Authentication Failed,9,1,4,37183.25,0
TXN-16087,CUST-3188,6318.05,Wallet,Insufficient Funds,10,0,0,55453.16,0
TXN-16088,CUST-2796,8822.9,UPI,Insufficient Funds,8,0,2,73918.99,0
TXN-16089,CUST-1360,6395.36,UPI,Temporary Bank/Network Error,8,1,0,51419.22,1
TXN-16090,CUST-2404,8438.04,Debit Card,Payment Gateway Timeout,10,1,2,146271.13,1
TXN-16091,CUST-2400,20176.02,Credit Card,Temporary Bank/Network Error,11,1,1,107393.11,1
TXN-16092,CUST-1785,6190.62,UPI,Insufficient Funds,7,0,1,94769.64,0
TXN-16093,CUST-2408,2099.83,Debit Card,Temporary Bank/Network Error,1,0,2,113314.68,0
TXN-16094,CUST-1301,9578.12,Credit Card,Card Expired,4,1,1,75147.08,0
TXN-16095,CUST-3398,7573.59,UPI,Temporary Bank/Network Error,7,1,3,23609.56,1
TXN-16096,CUST-2816,7404.43,Wallet,Authentication Failed,13,1,0,75593.95,1
TXN-16097,CUST-1457,6563.75,UPI,Authentication Failed,15,0,0,92345.69,1
TXN-16098,CUST-2480,9728.83,Credit Card,Temporary Bank/Network Error,7,0,0,150545.05,1
TXN-16099,CUST-2004,23130.23,UPI,Temporary Bank/Network Error,9,1,2,67074.95,1
TXN-16100,CUST-1277,4221.49,UPI,Insufficient Funds,10,0,1,48187.95,0
TXN-16101,CUST-1125,8342.46,UPI,Insufficient Funds,8,0,2,78939.72,0
TXN-16102,CUST-3356,5759.84,Credit Card,Insufficient Funds,8,1,2,41359.8,0
TXN-16103,CUST-2621,11759.21,UPI,Authentication Failed,7,1,4,130485.82,0
TXN-16104,CUST-1801,7806.85,UPI,Temporary Bank/Network Error,7,0,0,64794.08,1
TXN-16105,CUST-1015,16858.82,Credit Card,Card Expired,6,1,0,28154.19,0
TXN-16106,CUST-2174,21557.63,Debit Card,Payment Gateway Timeout,8,0,2,86251.58,0
TXN-16107,CUST-2724,9142.9,Net Banking,Card Expired,15,0,2,83724.05,0
TXN-16108,CUST-1557,3529.39,Credit Card,Card Expired,11,1,3,77255.63,0
TXN-16109,CUST-2961,3872.88,UPI,Temporary Bank/Network Error,7,0,2,131318.96,1
TXN-16110,CUST-1595,5128.51,Net Banking,Payment Gateway Timeout,5,0,0,102902.09,0
TXN-16111,CUST-2971,5066.63,Credit Card,Temporary Bank/Network Error,4,1,0,56259.78,1
TXN-16112,CUST-2582,4532.77,Credit Card,Temporary Bank/Network Error,10,1,0,17417.01,1
TXN-16113,CUST-2003,11533.14,Credit Card,Insufficient Funds,11,0,0,36390.53,0
TXN-16114,CUST-3449,5312.77,Net Banking,Authentication Failed,8,1,1,70082.33,0
TXN-16115,CUST-2557,21927.21,UPI,Temporary Bank/Network Error,6,0,0,37013.34,1
TXN-16116,CUST-2849,6069.94,Debit Card,Temporary Bank/Network Error,3,1,2,53847.68,1
TXN-16117,CUST-1865,8460.01,UPI,Temporary Bank/Network Error,9,1,1,190227.96,1
TXN-16118,CUST-2492,18667.03,Wallet,Authentication Failed,8,1,3,67976.54,0
TXN-16119,CUST-1565,6107.12,Debit Card,Insufficient Funds,10,1,1,131020.97,1
TXN-16120,CUST-1897,5517.12,Credit Card,Card Expired,4,1,1,47489.84,0
TXN-16121,CUST-1697,7620.41,Debit Card,Temporary Bank/Network Error,20,1,1,34606.46,1
TXN-16122,CUST-2165,2778.57,Debit Card,Temporary Bank/Network Error,8,0,0,34820.24,1
TXN-16123,CUST-1104,6834.15,UPI,Temporary Bank/Network Error,9,0,0,47163.21,1
TXN-16124,CUST-1748,6406.55,Credit Card,Card Expired,9,1,1,176622.67,1
TXN-16125,CUST-3269,14904.54,UPI,Payment Gateway Timeout,4,0,3,85754.3,0
TXN-16126,CUST-2151,9213.59,UPI,Temporary Bank/Network Error,7,0,1,78882.07,1
TXN-16127,CUST-1440,5031.67,UPI,Temporary Bank/Network Error,10,1,1,36977.52,1
TXN-16128,CUST-2156,10481.87,Credit Card,Card Expired,9,1,2,74574.44,0
TXN-16129,CUST-1809,8425.41,Credit Card,Temporary Bank/Network Error,12,1,1,17140.39,1
TXN-16130,CUST-2019,5294.9,UPI,Insufficient Funds,12,1,2,45021.07,1
TXN-16131,CUST-1841,11128.14,UPI,Temporary Bank/Network Error,7,0,3,66506.83,0
TXN-16132,CUST-2510,4779.38,Net Banking,Insufficient Funds,8,1,1,77103.34,0
TXN-16133,CUST-2582,11858.68,Credit Card,Card Expired,9,1,1,134763.89,1
TXN-16134,CUST-3491,4132.21,Wallet,Temporary Bank/Network Error,7,0,2,74801.38,0
TXN-16135,CUST-1361,4541.68,Credit Card,Authentication Failed,8,1,2,117570.08,1
TXN-16136,CUST-1619,6362.76,Credit Card,Temporary Bank/Network Error,5,1,1,26010.14,1
TXN-16137,CUST-1869,7180.33,UPI,Temporary Bank/Network Error,11,1,3,115300.59,1
TXN-16138,CUST-3103,11775.48,Debit Card,Authentication Failed,5,1,1,86913.12,0
TXN-16139,CUST-1137,6254.27,Debit Card,Temporary Bank/Network Error,10,0,3,87278.96,1
TXN-16140,CUST-1060,12219.11,Debit Card,Payment Gateway Timeout,14,1,0,86727.63,1
TXN-16141,CUST-1963,9734.82,UPI,Insufficient Funds,6,0,1,54140.12,0
TXN-16142,CUST-1477,3723.75,Debit Card,Authentication Failed,7,0,2,57802.35,0
TXN-16143,CUST-3017,9042.4,UPI,Insufficient Funds,8,1,3,112171.1,0
TXN-16144,CUST-2888,7291.64,UPI,Payment Gateway Timeout,9,0,3,34561.19,0
TXN-16145,CUST-3193,8028.13,Net Banking,Payment Gateway Timeout,7,0,1,50410.51,0
TXN-16146,CUST-3374,9592.07,Net Banking,Insufficient Funds,13,1,0,89993.16,1
TXN-16147,CUST-2488,3111.69,Wallet,Payment Gateway Timeout,10,1,2,120017.5,1
TXN-16148,CUST-1615,4941.83,Debit Card,Temporary Bank/Network Error,8,1,4,34236.02,1
TXN-16149,CUST-1405,6502.84,UPI,Card Expired,11,1,0,94004.5,1
TXN-16150,CUST-1573,5594.53,Credit Card,Temporary Bank/Network Error,10,1,1,58572.98,1
TXN-16151,CUST-1669,11502.0,Debit Card,Insufficient Funds,8,1,3,72312.95,0
TXN-16152,CUST-3201,5234.78,UPI,Card Expired,4,1,2,36490.41,0
TXN-16153,CUST-2993,3760.62,Debit Card,Authentication Failed,6,0,2,74718.73,0
TXN-16154,CUST-1086,5239.61,Debit Card,Temporary Bank/Network Error,9,0,5,127188.86,0
TXN-16155,CUST-2472,4416.66,UPI,Card Expired,2,1,1,98641.85,0
TXN-16156,CUST-2038,8040.48,UPI,Insufficient Funds,7,0,3,37297.14,0
TXN-16157,CUST-2090,5865.86,Debit Card,Authentication Failed,7,1,3,122384.89,0
TXN-16158,CUST-1109,7579.58,Net Banking,Payment Gateway Timeout,13,1,0,141091.98,1
TXN-16159,CUST-2852,6444.76,Net Banking,Temporary Bank/Network Error,9,1,0,130049.09,1
TXN-16160,CUST-1168,2687.57,Debit Card,Insufficient Funds,7,0,3,77368.26,0
TXN-16161,CUST-3228,4979.93,Net Banking,Insufficient Funds,10,0,1,84555.09,0
TXN-16162,CUST-3093,2958.67,Credit Card,Insufficient Funds,2,1,1,84403.98,0
TXN-16163,CUST-1352,15373.37,Credit Card,Payment Gateway Timeout,6,1,0,68326.93,1
TXN-16164,CUST-1096,5497.96,Net Banking,Temporary Bank/Network Error,7,1,4,37859.05,1
TXN-16165,CUST-1612,5456.03,Credit Card,Payment Gateway Timeout,3,0,2,57889.25,0
TXN-16166,CUST-2886,2398.14,UPI,Insufficient Funds,8,1,1,132286.6,1
TXN-16167,CUST-3127,7835.54,Debit Card,Insufficient Funds,7,1,0,104281.16,1
TXN-16168,CUST-1634,16090.2,Debit Card,Temporary Bank/Network Error,7,1,1,62455.16,1
TXN-16169,CUST-2231,6126.84,Debit Card,Insufficient Funds,11,0,1,78446.65,0
TXN-16170,CUST-2526,2196.07,Credit Card,Authentication Failed,3,0,1,50326.61,0
TXN-16171,CUST-1525,3664.52,Credit Card,Insufficient Funds,7,1,0,153855.26,1
TXN-16172,CUST-1476,4993.92,Debit Card,Payment Gateway Timeout,8,0,0,121149.76,1
TXN-16173,CUST-1292,8351.19,Debit Card,Payment Gateway Timeout,10,1,0,74099.82,1
TXN-16174,CUST-2610,6878.51,Wallet,Payment Gateway Timeout,9,1,0,106406.33,1
TXN-16175,CUST-3208,6179.17,Net Banking,Temporary Bank/Network Error,9,0,0,63577.67,1
TXN-16176,CUST-1337,6032.44,UPI,Authentication Failed,10,0,0,17432.6,0
TXN-16177,CUST-1081,6260.18,UPI,Authentication Failed,7,1,3,96049.57,0
TXN-16178,CUST-3326,9377.77,Credit Card,Payment Gateway Timeout,9,1,4,80028.17,1
TXN-16179,CUST-2452,5318.65,UPI,Payment Gateway Timeout,5,1,1,73269.66,1
TXN-16180,CUST-3013,7662.03,Credit Card,Authentication Failed,9,0,2,128103.51,0
TXN-16181,CUST-1412,6329.31,UPI,Authentication Failed,11,0,1,34573.99,0
TXN-16182,CUST-3402,10795.5,UPI,Temporary Bank/Network Error,8,0,1,59911.97,1
TXN-16183,CUST-3366,6538.41,UPI,Insufficient Funds,10,1,1,47730.59,1
TXN-16184,CUST-2841,6989.06,UPI,Authentication Failed,7,1,0,89788.76,1
TXN-16185,CUST-1951,4958.08,UPI,Payment Gateway Timeout,10,0,4,69791.1,0
TXN-16186,CUST-1236,12036.44,UPI,Insufficient Funds,11,0,0,57458.22,0
TXN-16187,CUST-2296,3827.31,Debit Card,Payment Gateway Timeout,12,1,2,90733.44,1
TXN-16188,CUST-2393,8900.28,Wallet,Authentication Failed,6,1,3,44435.92,0
TXN-16189,CUST-2150,4748.92,Net Banking,Card Expired,16,0,6,46570.04,0
TXN-16190,CUST-3144,7214.39,Net Banking,Insufficient Funds,16,1,2,66311.74,1
TXN-16191,CUST-1431,15224.67,Debit Card,Payment Gateway Timeout,9,0,2,296564.11,1
TXN-16192,CUST-1232,14875.87,Credit Card,Temporary Bank/Network Error,8,0,1,64441.26,1
TXN-16193,CUST-1467,14070.15,UPI,Insufficient Funds,4,0,3,41909.86,0
TXN-16194,CUST-1933,4768.85,UPI,Card Expired,9,0,1,51381.35,0
TXN-16195,CUST-1730,19088.62,Wallet,Temporary Bank/Network Error,10,1,2,106572.13,1
TXN-16196,CUST-1672,16740.71,UPI,Authentication Failed,2,1,2,47804.59,0
TXN-16197,CUST-2638,3024.5,Credit Card,Insufficient Funds,9,0,3,131923.8,0
TXN-16198,CUST-3262,3047.88,Debit Card,Temporary Bank/Network Error,9,1,0,76941.8,1
TXN-16199,CUST-2638,10458.98,UPI,Insufficient Funds,6,0,1,96820.05,0
TXN-16200,CUST-3442,6116.29,Net Banking,Card Expired,8,0,2,150430.36,0
TXN-16201,CUST-1848,7502.75,Wallet,Card Expired,7,1,0,62160.57,0
TXN-16202,CUST-1397,4859.17,UPI,Payment Gateway Timeout,5,0,0,73989.15,0
TXN-16203,CUST-2764,3886.52,Credit Card,Insufficient Funds,5,0,2,179625.53,0
TXN-16204,CUST-3244,8433.7,Credit Card,Payment Gateway Timeout,10,1,4,30549.66,1
TXN-16205,CUST-2802,10933.3,Credit Card,Payment Gateway Timeout,8,1,2,94801.53,1
TXN-16206,CUST-1902,5160.48,Wallet,Temporary Bank/Network Error,7,0,3,40748.59,0
TXN-16207,CUST-1077,7936.35,UPI,Payment Gateway Timeout,7,1,2,60797.1,1
TXN-16208,CUST-1378,5842.33,Debit Card,Authentication Failed,6,1,2,38493.1,0
TXN-16209,CUST-3428,5580.39,UPI,Temporary Bank/Network Error,12,0,2,81004.09,1
TXN-16210,CUST-2400,9203.5,Credit Card,Temporary Bank/Network Error,10,0,1,148464.67,1
TXN-16211,CUST-3064,5888.73,Net Banking,Temporary Bank/Network Error,7,1,1,37645.31,1
TXN-16212,CUST-2374,13636.32,Debit Card,Payment Gateway Timeout,5,1,2,92582.1,1
TXN-16213,CUST-3254,2323.75,Wallet,Insufficient Funds,14,0,2,34550.37,0
TXN-16214,CUST-2912,11150.45,UPI,Insufficient Funds,6,1,0,74133.81,0
TXN-16215,CUST-1879,10089.1,Credit Card,Temporary Bank/Network Error,5,1,2,44614.04,1
TXN-16216,CUST-2468,4078.43,Net Banking,Payment Gateway Timeout,5,1,1,65516.26,1
TXN-16217,CUST-2934,7067.38,Debit Card,Payment Gateway Timeout,12,1,3,67479.14,1
TXN-16218,CUST-1266,9164.45,Credit Card,Temporary Bank/Network Error,6,0,4,56011.01,0
TXN-16219,CUST-3151,5300.57,Net Banking,Temporary Bank/Network Error,6,1,1,37534.52,1
TXN-16220,CUST-3405,13830.23,Wallet,Temporary Bank/Network Error,5,1,0,86103.83,1
TXN-16221,CUST-1284,6793.24,Net Banking,Temporary Bank/Network Error,6,1,0,108720.34,1
TXN-16222,CUST-1470,14795.16,Credit Card,Insufficient Funds,6,0,3,42529.06,0
TXN-16223,CUST-3184,15985.14,Credit Card,Temporary Bank/Network Error,8,1,0,52102.65,1
TXN-16224,CUST-1993,4467.47,UPI,Temporary Bank/Network Error,2,0,0,88713.16,0
TXN-16225,CUST-2847,6556.69,UPI,Insufficient Funds,11,0,1,107830.44,0
TXN-16226,CUST-2045,4248.87,UPI,Insufficient Funds,12,1,3,55980.66,1
TXN-16227,CUST-2733,12232.06,Credit Card,Authentication Failed,8,0,1,101734.38,0
TXN-16228,CUST-3394,3339.93,Wallet,Card Expired,10,0,3,182408.09,0
TXN-16229,CUST-1019,8545.53,UPI,Authentication Failed,5,1,3,132076.89,0
TXN-16230,CUST-3042,3998.97,Wallet,Temporary Bank/Network Error,4,0,0,78698.43,0
TXN-16231,CUST-1902,10965.12,Debit Card,Temporary Bank/Network Error,8,1,0,127967.88,1
TXN-16232,CUST-1106,5046.6,Credit Card,Insufficient Funds,11,1,1,37084.17,1
TXN-16233,CUST-1965,9772.08,UPI,Temporary Bank/Network Error,8,0,0,22291.75,1
TXN-16234,CUST-2877,7125.09,Debit Card,Temporary Bank/Network Error,7,1,4,131758.95,1
TXN-16235,CUST-3444,12802.75,Net Banking,Temporary Bank/Network Error,8,0,3,54308.69,0
TXN-16236,CUST-1828,6801.65,Net Banking,Payment Gateway Timeout,12,1,0,69935.6,1
TXN-16237,CUST-3404,9879.41,Net Banking,Temporary Bank/Network Error,6,1,1,65741.86,1
TXN-16238,CUST-1374,6169.27,Credit Card,Temporary Bank/Network Error,7,1,1,72123.68,1
TXN-16239,CUST-1068,7419.53,Credit Card,Insufficient Funds,5,1,0,42640.49,0
TXN-16240,CUST-2432,3703.42,UPI,Insufficient Funds,13,1,0,81791.45,1
TXN-16241,CUST-2260,9426.01,UPI,Insufficient Funds,7,0,0,111545.77,0
TXN-16242,CUST-3312,9974.64,Net Banking,Card Expired,5,0,1,82632.91,0
TXN-16243,CUST-2372,6844.99,Credit Card,Temporary Bank/Network Error,10,1,1,94974.72,1
TXN-16244,CUST-2018,6103.44,UPI,Card Expired,11,0,1,24694.06,0
TXN-16245,CUST-1207,5179.68,Credit Card,Temporary Bank/Network Error,7,0,2,48811.25,0
TXN-16246,CUST-1812,1482.88,Debit Card,Payment Gateway Timeout,8,0,2,109427.46,0
TXN-16247,CUST-3465,5557.54,Net Banking,Insufficient Funds,10,1,1,141175.42,1
TXN-16248,CUST-3267,12129.37,UPI,Authentication Failed,11,1,2,300000.0,1
TXN-16249,CUST-2811,18084.44,UPI,Authentication Failed,12,1,0,89019.7,1
TXN-16250,CUST-2205,6685.5,Credit Card,Payment Gateway Timeout,6,1,0,54957.94,1
TXN-16251,CUST-1174,6828.53,Debit Card,Temporary Bank/Network Error,6,0,2,45288.71,0
TXN-16252,CUST-1392,7178.39,Credit Card,Authentication Failed,12,0,2,126335.36,0
TXN-16253,CUST-3232,5637.94,Credit Card,Temporary Bank/Network Error,8,1,3,42750.22,1
TXN-16254,CUST-2153,9040.38,UPI,Temporary Bank/Network Error,7,0,0,36220.78,1
TXN-16255,CUST-2677,21838.74,Credit Card,Temporary Bank/Network Error,4,0,1,70790.91,0
TXN-16256,CUST-1441,3190.03,UPI,Payment Gateway Timeout,6,1,1,91575.08,1
TXN-16257,CUST-1726,4283.38,Net Banking,Insufficient Funds,3,1,2,72652.66,0
TXN-16258,CUST-3164,8652.67,UPI,Card Expired,16,0,2,72608.57,1
TXN-16259,CUST-2378,6593.88,Net Banking,Temporary Bank/Network Error,11,1,0,51086.17,1
TXN-16260,CUST-1208,14630.41,Credit Card,Temporary Bank/Network Error,5,1,0,66861.69,1
TXN-16261,CUST-1176,4395.84,Debit Card,Temporary Bank/Network Error,4,0,2,64571.29,0
TXN-16262,CUST-1053,11053.51,UPI,Temporary Bank/Network Error,8,0,1,77267.93,1
TXN-16263,CUST-1138,7321.8,UPI,Authentication Failed,3,1,1,61403.13,0
TXN-16264,CUST-2995,2884.03,UPI,Authentication Failed,8,1,4,79098.38,0
TXN-16265,CUST-2655,9437.21,UPI,Temporary Bank/Network Error,6,1,1,64671.33,1
TXN-16266,CUST-1143,8176.57,Credit Card,Insufficient Funds,7,0,1,90076.76,0
TXN-16267,CUST-3342,5613.12,UPI,Insufficient Funds,5,0,1,89378.64,0
TXN-16268,CUST-3425,4311.47,UPI,Insufficient Funds,8,1,1,91961.11,1
TXN-16269,CUST-2851,9116.41,Credit Card,Authentication Failed,10,1,3,78853.65,0
TXN-16270,CUST-1267,7173.2,Debit Card,Card Expired,7,1,0,117366.76,0
TXN-16271,CUST-3173,7157.19,UPI,Authentication Failed,11,1,1,77385.71,1
TXN-16272,CUST-2868,9565.48,Debit Card,Payment Gateway Timeout,11,1,1,116462.86,1
TXN-16273,CUST-1041,8774.63,Net Banking,Payment Gateway Timeout,9,1,1,68057.72,1
TXN-16274,CUST-2429,7343.57,Debit Card,Payment Gateway Timeout,7,1,2,21777.45,1
TXN-16275,CUST-3318,17893.2,UPI,Insufficient Funds,11,1,1,212850.79,1
TXN-16276,CUST-1874,3807.1,Net Banking,Temporary Bank/Network Error,3,1,1,72972.68,1
TXN-16277,CUST-2243,8845.33,Credit Card,Insufficient Funds,5,0,1,33910.15,0
TXN-16278,CUST-1265,2827.95,Net Banking,Insufficient Funds,9,0,0,139456.83,0
TXN-16279,CUST-1034,3270.76,Debit Card,Insufficient Funds,11,1,3,52437.26,0
TXN-16280,CUST-3354,6445.82,Debit Card,Payment Gateway Timeout,7,0,0,103590.11,1
TXN-16281,CUST-3340,11343.96,Wallet,Temporary Bank/Network Error,10,1,0,45881.38,1
TXN-16282,CUST-2025,6422.52,Wallet,Payment Gateway Timeout,16,1,1,115222.71,1
TXN-16283,CUST-2671,9778.49,UPI,Payment Gateway Timeout,6,0,2,107040.85,0
TXN-16284,CUST-3355,4268.96,UPI,Card Expired,7,0,1,82548.18,0
TXN-16285,CUST-1165,10474.64,UPI,Temporary Bank/Network Error,4,0,0,84658.99,0
TXN-16286,CUST-2125,4440.03,Debit Card,Authentication Failed,6,0,2,108350.68,0
TXN-16287,CUST-1476,10193.62,UPI,Temporary Bank/Network Error,4,0,1,145382.6,0
TXN-16288,CUST-1519,8556.3,Wallet,Insufficient Funds,8,1,3,103018.72,0
TXN-16289,CUST-1956,13788.2,Debit Card,Temporary Bank/Network Error,8,1,3,87018.28,1
TXN-16290,CUST-3411,8747.56,Credit Card,Insufficient Funds,7,1,3,49550.61,0
TXN-16291,CUST-1703,4702.21,UPI,Insufficient Funds,8,1,3,94059.65,0
TXN-16292,CUST-2738,7531.06,Wallet,Temporary Bank/Network Error,10,1,1,77236.27,1
TXN-16293,CUST-1975,4346.66,Net Banking,Insufficient Funds,12,1,0,112181.01,1
TXN-16294,CUST-2386,9764.26,UPI,Insufficient Funds,9,1,1,41136.21,1
TXN-16295,CUST-2315,4756.49,Wallet,Card Expired,7,0,1,88919.18,0
TXN-16296,CUST-1417,6197.62,UPI,Authentication Failed,4,1,2,160397.93,0
TXN-16297,CUST-2606,5704.26,Debit Card,Authentication Failed,11,1,3,58559.9,0
TXN-16298,CUST-1201,3926.17,Net Banking,Payment Gateway Timeout,10,0,4,66737.15,0
TXN-16299,CUST-1412,3129.69,Debit Card,Insufficient Funds,9,1,1,89587.3,1
TXN-16300,CUST-3195,7834.35,Debit Card,Temporary Bank/Network Error,9,1,1,54976.56,1
TXN-16301,CUST-3473,5276.27,UPI,Card Expired,10,1,2,90006.66,1
TXN-16302,CUST-3065,3711.41,Debit Card,Temporary Bank/Network Error,7,1,1,99221.56,1
TXN-16303,CUST-3235,8635.04,Net Banking,Payment Gateway Timeout,6,1,3,34599.47,0
TXN-16304,CUST-2445,6364.07,Debit Card,Payment Gateway Timeout,6,0,1,166951.33,0
TXN-16305,CUST-1619,6462.73,Debit Card,Payment Gateway Timeout,6,0,6,56332.89,0
TXN-16306,CUST-2709,3484.33,Net Banking,Temporary Bank/Network Error,7,0,1,183328.66,1
TXN-16307,CUST-1688,6739.74,UPI,Insufficient Funds,10,1,1,124387.21,1
TXN-16308,CUST-1874,5215.12,Net Banking,Card Expired,7,0,2,67637.91,0
TXN-16309,CUST-1810,11852.83,Wallet,Temporary Bank/Network Error,7,1,2,122674.41,1
TXN-16310,CUST-1509,11724.39,Wallet,Authentication Failed,9,0,3,48038.0,0
TXN-16311,CUST-2338,6063.13,Debit Card,Payment Gateway Timeout,10,1,1,63236.76,1
TXN-16312,CUST-2245,6172.89,UPI,Temporary Bank/Network Error,13,0,2,73091.63,1
TXN-16313,CUST-3243,5586.82,UPI,Payment Gateway Timeout,6,1,2,69745.82,1
TXN-16314,CUST-1610,10675.82,Net Banking,Insufficient Funds,6,1,0,70058.6,0
TXN-16315,CUST-2359,15176.19,Net Banking,Temporary Bank/Network Error,4,1,2,74742.16,1
TXN-16316,CUST-1571,5531.58,Net Banking,Insufficient Funds,10,1,2,114417.92,1
TXN-16317,CUST-2755,6725.66,Net Banking,Authentication Failed,7,0,1,79098.02,0
TXN-16318,CUST-1447,3953.3,Debit Card,Temporary Bank/Network Error,3,1,1,123630.16,1
TXN-16319,CUST-2806,12590.87,UPI,Insufficient Funds,7,0,1,204441.07,0
TXN-16320,CUST-1209,6780.02,UPI,Card Expired,6,0,1,115861.18,0
TXN-16321,CUST-2620,2821.19,Wallet,Temporary Bank/Network Error,9,1,1,94817.31,1
TXN-16322,CUST-2183,5401.16,Credit Card,Temporary Bank/Network Error,11,1,3,38587.59,1
TXN-16323,CUST-1235,12694.4,Debit Card,Temporary Bank/Network Error,11,0,1,104943.91,1
TXN-16324,CUST-3101,5134.56,Net Banking,Insufficient Funds,3,0,1,82519.1,0
TXN-16325,CUST-1506,4569.42,Credit Card,Payment Gateway Timeout,9,1,2,99608.33,1
TXN-16326,CUST-3246,8131.18,UPI,Authentication Failed,10,0,0,62491.13,0
TXN-16327,CUST-1425,5909.85,Wallet,Authentication Failed,8,0,1,68184.64,0
TXN-16328,CUST-2411,10425.4,UPI,Payment Gateway Timeout,8,0,1,105869.97,1
TXN-16329,CUST-2227,10139.63,UPI,Temporary Bank/Network Error,4,1,1,56952.37,1
TXN-16330,CUST-1020,8401.91,UPI,Insufficient Funds,8,0,3,92856.0,0
TXN-16331,CUST-2439,14991.2,UPI,Authentication Failed,3,1,2,87504.87,0
TXN-16332,CUST-2278,10215.28,Wallet,Insufficient Funds,6,0,3,80594.92,0
TXN-16333,CUST-2036,5056.84,Debit Card,Temporary Bank/Network Error,9,0,0,67948.77,1
TXN-16334,CUST-1558,6415.19,UPI,Card Expired,12,0,0,98654.09,1
TXN-16335,CUST-3493,17922.03,Debit Card,Insufficient Funds,11,1,0,64194.62,1
TXN-16336,CUST-1008,9602.61,Credit Card,Insufficient Funds,6,0,0,84489.63,0
TXN-16337,CUST-3471,6995.16,UPI,Temporary Bank/Network Error,10,1,2,121194.56,1
TXN-16338,CUST-2177,4548.02,UPI,Payment Gateway Timeout,9,1,0,74960.35,1
TXN-16339,CUST-2982,3765.43,Credit Card,Payment Gateway Timeout,8,0,1,72315.4,1
TXN-16340,CUST-1125,3815.36,UPI,Payment Gateway Timeout,6,1,3,47419.35,1
TXN-16341,CUST-1375,2960.96,UPI,Temporary Bank/Network Error,9,1,3,60217.63,1
TXN-16342,CUST-2289,13029.56,UPI,Authentication Failed,6,1,1,112602.3,0
TXN-16343,CUST-1481,8932.87,Net Banking,Authentication Failed,7,1,4,101413.23,0
TXN-16344,CUST-2665,7764.46,Debit Card,Authentication Failed,10,0,1,145727.03,0
TXN-16345,CUST-2424,2924.26,Wallet,Authentication Failed,5,0,1,84159.72,0
TXN-16346,CUST-1765,6811.19,Debit Card,Payment Gateway Timeout,13,0,1,45611.86,1
TXN-16347,CUST-3264,3188.47,Credit Card,Insufficient Funds,6,1,2,54654.84,0
TXN-16348,CUST-1186,13346.21,Credit Card,Authentication Failed,11,1,2,41964.94,1
TXN-16349,CUST-2710,14408.71,UPI,Payment Gateway Timeout,5,1,0,127936.03,1
TXN-16350,CUST-1380,5288.0,Debit Card,Authentication Failed,10,1,1,160021.83,1
TXN-16351,CUST-2110,3147.63,Credit Card,Card Expired,7,0,2,63044.86,0
TXN-16352,CUST-3362,4427.79,Debit Card,Authentication Failed,6,0,1,89962.59,0
TXN-16353,CUST-1252,4995.03,Credit Card,Temporary Bank/Network Error,3,1,0,73666.85,1
TXN-16354,CUST-2855,7946.62,UPI,Temporary Bank/Network Error,6,1,2,133937.24,1
TXN-16355,CUST-1826,3651.05,UPI,Insufficient Funds,7,1,4,74565.06,0
TXN-16356,CUST-2282,2711.57,Debit Card,Authentication Failed,8,1,0,33226.69,1
TXN-16357,CUST-3409,6295.2,Debit Card,Insufficient Funds,5,1,0,108009.21,0
TXN-16358,CUST-3471,5118.36,Net Banking,Payment Gateway Timeout,5,1,1,47169.35,1
TXN-16359,CUST-2775,8261.47,Net Banking,Payment Gateway Timeout,7,0,1,71503.75,0
TXN-16360,CUST-3058,16582.35,Net Banking,Temporary Bank/Network Error,4,0,1,26123.04,0
TXN-16361,CUST-3088,6324.33,Debit Card,Payment Gateway Timeout,5,0,1,81523.22,0
TXN-16362,CUST-1295,5318.03,UPI,Insufficient Funds,4,1,1,143294.13,0
TXN-16363,CUST-3041,5459.7,Net Banking,Authentication Failed,14,0,3,72753.87,0
TXN-16364,CUST-1933,2956.1,Credit Card,Insufficient Funds,7,1,2,65159.94,0
TXN-16365,CUST-3491,15512.31,Wallet,Insufficient Funds,5,0,0,110149.19,0
TXN-16366,CUST-1427,10649.79,UPI,Insufficient Funds,13,1,1,50826.9,1
TXN-16367,CUST-1480,7522.9,UPI,Temporary Bank/Network Error,12,1,1,46333.38,1
TXN-16368,CUST-1368,10646.43,Credit Card,Authentication Failed,11,1,3,109928.26,1
TXN-16369,CUST-3201,2284.87,Credit Card,Insufficient Funds,5,1,1,63734.92,0
TXN-16370,CUST-1279,3708.64,Credit Card,Temporary Bank/Network Error,11,1,1,34517.61,1
TXN-16371,CUST-2277,6417.3,Credit Card,Insufficient Funds,6,1,0,61805.77,0
TXN-16372,CUST-1486,10480.37,Wallet,Insufficient Funds,13,0,1,94719.52,0
TXN-16373,CUST-1278,12413.49,Credit Card,Temporary Bank/Network Error,7,1,2,23812.77,1
TXN-16374,CUST-2055,3630.95,UPI,Insufficient Funds,4,1,2,45764.78,0
TXN-16375,CUST-2652,10140.61,Debit Card,Temporary Bank/Network Error,15,0,0,57087.79,1
TXN-16376,CUST-1162,4402.19,Debit Card,Payment Gateway Timeout,4,0,3,19154.68,0
TXN-16377,CUST-2551,7560.37,Credit Card,Insufficient Funds,13,1,2,111330.04,1
TXN-16378,CUST-1417,8154.81,Net Banking,Temporary Bank/Network Error,7,1,0,44961.28,1
TXN-16379,CUST-1612,8261.91,UPI,Temporary Bank/Network Error,7,1,1,42630.76,1
TXN-16380,CUST-1769,3222.17,Credit Card,Insufficient Funds,11,1,3,99165.57,1
TXN-16381,CUST-3148,24979.66,Credit Card,Authentication Failed,9,1,1,37391.16,1
TXN-16382,CUST-1702,6341.84,Credit Card,Authentication Failed,10,1,2,39960.91,1
TXN-16383,CUST-2804,12522.15,UPI,Authentication Failed,8,1,4,69524.82,0
TXN-16384,CUST-2311,3342.86,Debit Card,Temporary Bank/Network Error,11,1,2,194734.35,1
TXN-16385,CUST-1184,16249.09,Debit Card,Temporary Bank/Network Error,10,1,0,46736.08,1
TXN-16386,CUST-2322,5511.23,Wallet,Insufficient Funds,10,0,2,35242.62,0
TXN-16387,CUST-1755,17715.87,Credit Card,Payment Gateway Timeout,7,1,3,24444.93,1
TXN-16388,CUST-2871,16755.6,Debit Card,Payment Gateway Timeout,8,0,1,60181.72,0
TXN-16389,CUST-1486,12824.28,Debit Card,Insufficient Funds,14,0,2,67939.06,0
TXN-16390,CUST-3477,5686.93,Credit Card,Authentication Failed,8,0,1,47899.7,0
TXN-16391,CUST-1206,10459.85,Debit Card,Temporary Bank/Network Error,12,0,3,65085.74,1
TXN-16392,CUST-1781,13219.94,UPI,Authentication Failed,9,1,0,43559.69,1
TXN-16393,CUST-2307,10690.82,Debit Card,Insufficient Funds,7,0,4,61203.28,0
TXN-16394,CUST-3468,9871.15,Credit Card,Temporary Bank/Network Error,7,0,0,101095.9,1
TXN-16395,CUST-2635,3492.14,Credit Card,Insufficient Funds,10,1,1,141643.21,1
TXN-16396,CUST-1649,7627.58,Wallet,Card Expired,5,1,2,42507.25,0
TXN-16397,CUST-2547,6622.41,Debit Card,Payment Gateway Timeout,10,1,0,77712.12,1
TXN-16398,CUST-2038,6137.89,Credit Card,Authentication Failed,10,1,4,77780.79,0
TXN-16399,CUST-2607,6496.73,UPI,Authentication Failed,9,1,2,59718.97,1
TXN-16400,CUST-2058,5032.43,UPI,Payment Gateway Timeout,13,0,2,101473.29,1
TXN-16401,CUST-3284,4165.95,Debit Card,Temporary Bank/Network Error,5,0,0,84531.4,1
TXN-16402,CUST-1741,21304.69,Net Banking,Temporary Bank/Network Error,5,0,1,91404.84,0
TXN-16403,CUST-1464,13440.92,UPI,Payment Gateway Timeout,5,1,0,46501.9,1
TXN-16404,CUST-2262,9794.03,Credit Card,Authentication Failed,10,0,1,114324.2,0
TXN-16405,CUST-2676,7066.63,Credit Card,Authentication Failed,6,1,1,52669.39,0
TXN-16406,CUST-1282,11578.36,UPI,Temporary Bank/Network Error,10,1,2,143241.84,1
TXN-16407,CUST-1520,5663.23,UPI,Payment Gateway Timeout,6,1,1,41638.18,1
TXN-16408,CUST-2508,14861.72,Net Banking,Payment Gateway Timeout,10,1,3,232022.95,1
TXN-16409,CUST-1314,4972.87,Credit Card,Payment Gateway Timeout,5,1,1,72576.02,1
TXN-16410,CUST-2729,24150.81,UPI,Temporary Bank/Network Error,6,0,2,88850.46,0
TXN-16411,CUST-2353,3270.6,UPI,Card Expired,7,0,0,46874.94,0
TXN-16412,CUST-2518,2565.2,Credit Card,Payment Gateway Timeout,14,1,0,231118.75,1
TXN-16413,CUST-1171,4356.5,Debit Card,Authentication Failed,7,0,2,117362.18,0
TXN-16414,CUST-3162,8188.66,UPI,Payment Gateway Timeout,7,0,3,104854.54,0
TXN-16415,CUST-3291,3671.7,UPI,Authentication Failed,10,0,1,84393.46,0
TXN-16416,CUST-2411,5552.65,Net Banking,Temporary Bank/Network Error,9,1,0,112351.09,1
TXN-16417,CUST-3205,6793.6,Credit Card,Insufficient Funds,9,1,1,61342.82,1
TXN-16418,CUST-2784,6387.79,UPI,Insufficient Funds,6,0,0,44399.22,0
TXN-16419,CUST-1026,3607.55,UPI,Authentication Failed,7,0,2,73727.58,0
TXN-16420,CUST-3269,4945.9,Credit Card,Insufficient Funds,7,1,3,64359.31,0
TXN-16421,CUST-2719,2356.04,UPI,Card Expired,7,1,6,99368.67,0
TXN-16422,CUST-1905,4267.52,Debit Card,Payment Gateway Timeout,6,1,1,71547.79,0
TXN-16423,CUST-1914,14681.8,Credit Card,Payment Gateway Timeout,5,0,2,205828.22,0
TXN-16424,CUST-2173,11019.62,Debit Card,Insufficient Funds,10,0,0,133328.76,0
TXN-16425,CUST-2564,7278.88,Debit Card,Card Expired,6,1,4,46173.93,0
TXN-16426,CUST-1604,1223.35,Credit Card,Payment Gateway Timeout,6,1,2,51525.1,1
TXN-16427,CUST-3243,10634.57,Debit Card,Authentication Failed,9,1,0,54651.07,1
TXN-16428,CUST-2975,7452.17,Credit Card,Insufficient Funds,3,1,1,71720.87,0
TXN-16429,CUST-1265,3564.51,UPI,Payment Gateway Timeout,5,1,0,128523.41,1
TXN-16430,CUST-1318,9458.74,Net Banking,Authentication Failed,6,1,2,257260.25,0
TXN-16431,CUST-2006,15582.78,Debit Card,Temporary Bank/Network Error,7,1,3,75806.19,1
TXN-16432,CUST-2012,7536.83,UPI,Card Expired,9,1,2,67998.58,0
TXN-16433,CUST-1295,3035.39,UPI,Card Expired,6,1,3,65673.91,0
TXN-16434,CUST-3381,12907.15,Credit Card,Temporary Bank/Network Error,14,0,1,140589.09,1
TXN-16435,CUST-3253,3309.32,Debit Card,Card Expired,8,0,2,43537.02,0
TXN-16436,CUST-2276,7354.81,Net Banking,Payment Gateway Timeout,12,1,1,130753.25,1
TXN-16437,CUST-3409,5847.18,UPI,Temporary Bank/Network Error,12,0,1,68213.06,1
TXN-16438,CUST-1853,7860.21,Credit Card,Authentication Failed,9,1,2,58092.74,0
TXN-16439,CUST-1776,3506.28,UPI,Authentication Failed,9,1,2,70437.99,1
TXN-16440,CUST-2409,10988.62,Net Banking,Temporary Bank/Network Error,2,0,1,221618.33,0
TXN-16441,CUST-1061,2925.7,Credit Card,Authentication Failed,9,1,1,125876.74,1
TXN-16442,CUST-2057,7132.13,Credit Card,Insufficient Funds,5,0,0,113379.36,0
TXN-16443,CUST-3191,9641.02,UPI,Payment Gateway Timeout,8,1,0,68031.73,1
TXN-16444,CUST-1053,6054.86,Credit Card,Authentication Failed,6,1,2,64513.93,0
TXN-16445,CUST-1547,12332.53,Debit Card,Card Expired,7,1,1,135091.91,0
TXN-16446,CUST-2059,12144.46,UPI,Payment Gateway Timeout,6,0,1,101570.4,0
TXN-16447,CUST-2756,22408.49,Credit Card,Authentication Failed,6,0,1,86810.84,0
TXN-16448,CUST-2898,5222.01,Debit Card,Temporary Bank/Network Error,7,1,1,61740.46,1
TXN-16449,CUST-3093,4556.79,Credit Card,Temporary Bank/Network Error,11,1,3,162135.69,1
TXN-16450,CUST-1805,7762.53,UPI,Temporary Bank/Network Error,5,1,0,112821.66,1
TXN-16451,CUST-1527,3788.35,UPI,Payment Gateway Timeout,8,1,2,90073.13,1
TXN-16452,CUST-3368,11321.35,Credit Card,Authentication Failed,12,1,0,170145.31,1
TXN-16453,CUST-1433,8295.26,Debit Card,Card Expired,4,0,0,40150.79,0
TXN-16454,CUST-1098,5727.23,Credit Card,Authentication Failed,8,1,0,43022.16,1
TXN-16455,CUST-1517,10387.0,Credit Card,Temporary Bank/Network Error,11,0,3,102912.7,1
TXN-16456,CUST-2405,16838.09,Net Banking,Authentication Failed,8,1,3,102795.95,0
TXN-16457,CUST-2922,3380.28,Credit Card,Authentication Failed,11,0,1,55274.28,0
TXN-16458,CUST-1530,10238.38,Credit Card,Card Expired,9,1,2,119671.02,0
TXN-16459,CUST-2259,7960.54,Debit Card,Card Expired,8,1,2,84907.93,0
TXN-16460,CUST-2260,4480.09,Credit Card,Insufficient Funds,9,0,1,109709.51,0
TXN-16461,CUST-1150,3390.51,Net Banking,Authentication Failed,6,0,0,64966.1,0
TXN-16462,CUST-1593,4832.51,UPI,Insufficient Funds,11,0,3,232243.82,0
TXN-16463,CUST-1161,6227.61,UPI,Card Expired,6,1,0,121313.34,0
TXN-16464,CUST-1430,6426.24,UPI,Authentication Failed,7,1,0,34935.59,1
TXN-16465,CUST-2049,10982.52,Wallet,Temporary Bank/Network Error,3,0,4,82842.81,0
TXN-16466,CUST-1579,7953.63,Wallet,Temporary Bank/Network Error,4,1,3,113136.04,1
TXN-16467,CUST-1630,8036.08,Credit Card,Temporary Bank/Network Error,5,1,1,37975.73,1
TXN-16468,CUST-2295,10603.13,Net Banking,Card Expired,5,0,6,26349.3,0
TXN-16469,CUST-3468,7694.84,Net Banking,Payment Gateway Timeout,6,0,1,77322.42,0
TXN-16470,CUST-1763,3331.02,Net Banking,Temporary Bank/Network Error,8,1,1,24458.94,1
TXN-16471,CUST-1477,11023.76,Net Banking,Card Expired,7,1,3,47013.21,0
TXN-16472,CUST-1148,9288.97,UPI,Authentication Failed,8,0,1,65768.79,0
TXN-16473,CUST-3117,8835.74,Net Banking,Insufficient Funds,7,0,1,115288.54,0
TXN-16474,CUST-1737,6188.39,Wallet,Insufficient Funds,5,0,0,28429.48,0
TXN-16475,CUST-1856,1955.12,UPI,Card Expired,8,0,0,96000.07,0
TXN-16476,CUST-1322,4743.78,Debit Card,Payment Gateway Timeout,5,1,2,148347.25,1
TXN-16477,CUST-1476,4061.48,Net Banking,Payment Gateway Timeout,3,0,1,80695.36,0
TXN-16478,CUST-1508,6606.39,Debit Card,Insufficient Funds,8,0,3,114082.97,0
TXN-16479,CUST-1300,11196.44,Wallet,Insufficient Funds,6,0,1,125001.52,0
TXN-16480,CUST-2411,4725.86,UPI,Payment Gateway Timeout,8,1,2,77446.94,1
TXN-16481,CUST-2717,8091.86,Debit Card,Temporary Bank/Network Error,9,0,2,51125.75,1
TXN-16482,CUST-2330,2336.35,UPI,Insufficient Funds,4,0,2,55860.11,0
TXN-16483,CUST-2275,6211.05,Wallet,Temporary Bank/Network Error,14,1,4,51427.69,1
TXN-16484,CUST-1178,5522.77,UPI,Payment Gateway Timeout,10,0,4,88716.57,0
TXN-16485,CUST-2553,9353.22,Credit Card,Authentication Failed,8,0,2,81378.69,0
TXN-16486,CUST-1880,7386.93,Credit Card,Authentication Failed,3,1,1,119122.5,0
TXN-16487,CUST-3002,3226.46,Credit Card,Card Expired,7,0,1,59497.19,0
TXN-16488,CUST-1543,6228.2,Debit Card,Temporary Bank/Network Error,5,1,1,49103.7,1
TXN-16489,CUST-2600,11909.49,Wallet,Authentication Failed,6,1,1,157950.24,0
TXN-16490,CUST-1176,4483.05,Credit Card,Temporary Bank/Network Error,10,1,1,36763.95,1
TXN-16491,CUST-1777,1357.22,UPI,Temporary Bank/Network Error,4,1,0,44145.51,1
TXN-16492,CUST-2725,6490.3,Credit Card,Temporary Bank/Network Error,10,1,2,48180.37,1
TXN-16493,CUST-3391,2915.54,UPI,Temporary Bank/Network Error,7,0,2,74447.47,0
TXN-16494,CUST-1293,4704.4,UPI,Insufficient Funds,15,0,0,70913.79,1
TXN-16495,CUST-2187,7265.06,Credit Card,Authentication Failed,6,1,2,97470.75,0
TXN-16496,CUST-2253,7521.99,Credit Card,Payment Gateway Timeout,6,0,1,72430.49,0
TXN-16497,CUST-3194,3737.71,Debit Card,Authentication Failed,7,1,4,84435.57,0
TXN-16498,CUST-1201,6590.15,Credit Card,Temporary Bank/Network Error,15,1,1,103458.59,1
TXN-16499,CUST-2292,17955.03,Debit Card,Insufficient Funds,7,1,3,71941.75,0
TXN-16500,CUST-1135,3004.93,Net Banking,Temporary Bank/Network Error,4,1,1,215570.52,1
TXN-16501,CUST-2845,10970.37,Credit Card,Insufficient Funds,7,1,0,103282.26,1
TXN-16502,CUST-2389,12104.96,Wallet,Card Expired,5,0,1,66098.14,0
TXN-16503,CUST-3075,9622.7,Debit Card,Temporary Bank/Network Error,8,1,3,104961.05,1
TXN-16504,CUST-2751,7359.61,UPI,Insufficient Funds,11,0,4,108312.57,0
TXN-16505,CUST-3349,7984.74,UPI,Temporary Bank/Network Error,4,1,1,145971.9,1
TXN-16506,CUST-1075,8943.29,Debit Card,Authentication Failed,4,1,0,65619.86,0
TXN-16507,CUST-3067,9580.82,UPI,Insufficient Funds,9,0,3,62996.79,0
TXN-16508,CUST-1922,9266.64,UPI,Temporary Bank/Network Error,7,1,3,116797.1,1
TXN-16509,CUST-2792,5243.57,UPI,Temporary Bank/Network Error,6,1,2,68020.1,1
TXN-16510,CUST-2309,7251.04,Credit Card,Temporary Bank/Network Error,6,1,1,77443.58,1
TXN-16511,CUST-2621,8714.62,Wallet,Temporary Bank/Network Error,12,0,2,116140.4,1
TXN-16512,CUST-1759,3851.95,Wallet,Temporary Bank/Network Error,6,0,2,131641.01,0
TXN-16513,CUST-1947,8993.16,Wallet,Insufficient Funds,11,0,0,127773.33,0
TXN-16514,CUST-3452,5942.79,UPI,Temporary Bank/Network Error,8,1,1,79950.14,1
TXN-16515,CUST-1089,17971.88,UPI,Authentication Failed,11,0,3,94108.03,0
TXN-16516,CUST-3385,2716.46,UPI,Insufficient Funds,9,1,3,218024.94,1
TXN-16517,CUST-3092,27007.58,Debit Card,Temporary Bank/Network Error,8,0,0,62294.85,1
TXN-16518,CUST-1778,2624.49,Credit Card,Temporary Bank/Network Error,8,1,4,63039.92,1
TXN-16519,CUST-3394,2133.86,Wallet,Insufficient Funds,8,0,3,52749.0,0
TXN-16520,CUST-2094,6096.91,UPI,Card Expired,5,0,1,38163.86,0
TXN-16521,CUST-2302,3104.3,Net Banking,Payment Gateway Timeout,7,0,2,95616.15,0
TXN-16522,CUST-1998,9999.88,Debit Card,Authentication Failed,11,0,0,75134.55,0
TXN-16523,CUST-1429,8640.21,Debit Card,Temporary Bank/Network Error,10,0,3,84264.35,1
TXN-16524,CUST-2707,5027.8,Credit Card,Insufficient Funds,7,0,2,38632.55,0
TXN-16525,CUST-2185,8138.32,UPI,Payment Gateway Timeout,7,1,1,67012.58,1
TXN-16526,CUST-2313,5610.05,UPI,Authentication Failed,4,0,1,48600.0,0
TXN-16527,CUST-3276,4272.16,Credit Card,Insufficient Funds,8,1,2,54116.88,0
TXN-16528,CUST-2420,7134.72,Debit Card,Temporary Bank/Network Error,4,0,0,114740.12,0
TXN-16529,CUST-1276,6664.06,Credit Card,Payment Gateway Timeout,9,1,3,39947.82,1
TXN-16530,CUST-2208,7826.29,UPI,Payment Gateway Timeout,15,1,1,65228.66,1
TXN-16531,CUST-2069,2944.36,UPI,Payment Gateway Timeout,10,0,2,112866.76,1
TXN-16532,CUST-1134,8152.85,Debit Card,Authentication Failed,9,0,1,91798.35,0
TXN-16533,CUST-1908,5309.04,UPI,Authentication Failed,6,0,1,44660.01,0
TXN-16534,CUST-2978,4792.86,Debit Card,Authentication Failed,4,0,1,74239.6,0
TXN-16535,CUST-2265,3158.41,UPI,Authentication Failed,8,1,3,174035.61,0
TXN-16536,CUST-1618,13654.8,Debit Card,Temporary Bank/Network Error,4,0,0,174763.13,1
TXN-16537,CUST-1732,6266.15,UPI,Payment Gateway Timeout,6,0,0,69285.62,1
TXN-16538,CUST-1051,4829.28,UPI,Card Expired,13,1,3,113595.91,1
TXN-16539,CUST-2369,7073.15,UPI,Temporary Bank/Network Error,6,1,0,88881.55,1
TXN-16540,CUST-3010,7790.59,Credit Card,Authentication Failed,9,0,0,97147.74,0
TXN-16541,CUST-2861,3582.33,UPI,Authentication Failed,9,1,0,49341.05,1
TXN-16542,CUST-1140,2538.97,Net Banking,Authentication Failed,9,1,0,108327.5,1
TXN-16543,CUST-1445,5868.7,Net Banking,Temporary Bank/Network Error,11,0,0,68756.37,1
TXN-16544,CUST-2207,6712.29,Credit Card,Payment Gateway Timeout,13,1,1,142280.64,1
TXN-16545,CUST-1148,6578.43,Debit Card,Payment Gateway Timeout,5,1,0,27619.82,1
TXN-16546,CUST-2587,3310.24,UPI,Insufficient Funds,12,1,0,100707.84,1
TXN-16547,CUST-2853,3273.4,Debit Card,Authentication Failed,4,1,2,96788.69,0
TXN-16548,CUST-3076,8780.63,Credit Card,Insufficient Funds,13,0,1,43133.05,0
TXN-16549,CUST-3041,4378.47,UPI,Temporary Bank/Network Error,12,1,3,103316.54,1
TXN-16550,CUST-2580,8550.02,UPI,Authentication Failed,3,0,2,54437.27,0
TXN-16551,CUST-1372,7917.11,Credit Card,Authentication Failed,9,1,1,57120.64,1
TXN-16552,CUST-1709,4701.84,Credit Card,Payment Gateway Timeout,5,0,2,138532.87,0
TXN-16553,CUST-3036,3397.21,Debit Card,Payment Gateway Timeout,3,0,3,89061.24,0
TXN-16554,CUST-1229,7577.75,Debit Card,Card Expired,7,0,3,53192.62,0
TXN-16555,CUST-1906,9168.55,Debit Card,Temporary Bank/Network Error,9,1,2,54245.27,1
TXN-16556,CUST-2085,9412.46,Net Banking,Temporary Bank/Network Error,8,0,1,150972.96,0
TXN-16557,CUST-2513,7195.85,Net Banking,Insufficient Funds,12,1,0,48843.51,1
TXN-16558,CUST-1202,6506.45,UPI,Insufficient Funds,9,0,0,59114.34,0
TXN-16559,CUST-1810,7595.28,Debit Card,Payment Gateway Timeout,10,1,2,51536.09,1
TXN-16560,CUST-2540,13205.67,UPI,Insufficient Funds,12,0,4,69919.77,0
TXN-16561,CUST-1557,5272.61,Debit Card,Payment Gateway Timeout,7,0,2,39999.76,0
TXN-16562,CUST-2491,6704.65,UPI,Temporary Bank/Network Error,13,1,0,94297.88,1
TXN-16563,CUST-1336,4319.55,UPI,Authentication Failed,10,0,1,42006.1,0
TXN-16564,CUST-2988,2323.54,Debit Card,Temporary Bank/Network Error,7,1,1,70312.73,1
TXN-16565,CUST-3156,3546.81,UPI,Insufficient Funds,7,1,0,47443.43,1
TXN-16566,CUST-3175,4538.29,UPI,Payment Gateway Timeout,6,0,2,88556.72,0
TXN-16567,CUST-1196,6040.07,Credit Card,Temporary Bank/Network Error,6,1,0,48687.8,1
TXN-16568,CUST-2979,6951.07,UPI,Insufficient Funds,4,0,2,169500.19,0
TXN-16569,CUST-1740,5265.34,Net Banking,Authentication Failed,6,0,1,76203.24,0
TXN-16570,CUST-2730,13434.81,Net Banking,Temporary Bank/Network Error,7,1,0,103324.52,1
TXN-16571,CUST-1910,4680.58,UPI,Insufficient Funds,7,1,1,43809.47,0
TXN-16572,CUST-2775,13457.75,UPI,Payment Gateway Timeout,4,1,0,130556.77,1
TXN-16573,CUST-1482,15673.07,Credit Card,Temporary Bank/Network Error,8,1,0,121912.94,1
TXN-16574,CUST-2127,7179.44,Debit Card,Authentication Failed,12,1,3,69617.72,1
TXN-16575,CUST-1614,6588.2,Wallet,Authentication Failed,9,1,1,68667.62,1
TXN-16576,CUST-2812,5376.51,Net Banking,Card Expired,8,0,0,68793.06,0
TXN-16577,CUST-3248,4610.51,UPI,Insufficient Funds,7,0,1,91752.24,0
TXN-16578,CUST-2116,2330.66,Credit Card,Payment Gateway Timeout,6,1,1,143858.76,1
TXN-16579,CUST-1400,4690.31,UPI,Authentication Failed,7,0,2,77665.81,0
TXN-16580,CUST-1609,11159.44,Wallet,Temporary Bank/Network Error,5,1,0,65911.33,1
TXN-16581,CUST-1893,14445.77,Credit Card,Payment Gateway Timeout,9,1,0,31455.89,1
TXN-16582,CUST-1182,8205.41,Credit Card,Card Expired,6,1,0,204599.59,1
TXN-16583,CUST-2949,4050.92,UPI,Temporary Bank/Network Error,9,0,1,176900.68,1
TXN-16584,CUST-3097,20514.56,Debit Card,Temporary Bank/Network Error,9,0,1,65139.69,1
TXN-16585,CUST-2555,10217.89,Net Banking,Temporary Bank/Network Error,13,1,1,66795.84,1
TXN-16586,CUST-3090,8080.74,Credit Card,Temporary Bank/Network Error,6,1,4,121203.53,1
TXN-16587,CUST-2645,7762.71,UPI,Temporary Bank/Network Error,7,1,2,28427.53,1
TXN-16588,CUST-2759,11235.92,Credit Card,Temporary Bank/Network Error,9,1,2,96334.76,1
TXN-16589,CUST-1570,6759.1,UPI,Card Expired,10,0,1,50064.79,0
TXN-16590,CUST-1778,5199.89,Credit Card,Insufficient Funds,6,0,3,90971.37,0
TXN-16591,CUST-1073,11954.5,Net Banking,Temporary Bank/Network Error,9,1,3,95325.27,1
TXN-16592,CUST-2877,5097.43,UPI,Temporary Bank/Network Error,8,0,1,95487.92,1
TXN-16593,CUST-1253,2808.23,Wallet,Temporary Bank/Network Error,11,1,1,101237.28,1
TXN-16594,CUST-2591,5332.5,Debit Card,Authentication Failed,6,1,0,68251.6,0
TXN-16595,CUST-1784,2825.67,UPI,Insufficient Funds,8,1,2,41823.74,0
TXN-16596,CUST-2711,4122.22,UPI,Temporary Bank/Network Error,7,0,2,281201.15,1
TXN-16597,CUST-1875,13010.1,Debit Card,Payment Gateway Timeout,11,1,5,63586.54,1
TXN-16598,CUST-1974,5772.17,UPI,Insufficient Funds,8,1,1,81426.26,1
TXN-16599,CUST-1356,5478.87,Net Banking,Temporary Bank/Network Error,11,0,1,54600.62,1
TXN-16600,CUST-2385,2667.25,Credit Card,Authentication Failed,10,0,2,140330.48,0
TXN-16601,CUST-1423,3931.62,Debit Card,Authentication Failed,6,0,2,87580.61,0
TXN-16602,CUST-2673,4253.94,UPI,Payment Gateway Timeout,8,0,1,105361.23,1
TXN-16603,CUST-1594,11724.87,UPI,Temporary Bank/Network Error,10,0,1,66061.13,1
TXN-16604,CUST-3458,6255.93,Credit Card,Payment Gateway Timeout,11,1,1,77700.51,1
TXN-16605,CUST-2772,5552.72,UPI,Temporary Bank/Network Error,9,1,3,63085.37,1
TXN-16606,CUST-1981,10505.93,Net Banking,Insufficient Funds,13,1,0,96362.17,1
TXN-16607,CUST-1400,6192.94,UPI,Insufficient Funds,8,0,0,128363.74,0
TXN-16608,CUST-1574,5651.18,Debit Card,Card Expired,8,0,1,134720.32,0
TXN-16609,CUST-1907,4953.29,Credit Card,Payment Gateway Timeout,9,1,1,52167.29,1
TXN-16610,CUST-2033,3519.6,UPI,Card Expired,7,0,2,64555.94,0
TXN-16611,CUST-2534,11987.04,Net Banking,Payment Gateway Timeout,7,1,0,120649.16,1
TXN-16612,CUST-3319,5840.79,UPI,Temporary Bank/Network Error,2,1,0,180456.47,1
TXN-16613,CUST-1103,5773.36,UPI,Temporary Bank/Network Error,11,1,2,77488.59,1
TXN-16614,CUST-3391,6075.89,Net Banking,Insufficient Funds,10,0,4,65694.01,0
TXN-16615,CUST-2408,3973.95,UPI,Payment Gateway Timeout,13,1,4,62333.82,1
TXN-16616,CUST-3093,6303.94,UPI,Insufficient Funds,8,1,2,90354.82,0
TXN-16617,CUST-1294,5366.33,Credit Card,Temporary Bank/Network Error,5,1,2,84920.71,1
TXN-16618,CUST-1644,6917.05,Credit Card,Temporary Bank/Network Error,6,1,0,121037.1,1
TXN-16619,CUST-2989,6134.9,Net Banking,Card Expired,4,0,2,18687.73,0
TXN-16620,CUST-1773,22233.91,Credit Card,Authentication Failed,11,1,2,133829.32,1
TXN-16621,CUST-1680,5267.65,UPI,Insufficient Funds,9,1,1,72952.78,1
TXN-16622,CUST-2113,5815.58,UPI,Card Expired,7,0,1,69358.11,0
TXN-16623,CUST-1524,12606.06,UPI,Insufficient Funds,11,1,2,56074.06,1
TXN-16624,CUST-1616,8775.51,Net Banking,Authentication Failed,7,0,1,37806.63,0
TXN-16625,CUST-1248,6797.24,Credit Card,Payment Gateway Timeout,6,0,2,71271.14,0
TXN-16626,CUST-2296,9476.76,Net Banking,Insufficient Funds,8,0,2,98980.25,0
TXN-16627,CUST-1745,5214.83,Debit Card,Authentication Failed,4,1,1,34337.26,0
TXN-16628,CUST-1944,11276.09,UPI,Insufficient Funds,3,0,4,63850.62,0
TXN-16629,CUST-1357,1741.47,Credit Card,Insufficient Funds,9,1,4,50111.5,0
TXN-16630,CUST-1836,13143.93,Debit Card,Insufficient Funds,6,1,1,80180.32,0
TXN-16631,CUST-1614,8060.07,Debit Card,Insufficient Funds,7,1,1,70634.41,0
TXN-16632,CUST-1925,7681.55,Debit Card,Temporary Bank/Network Error,4,0,5,36201.81,0
TXN-16633,CUST-1627,15257.75,Net Banking,Temporary Bank/Network Error,9,1,1,51683.03,1
TXN-16634,CUST-2153,4228.41,Net Banking,Insufficient Funds,11,1,0,59587.07,1
TXN-16635,CUST-2029,5842.97,Debit Card,Insufficient Funds,10,1,0,32497.0,1
TXN-16636,CUST-1874,6384.64,Credit Card,Temporary Bank/Network Error,12,1,0,57420.31,1
TXN-16637,CUST-3256,14904.03,Debit Card,Insufficient Funds,5,1,1,121401.15,0
TXN-16638,CUST-3275,6948.64,Credit Card,Temporary Bank/Network Error,5,0,1,54483.33,0
TXN-16639,CUST-3169,6268.14,Credit Card,Temporary Bank/Network Error,7,0,2,208811.8,1
TXN-16640,CUST-1843,14539.21,Net Banking,Temporary Bank/Network Error,6,1,1,44421.36,1
TXN-16641,CUST-3178,25731.03,Net Banking,Card Expired,3,1,4,147394.29,0
TXN-16642,CUST-1730,3425.24,UPI,Temporary Bank/Network Error,6,0,3,126778.22,0
TXN-16643,CUST-1931,5626.42,UPI,Temporary Bank/Network Error,8,1,0,87891.24,1
TXN-16644,CUST-1430,5964.57,Debit Card,Temporary Bank/Network Error,6,1,3,73939.92,1
TXN-16645,CUST-1686,15330.36,Net Banking,Authentication Failed,7,0,3,95798.37,0
TXN-16646,CUST-1940,7738.26,Credit Card,Authentication Failed,11,1,1,160962.6,1
TXN-16647,CUST-2308,8157.05,Wallet,Payment Gateway Timeout,4,1,2,72415.46,1
TXN-16648,CUST-3075,12268.06,Credit Card,Authentication Failed,19,1,2,62254.8,1
TXN-16649,CUST-2369,4540.42,UPI,Insufficient Funds,10,1,3,86158.99,0
TXN-16650,CUST-1650,8157.46,UPI,Card Expired,6,0,1,105370.46,0
TXN-16651,CUST-1936,4185.03,UPI,Payment Gateway Timeout,7,1,2,80940.63,1
TXN-16652,CUST-2734,8937.64,UPI,Payment Gateway Timeout,10,1,1,114545.03,1
TXN-16653,CUST-3016,3858.7,UPI,Authentication Failed,9,1,0,97079.35,1
TXN-16654,CUST-2223,19417.68,Credit Card,Authentication Failed,11,1,1,70403.73,1
TXN-16655,CUST-3465,10765.94,Debit Card,Temporary Bank/Network Error,11,0,1,121142.44,1
TXN-16656,CUST-1182,8045.79,Net Banking,Temporary Bank/Network Error,9,0,3,246251.21,1
TXN-16657,CUST-1215,15172.44,Net Banking,Temporary Bank/Network Error,11,0,0,72014.01,1
TXN-16658,CUST-1415,6808.67,Wallet,Temporary Bank/Network Error,11,0,2,41875.32,1
TXN-16659,CUST-2806,7598.07,Debit Card,Insufficient Funds,5,1,1,39608.48,0
TXN-16660,CUST-1687,3936.12,Wallet,Temporary Bank/Network Error,8,1,4,90545.19,1
TXN-16661,CUST-2068,3876.6,UPI,Temporary Bank/Network Error,12,1,1,94596.54,1
TXN-16662,CUST-1412,17421.78,Wallet,Temporary Bank/Network Error,9,0,1,113023.24,1
TXN-16663,CUST-1526,2450.91,Net Banking,Temporary Bank/Network Error,9,0,1,150637.47,1
TXN-16664,CUST-3031,6612.15,Net Banking,Temporary Bank/Network Error,10,0,1,29227.02,1
TXN-16665,CUST-1087,11819.55,Wallet,Authentication Failed,8,1,2,41401.55,0
TXN-16666,CUST-1473,8426.09,Debit Card,Authentication Failed,6,1,1,66730.42,0
TXN-16667,CUST-2972,6322.75,Debit Card,Temporary Bank/Network Error,11,1,2,89023.16,1
TXN-16668,CUST-1132,7597.12,Debit Card,Card Expired,9,0,1,38804.63,0
TXN-16669,CUST-2892,2617.05,Credit Card,Insufficient Funds,7,1,1,82587.16,0
TXN-16670,CUST-2226,5031.93,UPI,Temporary Bank/Network Error,11,0,1,56440.94,1
TXN-16671,CUST-2599,6523.38,UPI,Card Expired,2,0,0,45996.1,0
TXN-16672,CUST-1580,6700.89,Debit Card,Temporary Bank/Network Error,12,1,1,36711.61,1
TXN-16673,CUST-1861,5465.02,Net Banking,Authentication Failed,12,1,0,188019.48,1
TXN-16674,CUST-1432,3389.69,UPI,Temporary Bank/Network Error,8,1,2,93606.21,1
TXN-16675,CUST-2887,17723.82,Debit Card,Insufficient Funds,6,0,2,22959.36,0
TXN-16676,CUST-3500,10639.01,UPI,Payment Gateway Timeout,8,0,2,118774.69,0
TXN-16677,CUST-2508,10881.08,UPI,Temporary Bank/Network Error,11,0,0,43450.75,1
TXN-16678,CUST-1972,6202.34,UPI,Card Expired,14,0,0,46136.25,1
TXN-16679,CUST-2017,4584.26,Wallet,Insufficient Funds,9,0,2,68665.42,0
TXN-16680,CUST-3300,2677.25,UPI,Payment Gateway Timeout,7,1,3,135948.14,1
TXN-16681,CUST-2285,9835.56,Wallet,Temporary Bank/Network Error,9,1,3,94390.97,1
TXN-16682,CUST-1955,7109.82,Wallet,Temporary Bank/Network Error,11,1,1,107074.13,1
TXN-16683,CUST-2411,10825.16,Debit Card,Authentication Failed,5,0,2,18897.12,0
TXN-16684,CUST-1353,9204.81,Net Banking,Authentication Failed,7,0,1,85816.68,0
TXN-16685,CUST-2963,12803.21,Wallet,Card Expired,8,1,1,64935.4,0
TXN-16686,CUST-1505,4582.93,Wallet,Temporary Bank/Network Error,11,1,3,100127.22,1
TXN-16687,CUST-3111,4986.08,Wallet,Insufficient Funds,10,1,0,60899.11,1
TXN-16688,CUST-3368,4684.73,UPI,Insufficient Funds,3,1,0,79533.94,0
TXN-16689,CUST-2667,3899.11,UPI,Temporary Bank/Network Error,11,1,0,169086.9,1
TXN-16690,CUST-3441,3347.03,UPI,Authentication Failed,13,1,2,58731.03,1
TXN-16691,CUST-2016,8184.34,UPI,Authentication Failed,12,1,0,34415.63,1
TXN-16692,CUST-3284,8312.97,Net Banking,Insufficient Funds,9,0,0,40103.82,0
TXN-16693,CUST-3314,5264.46,Debit Card,Card Expired,9,1,1,40246.63,0
TXN-16694,CUST-1173,10652.98,Net Banking,Temporary Bank/Network Error,6,0,2,160124.57,0
TXN-16695,CUST-3415,6949.7,Wallet,Payment Gateway Timeout,12,1,1,45331.46,1
TXN-16696,CUST-3044,3758.2,UPI,Insufficient Funds,9,1,2,45259.67,0
TXN-16697,CUST-1051,9658.34,UPI,Temporary Bank/Network Error,8,0,1,55062.73,1
TXN-16698,CUST-2963,11612.11,Net Banking,Insufficient Funds,8,1,2,60184.95,0
TXN-16699,CUST-1474,7313.8,UPI,Authentication Failed,3,0,0,44483.17,0
TXN-16700,CUST-2468,13079.38,UPI,Card Expired,7,0,3,73027.76,0
TXN-16701,CUST-1403,8061.86,Net Banking,Authentication Failed,9,0,1,73389.46,0
TXN-16702,CUST-2245,13151.07,Credit Card,Authentication Failed,13,1,3,38112.13,1
TXN-16703,CUST-3136,8794.14,Credit Card,Payment Gateway Timeout,9,1,1,72137.19,1
TXN-16704,CUST-1218,5864.89,Debit Card,Temporary Bank/Network Error,5,0,1,87567.45,0
TXN-16705,CUST-1947,8683.38,Wallet,Temporary Bank/Network Error,13,1,0,80817.31,1
TXN-16706,CUST-1772,13815.09,Net Banking,Temporary Bank/Network Error,9,1,2,121857.2,1
TXN-16707,CUST-3154,7340.75,Net Banking,Card Expired,14,1,1,17012.66,1
TXN-16708,CUST-2176,5701.25,Debit Card,Insufficient Funds,8,1,2,47533.17,0
TXN-16709,CUST-3200,5385.19,Credit Card,Temporary Bank/Network Error,7,1,0,142781.68,1
TXN-16710,CUST-1595,6515.08,UPI,Authentication Failed,9,0,1,91167.41,0
TXN-16711,CUST-1637,6955.85,Net Banking,Temporary Bank/Network Error,8,1,2,125269.64,1
TXN-16712,CUST-2426,7267.11,Debit Card,Card Expired,5,1,3,112345.33,0
TXN-16713,CUST-2300,24952.45,Net Banking,Card Expired,11,1,2,57705.5,0
TXN-16714,CUST-3187,5055.31,UPI,Payment Gateway Timeout,7,1,1,52595.29,1
TXN-16715,CUST-3203,8276.9,Wallet,Authentication Failed,14,1,1,79383.45,1
TXN-16716,CUST-3291,9457.68,Credit Card,Temporary Bank/Network Error,1,1,3,30724.41,0
TXN-16717,CUST-1637,3005.21,Credit Card,Insufficient Funds,5,1,2,125839.48,0
TXN-16718,CUST-3171,9488.18,UPI,Insufficient Funds,9,0,1,115247.05,0
TXN-16719,CUST-1392,3448.48,Net Banking,Authentication Failed,14,0,2,57304.1,0
TXN-16720,CUST-1942,13208.85,Net Banking,Temporary Bank/Network Error,12,1,0,105381.25,1
TXN-16721,CUST-3271,6044.88,UPI,Insufficient Funds,6,0,3,94859.08,0
TXN-16722,CUST-2680,8787.77,UPI,Temporary Bank/Network Error,8,1,2,44843.85,1
TXN-16723,CUST-3229,3749.67,Net Banking,Temporary Bank/Network Error,8,1,0,57766.08,1
TXN-16724,CUST-2647,21123.61,UPI,Payment Gateway Timeout,4,0,3,105423.58,0
TXN-16725,CUST-2536,4528.63,UPI,Insufficient Funds,10,1,0,100581.85,1
TXN-16726,CUST-2996,5883.21,Credit Card,Card Expired,6,0,0,63636.84,0
TXN-16727,CUST-3093,9087.86,UPI,Temporary Bank/Network Error,7,1,1,173837.92,1
TXN-16728,CUST-2691,3044.7,UPI,Authentication Failed,8,1,3,52999.03,0
TXN-16729,CUST-1972,25257.8,Credit Card,Insufficient Funds,13,1,3,76842.61,1
TXN-16730,CUST-1771,7965.08,UPI,Card Expired,9,1,2,84473.1,0
TXN-16731,CUST-1314,13689.93,Net Banking,Temporary Bank/Network Error,12,0,1,79881.76,1
TXN-16732,CUST-3212,4378.79,Credit Card,Insufficient Funds,9,1,1,84405.41,1
TXN-16733,CUST-3494,3273.43,Credit Card,Insufficient Funds,10,0,1,60039.73,0
TXN-16734,CUST-3184,13716.18,Net Banking,Payment Gateway Timeout,8,1,2,109201.89,1
TXN-16735,CUST-2272,8542.81,Credit Card,Insufficient Funds,8,0,3,246872.16,0
TXN-16736,CUST-1711,9470.39,UPI,Insufficient Funds,9,1,0,30611.62,1
TXN-16737,CUST-3493,6234.65,Debit Card,Insufficient Funds,7,1,1,78757.23,0
TXN-16738,CUST-2968,7839.76,Credit Card,Card Expired,4,1,0,68697.42,0
TXN-16739,CUST-3428,12112.85,Debit Card,Card Expired,10,0,1,97323.85,0
TXN-16740,CUST-1375,5372.95,UPI,Authentication Failed,7,1,0,93828.45,1
TXN-16741,CUST-2579,7371.05,Credit Card,Temporary Bank/Network Error,8,1,1,32762.29,1
TXN-16742,CUST-3376,11151.7,Credit Card,Authentication Failed,10,0,0,60340.63,0
TXN-16743,CUST-3137,5599.41,Debit Card,Authentication Failed,8,1,4,102193.38,0
TXN-16744,CUST-1980,8190.69,Net Banking,Payment Gateway Timeout,8,1,2,45047.49,1
TXN-16745,CUST-1576,4663.11,Credit Card,Card Expired,12,1,1,167643.38,1
TXN-16746,CUST-1797,7973.12,Credit Card,Temporary Bank/Network Error,8,1,4,91268.26,1
TXN-16747,CUST-2175,11231.09,UPI,Insufficient Funds,8,1,0,94537.89,1
TXN-16748,CUST-3119,5771.96,Wallet,Card Expired,7,0,3,97421.13,0
TXN-16749,CUST-1975,8230.63,Wallet,Authentication Failed,8,0,1,47899.69,0
TXN-16750,CUST-1265,4204.5,Wallet,Insufficient Funds,7,0,0,71079.16,0
TXN-16751,CUST-3323,8032.59,Wallet,Insufficient Funds,10,0,1,70822.24,0
TXN-16752,CUST-1333,7996.79,Wallet,Insufficient Funds,10,0,1,37354.27,0
TXN-16753,CUST-2301,8511.24,Net Banking,Temporary Bank/Network Error,5,1,1,170991.69,1
TXN-16754,CUST-3103,6711.6,Net Banking,Temporary Bank/Network Error,10,1,0,93602.01,1
TXN-16755,CUST-2938,3556.48,UPI,Temporary Bank/Network Error,6,1,2,76310.31,1
TXN-16756,CUST-1198,11195.13,Debit Card,Insufficient Funds,6,0,3,28160.42,0
TXN-16757,CUST-2660,6400.7,UPI,Card Expired,6,1,0,33965.91,0
TXN-16758,CUST-2578,6239.1,Credit Card,Authentication Failed,6,0,2,160057.82,0
TXN-16759,CUST-1948,5593.66,UPI,Authentication Failed,9,1,1,36943.79,1
TXN-16760,CUST-1927,18017.25,Debit Card,Card Expired,6,0,1,113958.6,0
TXN-16761,CUST-3164,4873.6,UPI,Temporary Bank/Network Error,7,1,0,98801.03,1
TXN-16762,CUST-2523,6521.86,UPI,Authentication Failed,10,1,0,77498.26,1
TXN-16763,CUST-3110,14541.04,Debit Card,Temporary Bank/Network Error,9,0,1,46288.87,1
TXN-16764,CUST-3390,11534.22,Net Banking,Payment Gateway Timeout,9,1,1,77900.57,1
TXN-16765,CUST-2643,7524.94,Debit Card,Temporary Bank/Network Error,3,0,1,87949.77,0
TXN-16766,CUST-1769,4639.79,Credit Card,Insufficient Funds,9,1,3,28409.18,0
TXN-16767,CUST-1632,4730.82,Debit Card,Temporary Bank/Network Error,10,0,2,122160.35,1
TXN-16768,CUST-1616,3390.36,UPI,Payment Gateway Timeout,3,0,1,61553.34,0
TXN-16769,CUST-3463,6961.85,Credit Card,Authentication Failed,7,1,2,99077.62,0
TXN-16770,CUST-3019,3916.5,Wallet,Temporary Bank/Network Error,9,1,1,64479.7,1
TXN-16771,CUST-3171,7163.35,Net Banking,Temporary Bank/Network Error,4,0,1,71170.03,0
TXN-16772,CUST-1483,14642.48,UPI,Insufficient Funds,5,0,0,34631.27,0
TXN-16773,CUST-2458,7863.89,Credit Card,Temporary Bank/Network Error,8,1,4,42166.1,1
TXN-16774,CUST-3202,27717.28,Credit Card,Authentication Failed,12,1,0,111321.42,1
TXN-16775,CUST-3478,5617.29,Debit Card,Temporary Bank/Network Error,8,0,1,123306.48,1
TXN-16776,CUST-3187,4677.25,Debit Card,Temporary Bank/Network Error,7,1,2,63410.13,1
TXN-16777,CUST-3138,10685.39,Net Banking,Insufficient Funds,12,1,0,115309.55,1
TXN-16778,CUST-3378,5660.29,UPI,Authentication Failed,6,1,3,55542.13,0
TXN-16779,CUST-1963,3891.51,Debit Card,Authentication Failed,6,1,1,103904.2,0
TXN-16780,CUST-3412,5557.7,Net Banking,Temporary Bank/Network Error,11,1,5,60961.86,1
TXN-16781,CUST-3333,9602.58,UPI,Card Expired,8,1,2,20700.88,0
TXN-16782,CUST-3310,5720.94,Debit Card,Authentication Failed,5,1,2,78392.11,0
TXN-16783,CUST-2319,4571.11,UPI,Temporary Bank/Network Error,7,1,1,98943.74,1
TXN-16784,CUST-1761,3843.64,Wallet,Card Expired,9,0,1,120411.48,0
TXN-16785,CUST-3283,6036.93,Net Banking,Insufficient Funds,7,0,1,54856.52,0
TXN-16786,CUST-2144,6495.25,UPI,Authentication Failed,5,1,2,69389.89,0
TXN-16787,CUST-3469,4265.91,Debit Card,Payment Gateway Timeout,12,1,2,93149.15,1
TXN-16788,CUST-2138,2702.83,UPI,Insufficient Funds,5,0,1,50963.83,0
TXN-16789,CUST-1755,4961.58,Wallet,Payment Gateway Timeout,13,1,1,50492.34,1
TXN-16790,CUST-3128,14480.33,UPI,Temporary Bank/Network Error,9,1,1,121340.56,1
TXN-16791,CUST-1342,4121.21,Net Banking,Authentication Failed,8,1,4,81632.34,0
TXN-16792,CUST-2805,7455.36,Debit Card,Insufficient Funds,6,1,3,126489.02,0
TXN-16793,CUST-1084,7147.74,Credit Card,Authentication Failed,4,0,3,49979.02,0
TXN-16794,CUST-1344,10167.31,Debit Card,Temporary Bank/Network Error,8,1,2,84242.29,1
TXN-16795,CUST-1236,3651.58,Net Banking,Insufficient Funds,10,1,3,106275.41,0
TXN-16796,CUST-2652,8915.66,Credit Card,Temporary Bank/Network Error,9,1,4,56444.42,1
TXN-16797,CUST-2528,3494.58,Credit Card,Temporary Bank/Network Error,7,1,0,69051.13,1
TXN-16798,CUST-3355,7872.65,Wallet,Authentication Failed,6,1,2,96174.8,0
TXN-16799,CUST-2175,7543.02,Debit Card,Temporary Bank/Network Error,7,0,0,98212.23,1
TXN-16800,CUST-2524,6764.57,Net Banking,Authentication Failed,7,0,3,65213.52,0
TXN-16801,CUST-2572,13962.14,Debit Card,Temporary Bank/Network Error,6,0,0,103638.32,1
TXN-16802,CUST-2523,9115.94,Net Banking,Insufficient Funds,8,1,1,73697.58,0
TXN-16803,CUST-3205,18085.89,Credit Card,Authentication Failed,7,1,0,101694.06,1
TXN-16804,CUST-1665,7635.25,Credit Card,Payment Gateway Timeout,3,0,1,97191.06,0
TXN-16805,CUST-3264,2529.36,Wallet,Insufficient Funds,3,1,0,30679.44,0
TXN-16806,CUST-2177,22738.81,Credit Card,Card Expired,5,0,3,144144.12,0
TXN-16807,CUST-1207,12909.37,UPI,Temporary Bank/Network Error,6,1,2,165438.94,1
TXN-16808,CUST-2242,8200.15,Debit Card,Temporary Bank/Network Error,10,0,2,65230.57,1
TXN-16809,CUST-1296,5312.63,UPI,Temporary Bank/Network Error,10,0,3,73613.62,1
TXN-16810,CUST-2620,6426.58,Credit Card,Payment Gateway Timeout,7,0,2,22750.31,0
TXN-16811,CUST-3123,6890.09,UPI,Temporary Bank/Network Error,10,0,0,183366.14,1
TXN-16812,CUST-1062,11432.71,UPI,Card Expired,6,0,0,51698.17,0
TXN-16813,CUST-1635,6557.6,Wallet,Payment Gateway Timeout,4,0,0,45776.04,0
TXN-16814,CUST-1211,3519.44,Debit Card,Payment Gateway Timeout,2,0,1,71886.33,0
TXN-16815,CUST-1108,8764.41,Debit Card,Temporary Bank/Network Error,12,0,2,34643.32,1
TXN-16816,CUST-1310,8304.62,Credit Card,Payment Gateway Timeout,7,1,1,21237.25,1
TXN-16817,CUST-2816,6158.45,Net Banking,Temporary Bank/Network Error,13,1,3,66574.22,1
TXN-16818,CUST-1299,18848.98,Debit Card,Temporary Bank/Network Error,8,1,3,72494.98,1
TXN-16819,CUST-1824,6746.05,Net Banking,Authentication Failed,10,0,2,86362.94,0
TXN-16820,CUST-1810,9707.7,Credit Card,Insufficient Funds,6,0,0,81376.01,0
TXN-16821,CUST-1734,6571.8,Credit Card,Authentication Failed,7,1,4,71958.54,0
TXN-16822,CUST-3451,10036.02,Credit Card,Authentication Failed,15,0,0,163425.35,1
TXN-16823,CUST-2937,6570.68,Credit Card,Authentication Failed,7,1,1,99512.55,0
TXN-16824,CUST-1745,6494.24,Credit Card,Insufficient Funds,8,0,0,131703.47,0
TXN-16825,CUST-2590,2882.39,Net Banking,Card Expired,11,0,2,137496.28,0
TXN-16826,CUST-1228,6953.63,Debit Card,Insufficient Funds,5,1,1,88606.49,0
TXN-16827,CUST-2412,7685.8,Credit Card,Payment Gateway Timeout,10,0,2,144957.39,1
TXN-16828,CUST-2498,5223.4,Credit Card,Payment Gateway Timeout,6,1,2,50072.34,1
TXN-16829,CUST-1163,6832.49,Net Banking,Temporary Bank/Network Error,12,0,1,53699.52,1
TXN-16830,CUST-1920,3606.95,UPI,Authentication Failed,7,1,0,133865.29,1
TXN-16831,CUST-2590,10443.81,UPI,Insufficient Funds,4,1,3,50460.94,0
TXN-16832,CUST-1442,4390.78,Wallet,Payment Gateway Timeout,10,1,2,23012.38,1
TXN-16833,CUST-1381,4959.85,Net Banking,Insufficient Funds,7,0,1,109479.96,0
TXN-16834,CUST-2208,9280.51,Wallet,Authentication Failed,11,0,1,84070.12,0
TXN-16835,CUST-1106,7379.19,Debit Card,Payment Gateway Timeout,4,1,2,125441.12,1
TXN-16836,CUST-1806,12709.73,UPI,Insufficient Funds,9,0,1,82606.68,0
TXN-16837,CUST-1713,4494.97,UPI,Card Expired,6,0,1,72630.47,0
TXN-16838,CUST-2462,3977.84,Wallet,Card Expired,11,1,0,70539.59,1
TXN-16839,CUST-1003,4195.32,Debit Card,Temporary Bank/Network Error,9,1,1,118244.63,1
TXN-16840,CUST-2064,10492.87,Credit Card,Payment Gateway Timeout,10,0,1,33629.11,1
TXN-16841,CUST-2511,4422.88,UPI,Payment Gateway Timeout,6,0,4,65376.11,0
TXN-16842,CUST-2300,8934.82,UPI,Insufficient Funds,12,0,2,225473.67,0
TXN-16843,CUST-2662,6483.47,UPI,Payment Gateway Timeout,14,0,1,106276.16,1
TXN-16844,CUST-1671,6685.36,UPI,Temporary Bank/Network Error,9,0,0,93356.49,1
TXN-16845,CUST-1609,6594.64,UPI,Payment Gateway Timeout,8,1,2,73884.8,1
TXN-16846,CUST-1383,1550.25,Debit Card,Temporary Bank/Network Error,7,1,4,133708.93,1
TXN-16847,CUST-1617,7084.35,UPI,Temporary Bank/Network Error,8,1,0,77535.26,1
TXN-16848,CUST-2782,9589.3,Credit Card,Payment Gateway Timeout,10,1,0,126054.45,1
TXN-16849,CUST-3384,17845.29,UPI,Temporary Bank/Network Error,9,0,1,28252.13,1
TXN-16850,CUST-3191,6779.65,UPI,Temporary Bank/Network Error,10,0,0,76342.31,1
TXN-16851,CUST-2622,8860.84,Net Banking,Temporary Bank/Network Error,7,1,1,20514.37,1
TXN-16852,CUST-2424,7173.98,Debit Card,Payment Gateway Timeout,10,1,3,37397.98,1
TXN-16853,CUST-2419,20523.43,UPI,Insufficient Funds,7,1,0,88312.48,1
TXN-16854,CUST-1894,7377.53,Credit Card,Card Expired,8,0,2,89613.29,0
TXN-16855,CUST-1585,5916.03,UPI,Temporary Bank/Network Error,10,1,3,19991.17,1
TXN-16856,CUST-1270,5120.96,UPI,Insufficient Funds,13,1,3,66804.18,1
TXN-16857,CUST-1954,13328.59,Credit Card,Insufficient Funds,8,1,0,92190.41,1
TXN-16858,CUST-1265,9443.72,Debit Card,Insufficient Funds,12,0,1,61948.0,0
TXN-16859,CUST-2416,5636.58,UPI,Authentication Failed,7,0,2,176921.76,0
TXN-16860,CUST-2699,9917.61,Credit Card,Temporary Bank/Network Error,10,0,2,42681.98,1
TXN-16861,CUST-1340,8926.49,Net Banking,Authentication Failed,6,0,1,67380.43,0
TXN-16862,CUST-1530,10915.23,UPI,Payment Gateway Timeout,8,1,1,86213.33,1
TXN-16863,CUST-2829,6218.46,UPI,Insufficient Funds,7,0,1,85287.9,0
TXN-16864,CUST-3137,5766.58,Debit Card,Insufficient Funds,8,1,4,91507.02,0
TXN-16865,CUST-2259,6991.62,Debit Card,Insufficient Funds,13,0,0,77595.06,1
TXN-16866,CUST-3076,4663.32,Credit Card,Payment Gateway Timeout,4,0,2,117017.62,0
TXN-16867,CUST-3368,7695.29,Credit Card,Payment Gateway Timeout,4,0,0,65282.98,0
TXN-16868,CUST-2200,6049.83,Credit Card,Temporary Bank/Network Error,8,0,1,80080.15,1
TXN-16869,CUST-2565,6273.46,UPI,Authentication Failed,8,0,2,45516.89,0
TXN-16870,CUST-3070,11045.51,Debit Card,Insufficient Funds,5,1,1,177831.58,0
TXN-16871,CUST-3279,9384.5,Wallet,Authentication Failed,10,1,1,76762.5,1
TXN-16872,CUST-2636,6585.23,UPI,Card Expired,8,0,1,94621.52,0
TXN-16873,CUST-2217,7842.4,UPI,Temporary Bank/Network Error,9,1,3,60933.86,1
TXN-16874,CUST-1849,5696.56,UPI,Insufficient Funds,7,0,3,25904.02,0
TXN-16875,CUST-1640,7621.38,UPI,Payment Gateway Timeout,8,0,1,166663.49,1
TXN-16876,CUST-2483,10504.43,Debit Card,Insufficient Funds,8,1,3,118100.14,0
TXN-16877,CUST-1616,11461.44,Net Banking,Temporary Bank/Network Error,9,0,2,92893.26,1
TXN-16878,CUST-2354,8071.67,Net Banking,Card Expired,10,1,1,50889.47,0
TXN-16879,CUST-2065,11584.96,UPI,Authentication Failed,8,1,3,116157.76,0
TXN-16880,CUST-2026,6200.88,Debit Card,Payment Gateway Timeout,6,1,1,37740.99,1
TXN-16881,CUST-2063,5452.75,UPI,Payment Gateway Timeout,10,1,2,39098.63,1
TXN-16882,CUST-3124,6066.38,Debit Card,Payment Gateway Timeout,9,0,0,54367.52,1
TXN-16883,CUST-1589,4938.23,UPI,Temporary Bank/Network Error,11,1,1,128343.27,1
TXN-16884,CUST-1279,7762.13,Net Banking,Temporary Bank/Network Error,10,1,1,76650.46,1
TXN-16885,CUST-2828,4983.23,Debit Card,Insufficient Funds,8,0,0,16384.07,0
TXN-16886,CUST-3146,7574.54,Credit Card,Card Expired,6,0,2,64095.94,0
TXN-16887,CUST-2233,2699.59,Credit Card,Authentication Failed,10,0,5,91006.15,0
TXN-16888,CUST-2277,4570.28,UPI,Insufficient Funds,4,0,2,113804.6,0
TXN-16889,CUST-2912,5022.38,UPI,Temporary Bank/Network Error,13,1,2,57732.74,1
TXN-16890,CUST-1309,16755.02,Debit Card,Insufficient Funds,6,0,2,49668.5,0
TXN-16891,CUST-3160,4750.17,Debit Card,Temporary Bank/Network Error,9,0,1,55046.75,1
TXN-16892,CUST-2482,6065.9,UPI,Insufficient Funds,5,1,1,98611.63,0
TXN-16893,CUST-2718,3976.51,UPI,Payment Gateway Timeout,13,1,1,48366.19,1
TXN-16894,CUST-1758,5313.66,Net Banking,Insufficient Funds,9,0,5,77897.17,0
TXN-16895,CUST-1387,15365.83,Wallet,Temporary Bank/Network Error,6,0,2,98977.56,0
TXN-16896,CUST-3214,4216.25,Net Banking,Authentication Failed,8,1,0,183084.11,1
TXN-16897,CUST-2097,4975.18,Net Banking,Card Expired,10,0,2,115435.14,0
TXN-16898,CUST-2501,9087.77,Debit Card,Temporary Bank/Network Error,8,1,1,31357.92,1
TXN-16899,CUST-1778,6187.78,Net Banking,Card Expired,6,0,4,46716.33,0
TXN-16900,CUST-2412,4907.17,UPI,Temporary Bank/Network Error,6,0,2,85316.77,0
TXN-16901,CUST-2354,5582.64,Debit Card,Authentication Failed,5,1,3,41559.02,0
TXN-16902,CUST-3359,9513.63,Credit Card,Authentication Failed,14,1,2,74696.56,1
TXN-16903,CUST-3218,6197.21,Credit Card,Payment Gateway Timeout,7,1,0,77281.07,1
TXN-16904,CUST-1908,6518.8,Credit Card,Insufficient Funds,10,0,0,75927.75,0
TXN-16905,CUST-1964,4352.74,Net Banking,Authentication Failed,6,1,2,164278.34,0
TXN-16906,CUST-1335,7444.37,UPI,Authentication Failed,7,0,2,89140.9,0
TXN-16907,CUST-3185,4401.82,Net Banking,Temporary Bank/Network Error,7,1,1,81813.25,1
TXN-16908,CUST-1751,10498.3,UPI,Card Expired,12,1,1,126550.74,1
TXN-16909,CUST-2319,10645.49,Credit Card,Insufficient Funds,13,0,1,76757.03,0
TXN-16910,CUST-2135,16812.04,UPI,Insufficient Funds,9,0,0,50516.43,0
TXN-16911,CUST-2455,8355.01,Wallet,Temporary Bank/Network Error,16,0,0,80278.88,1
TXN-16912,CUST-3341,4197.62,Debit Card,Authentication Failed,10,1,1,44376.54,1
TXN-16913,CUST-1025,7120.04,Debit Card,Insufficient Funds,5,1,0,134321.28,0
TXN-16914,CUST-2951,2335.05,Credit Card,Temporary Bank/Network Error,10,1,1,43093.2,1
TXN-16915,CUST-1833,3723.11,Net Banking,Authentication Failed,8,0,1,196248.8,0
TXN-16916,CUST-1001,10666.82,Wallet,Temporary Bank/Network Error,7,0,3,30281.61,0
TXN-16917,CUST-3460,7058.65,Wallet,Insufficient Funds,9,1,1,99995.07,1
TXN-16918,CUST-2342,5943.92,UPI,Payment Gateway Timeout,5,1,1,54050.98,1
TXN-16919,CUST-2957,5162.09,UPI,Temporary Bank/Network Error,5,0,0,86145.98,1
TXN-16920,CUST-2647,4873.15,Debit Card,Insufficient Funds,6,1,1,68602.16,0
TXN-16921,CUST-2220,14682.91,Credit Card,Payment Gateway Timeout,7,0,0,47822.85,1
TXN-16922,CUST-2249,8233.45,Debit Card,Insufficient Funds,10,0,2,86785.19,0
TXN-16923,CUST-2183,7356.87,Debit Card,Authentication Failed,6,0,2,57091.65,0
TXN-16924,CUST-1207,8591.87,Debit Card,Payment Gateway Timeout,7,0,3,71621.2,0
TXN-16925,CUST-1127,20630.46,UPI,Authentication Failed,3,1,1,79967.81,0
TXN-16926,CUST-1128,7494.67,Net Banking,Payment Gateway Timeout,10,0,1,102873.48,1
TXN-16927,CUST-2933,4628.28,UPI,Card Expired,5,1,0,67735.99,0
TXN-16928,CUST-1728,14208.44,Credit Card,Temporary Bank/Network Error,5,1,2,163794.45,1
TXN-16929,CUST-2806,7464.33,Net Banking,Insufficient Funds,4,1,1,45294.24,0
TXN-16930,CUST-1655,5793.24,Credit Card,Authentication Failed,4,1,1,261522.85,0
TXN-16931,CUST-2477,5900.7,UPI,Payment Gateway Timeout,9,0,1,49275.96,1
TXN-16932,CUST-3342,7468.41,Debit Card,Authentication Failed,11,0,0,64399.99,0
TXN-16933,CUST-3382,16140.32,Wallet,Insufficient Funds,12,0,0,112640.48,0
TXN-16934,CUST-1228,7281.99,UPI,Temporary Bank/Network Error,6,1,0,139481.55,1
TXN-16935,CUST-3484,7630.63,UPI,Authentication Failed,8,1,0,29516.57,1
TXN-16936,CUST-2118,7549.82,Wallet,Temporary Bank/Network Error,8,1,1,98219.29,1
TXN-16937,CUST-1826,11240.08,Credit Card,Insufficient Funds,16,1,1,60871.59,1
TXN-16938,CUST-2413,3969.22,UPI,Card Expired,9,1,3,81190.48,0
TXN-16939,CUST-1817,9633.96,Credit Card,Authentication Failed,3,0,5,58064.25,0
TXN-16940,CUST-1262,12377.94,UPI,Authentication Failed,6,1,1,174542.18,1
TXN-16941,CUST-2919,7376.84,Debit Card,Insufficient Funds,14,0,2,128058.6,0
TXN-16942,CUST-1232,5905.26,UPI,Temporary Bank/Network Error,11,0,2,169626.08,1
TXN-16943,CUST-1812,5071.41,UPI,Temporary Bank/Network Error,13,1,3,105835.76,1
TXN-16944,CUST-1630,3500.54,UPI,Temporary Bank/Network Error,9,1,0,98433.1,1
TXN-16945,CUST-1497,5083.68,Debit Card,Payment Gateway Timeout,9,0,3,33092.2,0
TXN-16946,CUST-1785,2234.44,UPI,Insufficient Funds,5,0,2,65827.68,0
TXN-16947,CUST-1759,4282.29,Credit Card,Insufficient Funds,8,1,1,51790.93,0
TXN-16948,CUST-1309,4647.67,UPI,Temporary Bank/Network Error,13,0,0,67077.37,1
TXN-16949,CUST-2375,7084.99,UPI,Payment Gateway Timeout,8,0,0,24537.2,1
TXN-16950,CUST-2811,2511.96,UPI,Card Expired,12,0,1,84392.9,0
TXN-16951,CUST-3073,5154.11,Net Banking,Temporary Bank/Network Error,10,1,0,80749.21,1
TXN-16952,CUST-1288,5100.67,UPI,Card Expired,8,0,0,69441.37,0
TXN-16953,CUST-1367,5697.2,Credit Card,Insufficient Funds,8,0,2,34468.43,0
TXN-16954,CUST-3123,11674.61,Credit Card,Authentication Failed,13,1,2,53483.82,1
TXN-16955,CUST-3322,8331.41,UPI,Temporary Bank/Network Error,10,0,1,18893.73,1
TXN-16956,CUST-1821,4147.47,UPI,Payment Gateway Timeout,9,1,0,31957.01,1
TXN-16957,CUST-1907,9436.75,UPI,Authentication Failed,4,1,0,79383.28,0
TXN-16958,CUST-2853,11661.57,Credit Card,Temporary Bank/Network Error,7,1,3,48640.16,1
TXN-16959,CUST-1815,7025.46,Net Banking,Authentication Failed,6,1,4,56383.09,0
TXN-16960,CUST-1484,2682.21,UPI,Temporary Bank/Network Error,5,1,3,85511.45,1
TXN-16961,CUST-2867,2510.97,UPI,Temporary Bank/Network Error,9,1,2,44898.66,1
TXN-16962,CUST-1051,12295.14,Debit Card,Temporary Bank/Network Error,9,0,0,209678.64,1
TXN-16963,CUST-1631,3962.14,Debit Card,Payment Gateway Timeout,8,0,1,128942.47,1
TXN-16964,CUST-3048,3133.12,Credit Card,Card Expired,7,1,4,47032.99,0
TXN-16965,CUST-3072,6126.34,UPI,Insufficient Funds,13,0,0,51789.15,1
TXN-16966,CUST-1439,4018.21,UPI,Temporary Bank/Network Error,4,0,3,103178.34,0
TXN-16967,CUST-2374,7024.84,Debit Card,Insufficient Funds,9,1,2,54440.33,0
TXN-16968,CUST-1852,5866.53,Net Banking,Insufficient Funds,8,1,1,118180.48,0
TXN-16969,CUST-1350,8423.96,UPI,Payment Gateway Timeout,5,0,2,54680.43,0
TXN-16970,CUST-3181,3180.1,Debit Card,Authentication Failed,7,0,2,42634.9,0
TXN-16971,CUST-1218,7211.62,Debit Card,Temporary Bank/Network Error,9,0,2,209018.66,1
TXN-16972,CUST-1046,6225.35,Credit Card,Authentication Failed,8,0,2,57560.1,0
TXN-16973,CUST-1695,6746.03,Debit Card,Insufficient Funds,7,0,2,67014.02,0
TXN-16974,CUST-1811,12762.58,Credit Card,Authentication Failed,6,1,2,81409.65,0
TXN-16975,CUST-3206,10495.16,UPI,Insufficient Funds,9,0,1,92683.16,0
TXN-16976,CUST-2833,9272.87,UPI,Authentication Failed,2,1,1,119433.4,0
TXN-16977,CUST-1510,5374.99,Debit Card,Temporary Bank/Network Error,3,1,0,75664.55,1
TXN-16978,CUST-1023,12803.64,Debit Card,Temporary Bank/Network Error,11,1,1,86023.07,1
TXN-16979,CUST-3427,6354.34,Credit Card,Temporary Bank/Network Error,7,1,0,84525.87,1
TXN-16980,CUST-2259,7174.71,Debit Card,Card Expired,8,1,3,50793.1,0
TXN-16981,CUST-2878,5786.25,UPI,Payment Gateway Timeout,9,1,0,37684.25,1
TXN-16982,CUST-2909,15601.59,Credit Card,Insufficient Funds,7,1,2,164192.39,0
TXN-16983,CUST-1304,12361.08,Credit Card,Temporary Bank/Network Error,7,1,0,48626.0,1
TXN-16984,CUST-1329,3683.18,Credit Card,Payment Gateway Timeout,2,0,1,60282.72,0
TXN-16985,CUST-2322,10216.08,UPI,Temporary Bank/Network Error,11,1,2,193931.14,1
TXN-16986,CUST-2511,4580.48,Credit Card,Card Expired,8,0,0,118864.61,0
TXN-16987,CUST-1010,2907.21,UPI,Temporary Bank/Network Error,10,1,0,93162.33,1
TXN-16988,CUST-1827,7075.5,Debit Card,Authentication Failed,8,1,0,23390.9,1
TXN-16989,CUST-1120,14943.64,Net Banking,Payment Gateway Timeout,9,0,0,75741.62,1
TXN-16990,CUST-3466,4831.38,Debit Card,Insufficient Funds,8,0,1,79928.95,0
TXN-16991,CUST-2246,7038.68,UPI,Temporary Bank/Network Error,5,1,4,66075.21,1
TXN-16992,CUST-2819,8933.72,Net Banking,Payment Gateway Timeout,12,1,0,58603.53,1
TXN-16993,CUST-1026,11135.19,Wallet,Payment Gateway Timeout,16,0,0,26900.42,1
TXN-16994,CUST-1638,9918.47,UPI,Payment Gateway Timeout,10,0,3,51199.18,0
TXN-16995,CUST-2903,5209.48,UPI,Temporary Bank/Network Error,12,1,1,51215.74,1
TXN-16996,CUST-2817,7246.97,UPI,Temporary Bank/Network Error,9,0,0,121484.3,1
TXN-16997,CUST-2773,15928.55,Credit Card,Payment Gateway Timeout,6,1,1,70173.99,1
TXN-16998,CUST-2624,5514.5,Debit Card,Temporary Bank/Network Error,14,0,1,44773.87,1
TXN-16999,CUST-1234,3898.45,UPI,Insufficient Funds,11,1,2,92050.68,1
TXN-17000,CUST-2062,3822.95,Net Banking,Temporary Bank/Network Error,5,0,1,70068.99,0
TXN-17001,CUST-3133,7420.93,Credit Card,Insufficient Funds,11,0,0,88884.47,0
TXN-17002,CUST-3451,12454.32,Debit Card,Card Expired,9,1,2,164389.91,0
TXN-17003,CUST-2627,11232.72,Debit Card,Authentication Failed,6,0,0,56183.77,0
TXN-17004,CUST-1459,5686.3,UPI,Card Expired,5,1,1,92205.71,0
TXN-17005,CUST-2095,9920.25,Credit Card,Payment Gateway Timeout,12,1,1,100668.26,1
TXN-17006,CUST-3194,4875.49,UPI,Payment Gateway Timeout,8,0,0,92298.77,1
TXN-17007,CUST-2981,7354.58,Net Banking,Temporary Bank/Network Error,4,0,2,25291.02,0
TXN-17008,CUST-2682,7847.82,UPI,Payment Gateway Timeout,4,0,0,94977.31,0
TXN-17009,CUST-2383,5135.42,Credit Card,Insufficient Funds,8,0,2,45878.04,0
TXN-17010,CUST-2711,7075.58,Credit Card,Temporary Bank/Network Error,11,1,1,51729.09,1
TXN-17011,CUST-3125,22343.14,Debit Card,Authentication Failed,6,1,0,108530.19,0
TXN-17012,CUST-2833,12117.62,Net Banking,Temporary Bank/Network Error,12,1,2,57171.41,1
TXN-17013,CUST-2437,4436.83,Credit Card,Insufficient Funds,11,1,1,93229.38,1
TXN-17014,CUST-3223,10729.16,UPI,Insufficient Funds,6,0,2,50307.01,0
TXN-17015,CUST-2752,6362.6,Debit Card,Temporary Bank/Network Error,10,0,4,120068.73,0
TXN-17016,CUST-1911,3599.4,Credit Card,Insufficient Funds,8,0,3,168098.04,0
TXN-17017,CUST-3353,9984.73,Credit Card,Insufficient Funds,4,0,0,82959.67,0
TXN-17018,CUST-2370,5455.81,Debit Card,Temporary Bank/Network Error,7,0,1,63043.39,1
TXN-17019,CUST-2241,8239.26,UPI,Insufficient Funds,7,1,2,102200.2,0
TXN-17020,CUST-2243,11856.86,UPI,Temporary Bank/Network Error,6,0,1,72827.5,1
TXN-17021,CUST-1884,11338.24,Credit Card,Insufficient Funds,4,1,1,97235.99,0
TXN-17022,CUST-3120,7224.65,Debit Card,Temporary Bank/Network Error,7,0,3,72637.76,0
TXN-17023,CUST-1454,6086.67,UPI,Authentication Failed,4,1,2,17545.82,0
TXN-17024,CUST-1777,6383.97,UPI,Authentication Failed,7,0,2,63064.52,0
TXN-17025,CUST-1087,4475.31,UPI,Insufficient Funds,12,0,1,90934.91,0
TXN-17026,CUST-1267,5054.26,UPI,Temporary Bank/Network Error,7,0,1,74571.18,1
TXN-17027,CUST-2333,7676.87,Debit Card,Card Expired,11,1,2,77854.3,1
TXN-17028,CUST-1212,6359.0,Wallet,Insufficient Funds,9,1,0,117273.27,1
TXN-17029,CUST-3208,1284.89,UPI,Insufficient Funds,6,0,4,30889.46,0
TXN-17030,CUST-3036,7468.7,Wallet,Card Expired,8,0,3,151288.3,0
TXN-17031,CUST-2186,4793.23,Credit Card,Authentication Failed,11,1,1,56224.84,1
TXN-17032,CUST-1943,5935.57,Net Banking,Temporary Bank/Network Error,9,1,1,72097.85,1
TXN-17033,CUST-1592,6180.11,Net Banking,Insufficient Funds,8,1,1,37285.01,0
TXN-17034,CUST-3486,5985.42,Debit Card,Temporary Bank/Network Error,5,1,2,112883.42,1
TXN-17035,CUST-2649,3229.32,Net Banking,Authentication Failed,5,0,0,75677.68,0
TXN-17036,CUST-3118,9561.32,Credit Card,Temporary Bank/Network Error,8,1,0,32270.94,1
TXN-17037,CUST-2474,18883.25,Credit Card,Payment Gateway Timeout,9,1,5,36418.82,1
TXN-17038,CUST-3444,7806.88,Debit Card,Temporary Bank/Network Error,6,0,0,20370.34,0
TXN-17039,CUST-1294,37384.94,UPI,Payment Gateway Timeout,10,1,0,76775.83,1
TXN-17040,CUST-2441,4218.48,UPI,Card Expired,10,1,0,41282.85,1
TXN-17041,CUST-1854,13193.04,Net Banking,Authentication Failed,14,0,1,35705.53,0
TXN-17042,CUST-2817,2390.26,Wallet,Temporary Bank/Network Error,5,1,1,151608.15,1
TXN-17043,CUST-1371,5215.9,Credit Card,Authentication Failed,4,0,0,81908.06,0
TXN-17044,CUST-1729,4521.47,Credit Card,Insufficient Funds,9,0,2,56249.25,0
TXN-17045,CUST-1184,3429.37,UPI,Insufficient Funds,12,0,0,61241.52,1
TXN-17046,CUST-2885,6075.94,UPI,Temporary Bank/Network Error,8,0,1,54453.72,1
TXN-17047,CUST-1398,5746.59,Credit Card,Insufficient Funds,5,1,3,75726.38,0
TXN-17048,CUST-3363,8350.32,Credit Card,Card Expired,5,0,2,66748.44,0
TXN-17049,CUST-3306,8233.93,UPI,Temporary Bank/Network Error,3,0,0,99950.56,0
TXN-17050,CUST-2271,8665.46,Debit Card,Payment Gateway Timeout,5,1,4,140652.88,0
TXN-17051,CUST-2770,6034.4,Net Banking,Temporary Bank/Network Error,10,1,2,100621.05,1
TXN-17052,CUST-2054,3389.01,Wallet,Card Expired,13,1,1,102594.41,1
TXN-17053,CUST-1598,8775.27,Credit Card,Authentication Failed,13,1,4,41138.4,1
TXN-17054,CUST-3202,4711.11,UPI,Payment Gateway Timeout,5,1,6,129748.84,0
TXN-17055,CUST-2441,6872.24,Net Banking,Card Expired,9,1,1,218294.61,1
TXN-17056,CUST-3131,8129.91,Credit Card,Authentication Failed,8,0,3,26696.24,0
TXN-17057,CUST-2411,11004.45,Wallet,Temporary Bank/Network Error,7,1,0,39234.23,1
TXN-17058,CUST-2143,4847.39,UPI,Payment Gateway Timeout,9,0,2,130954.54,1
TXN-17059,CUST-3275,3240.22,Net Banking,Payment Gateway Timeout,8,1,0,85560.5,1
TXN-17060,CUST-2408,6478.09,Net Banking,Card Expired,12,1,3,84410.36,0
TXN-17061,CUST-2845,6445.62,Credit Card,Payment Gateway Timeout,8,1,1,27013.67,1
TXN-17062,CUST-2623,11511.46,Wallet,Card Expired,12,0,1,111486.18,0
TXN-17063,CUST-3497,8605.69,Wallet,Insufficient Funds,6,0,0,57477.48,0
TXN-17064,CUST-1794,5359.21,Debit Card,Temporary Bank/Network Error,13,0,1,50371.23,1
TXN-17065,CUST-3035,6359.99,Debit Card,Authentication Failed,8,1,2,118146.2,0
TXN-17066,CUST-3143,5410.73,Debit Card,Temporary Bank/Network Error,6,0,0,153217.17,1
TXN-17067,CUST-1956,11734.69,UPI,Insufficient Funds,12,1,1,36246.94,1
TXN-17068,CUST-2718,2854.45,Debit Card,Authentication Failed,6,1,0,107512.98,0
TXN-17069,CUST-2442,7542.61,Net Banking,Authentication Failed,7,0,1,66333.47,0
TXN-17070,CUST-2760,7013.92,Net Banking,Insufficient Funds,12,1,0,85450.75,1
TXN-17071,CUST-1559,8588.26,Net Banking,Insufficient Funds,9,0,0,38177.49,0
TXN-17072,CUST-1552,5938.09,UPI,Insufficient Funds,7,0,2,91670.15,0
TXN-17073,CUST-3236,7126.84,Net Banking,Card Expired,12,1,2,89627.27,1
TXN-17074,CUST-3073,13116.79,UPI,Card Expired,7,0,2,44272.29,0
TXN-17075,CUST-1472,15691.43,Credit Card,Temporary Bank/Network Error,5,1,4,75889.65,0
TXN-17076,CUST-2862,2622.14,Debit Card,Insufficient Funds,8,0,2,114419.83,0
TXN-17077,CUST-1863,6734.04,Credit Card,Temporary Bank/Network Error,8,0,0,116695.74,1
TXN-17078,CUST-2232,6124.11,Debit Card,Authentication Failed,5,1,0,122834.83,0
TXN-17079,CUST-3147,14070.44,Net Banking,Card Expired,6,1,0,120363.66,0
TXN-17080,CUST-3397,22521.87,UPI,Insufficient Funds,11,1,1,108724.19,1
TXN-17081,CUST-3088,3429.76,Wallet,Payment Gateway Timeout,12,0,3,66937.11,1
TXN-17082,CUST-2810,5736.8,Credit Card,Insufficient Funds,9,1,2,126893.53,1
TXN-17083,CUST-3114,20300.47,Wallet,Temporary Bank/Network Error,12,0,0,76174.85,1
TXN-17084,CUST-1152,4768.22,Credit Card,Temporary Bank/Network Error,12,1,3,65252.37,1
TXN-17085,CUST-2804,5092.37,UPI,Authentication Failed,8,0,1,62468.64,0
TXN-17086,CUST-1523,10953.25,UPI,Authentication Failed,10,1,0,138798.94,1
TXN-17087,CUST-1451,9749.47,Credit Card,Temporary Bank/Network Error,14,1,0,37354.9,1
TXN-17088,CUST-2968,10201.35,UPI,Temporary Bank/Network Error,5,1,2,79809.07,1
TXN-17089,CUST-1944,8071.21,UPI,Payment Gateway Timeout,7,0,3,63136.93,0
TXN-17090,CUST-2278,9087.22,Net Banking,Authentication Failed,6,0,2,83801.81,0
TXN-17091,CUST-3417,3343.2,Debit Card,Insufficient Funds,7,1,1,56973.82,0
TXN-17092,CUST-2957,8611.64,Debit Card,Insufficient Funds,6,1,2,27002.27,0
TXN-17093,CUST-1023,9574.94,Credit Card,Temporary Bank/Network Error,7,0,3,300000.0,1
TXN-17094,CUST-2476,6609.01,Wallet,Insufficient Funds,9,1,1,99923.35,1
TXN-17095,CUST-2280,24082.31,Wallet,Temporary Bank/Network Error,5,1,1,102374.9,1
TXN-17096,CUST-2119,11033.23,Net Banking,Insufficient Funds,7,0,3,16281.28,0
TXN-17097,CUST-2964,6982.66,Debit Card,Temporary Bank/Network Error,6,1,0,134109.94,1
TXN-17098,CUST-1899,4098.67,Wallet,Insufficient Funds,11,1,0,81382.32,1
TXN-17099,CUST-3095,10081.03,UPI,Card Expired,7,1,4,134841.39,0
TXN-17100,CUST-2151,6559.29,Wallet,Insufficient Funds,6,1,3,53311.33,0
TXN-17101,CUST-1361,8313.41,UPI,Payment Gateway Timeout,7,1,0,80417.26,1
TXN-17102,CUST-2400,5228.7,Debit Card,Insufficient Funds,9,0,6,73119.4,0
TXN-17103,CUST-2411,4285.16,UPI,Card Expired,6,1,2,78184.92,0
TXN-17104,CUST-2196,18834.17,Net Banking,Card Expired,5,0,1,124366.49,0
TXN-17105,CUST-2440,7981.15,UPI,Temporary Bank/Network Error,9,0,0,147716.05,1
TXN-17106,CUST-3485,5386.93,Credit Card,Temporary Bank/Network Error,4,1,1,139757.99,1
TXN-17107,CUST-2109,9894.73,UPI,Insufficient Funds,7,1,2,73843.92,0
TXN-17108,CUST-3418,3423.35,Debit Card,Insufficient Funds,5,1,1,62943.78,0
TXN-17109,CUST-1984,11679.38,Credit Card,Card Expired,7,1,2,69900.9,0
TXN-17110,CUST-2760,3684.17,UPI,Payment Gateway Timeout,8,0,0,66700.68,1
TXN-17111,CUST-1120,9396.53,Wallet,Payment Gateway Timeout,10,1,2,55674.21,1
TXN-17112,CUST-2231,4271.34,UPI,Insufficient Funds,6,0,2,44581.88,0
TXN-17113,CUST-3434,9509.72,Credit Card,Insufficient Funds,7,0,0,207397.67,0
TXN-17114,CUST-1695,7499.71,UPI,Card Expired,4,0,3,112699.21,0
TXN-17115,CUST-1461,10103.7,UPI,Temporary Bank/Network Error,2,1,5,71541.8,0
TXN-17116,CUST-2448,9863.08,Credit Card,Authentication Failed,5,1,3,75231.83,0
TXN-17117,CUST-1558,2811.45,UPI,Authentication Failed,7,1,0,84173.67,1
TXN-17118,CUST-2252,7074.57,Debit Card,Temporary Bank/Network Error,11,1,2,112378.17,1
TXN-17119,CUST-1331,3984.59,UPI,Insufficient Funds,11,0,0,91424.03,0
TXN-17120,CUST-1050,10679.71,Debit Card,Temporary Bank/Network Error,3,1,0,66036.72,1
TXN-17121,CUST-2883,4923.46,Debit Card,Authentication Failed,5,1,0,50435.5,0
TXN-17122,CUST-1089,4370.23,UPI,Authentication Failed,5,1,1,116641.46,0
TXN-17123,CUST-1557,10505.67,Credit Card,Authentication Failed,18,0,1,130995.69,1
TXN-17124,CUST-1927,11317.73,UPI,Authentication Failed,7,1,3,36416.33,0
TXN-17125,CUST-2344,7931.4,UPI,Temporary Bank/Network Error,4,1,2,50704.97,1
TXN-17126,CUST-1821,8465.27,Debit Card,Payment Gateway Timeout,7,0,3,112693.65,0
TXN-17127,CUST-2949,6250.13,Credit Card,Authentication Failed,11,0,1,127391.56,0
TXN-17128,CUST-2636,22380.75,Net Banking,Payment Gateway Timeout,4,0,0,46642.36,0
TXN-17129,CUST-2717,7934.92,UPI,Card Expired,9,0,2,44244.3,0
TXN-17130,CUST-2564,4203.1,Net Banking,Insufficient Funds,7,0,3,104568.52,0
TXN-17131,CUST-1706,8287.14,UPI,Temporary Bank/Network Error,6,1,1,59279.51,1
TXN-17132,CUST-1334,7847.6,Debit Card,Payment Gateway Timeout,7,1,0,145738.16,1
TXN-17133,CUST-2896,5871.18,Net Banking,Temporary Bank/Network Error,13,1,0,36816.7,1
TXN-17134,CUST-3257,10369.6,Net Banking,Card Expired,11,1,1,35283.14,1
TXN-17135,CUST-2316,8647.34,Debit Card,Temporary Bank/Network Error,8,1,2,51188.71,1
TXN-17136,CUST-2196,10868.88,Credit Card,Temporary Bank/Network Error,11,1,4,28715.1,1
TXN-17137,CUST-1066,5357.5,UPI,Authentication Failed,11,1,2,68313.88,1
TXN-17138,CUST-1249,3888.05,UPI,Insufficient Funds,7,1,2,63635.89,0
TXN-17139,CUST-2011,5280.16,Credit Card,Card Expired,5,1,1,86181.09,0
TXN-17140,CUST-3181,4085.2,UPI,Insufficient Funds,5,1,1,58119.47,0
TXN-17141,CUST-1171,3242.24,UPI,Card Expired,5,0,0,115040.9,0
TXN-17142,CUST-1404,3879.61,UPI,Insufficient Funds,8,1,1,165678.02,1
TXN-17143,CUST-2993,17359.16,Net Banking,Card Expired,7,0,2,48575.07,0
TXN-17144,CUST-2561,2021.16,Debit Card,Insufficient Funds,15,1,3,68218.76,1
TXN-17145,CUST-2371,6232.79,Credit Card,Payment Gateway Timeout,9,1,1,41072.29,1
TXN-17146,CUST-1134,7347.07,UPI,Authentication Failed,10,1,1,67481.92,1
TXN-17147,CUST-1801,9127.37,Debit Card,Payment Gateway Timeout,8,1,2,66062.49,1
TXN-17148,CUST-1313,9629.27,Net Banking,Card Expired,6,0,2,74039.91,0
TXN-17149,CUST-2836,12203.19,Debit Card,Insufficient Funds,11,0,0,53306.73,0
TXN-17150,CUST-3344,4559.37,Debit Card,Insufficient Funds,4,1,3,61127.87,0
TXN-17151,CUST-1123,5250.55,Credit Card,Insufficient Funds,7,1,1,98801.34,0
TXN-17152,CUST-1951,12838.14,UPI,Authentication Failed,8,0,1,88211.86,0
TXN-17153,CUST-2209,8810.04,Credit Card,Authentication Failed,7,1,3,71237.41,0
TXN-17154,CUST-2746,23748.93,Debit Card,Insufficient Funds,5,0,3,114380.98,0
TXN-17155,CUST-1460,3785.9,UPI,Payment Gateway Timeout,9,1,5,20808.06,1
TXN-17156,CUST-1939,15523.83,UPI,Payment Gateway Timeout,10,1,1,243925.24,1
TXN-17157,CUST-2696,11436.82,UPI,Insufficient Funds,8,0,4,138589.41,0
TXN-17158,CUST-1376,6995.23,UPI,Card Expired,8,0,2,44891.94,0
TXN-17159,CUST-1472,6212.65,Net Banking,Payment Gateway Timeout,7,1,0,67275.42,1
TXN-17160,CUST-1450,2071.17,Net Banking,Insufficient Funds,5,1,1,300000.0,0
TXN-17161,CUST-2752,6931.73,Wallet,Insufficient Funds,6,0,1,91662.1,0
TXN-17162,CUST-3282,3565.09,UPI,Temporary Bank/Network Error,10,0,3,58521.3,1
TXN-17163,CUST-3048,6593.98,Credit Card,Authentication Failed,10,0,0,26092.32,0
TXN-17164,CUST-2008,13768.4,Net Banking,Insufficient Funds,8,1,2,165323.49,0
TXN-17165,CUST-3200,5558.14,Debit Card,Card Expired,10,1,2,92830.54,0
TXN-17166,CUST-1978,5100.54,UPI,Card Expired,4,0,0,56283.9,0
TXN-17167,CUST-1304,9115.12,Credit Card,Temporary Bank/Network Error,4,1,1,60088.68,1
TXN-17168,CUST-3346,6563.28,Debit Card,Insufficient Funds,3,1,0,55611.6,0
TXN-17169,CUST-2234,13347.79,Wallet,Card Expired,8,1,2,120998.49,0
TXN-17170,CUST-2502,4184.57,Credit Card,Temporary Bank/Network Error,6,1,5,139270.33,1
TXN-17171,CUST-2156,13703.72,UPI,Insufficient Funds,9,1,4,122614.37,0
TXN-17172,CUST-1840,3153.59,UPI,Card Expired,14,0,2,75489.86,0
TXN-17173,CUST-2338,11400.35,UPI,Temporary Bank/Network Error,12,1,4,26091.55,1
TXN-17174,CUST-2232,6672.29,Credit Card,Payment Gateway Timeout,8,1,0,43511.78,1
TXN-17175,CUST-2105,7661.5,Debit Card,Insufficient Funds,7,1,2,80324.52,0
TXN-17176,CUST-2471,6351.54,Debit Card,Authentication Failed,5,1,0,96493.59,0
TXN-17177,CUST-1049,12166.85,UPI,Temporary Bank/Network Error,14,0,1,171413.26,1
TXN-17178,CUST-3493,13815.93,UPI,Payment Gateway Timeout,5,1,1,46078.43,1
TXN-17179,CUST-2756,8291.23,Wallet,Insufficient Funds,9,1,0,45460.23,1
TXN-17180,CUST-2905,11777.33,Credit Card,Insufficient Funds,4,0,0,138767.09,0
TXN-17181,CUST-1639,3731.6,Debit Card,Card Expired,10,0,1,41172.43,0
TXN-17182,CUST-2785,14005.26,UPI,Temporary Bank/Network Error,12,1,3,92325.03,1
TXN-17183,CUST-2821,10309.49,UPI,Payment Gateway Timeout,7,0,3,88485.44,0
TXN-17184,CUST-2091,6093.53,Credit Card,Payment Gateway Timeout,13,1,3,204324.67,1
TXN-17185,CUST-3111,4706.24,Wallet,Temporary Bank/Network Error,10,1,2,89998.71,1
TXN-17186,CUST-3133,4569.67,UPI,Insufficient Funds,7,0,1,33928.97,0
TXN-17187,CUST-2737,17792.73,UPI,Card Expired,8,1,0,36948.64,1
TXN-17188,CUST-3050,9522.32,UPI,Insufficient Funds,6,1,4,60539.21,0
TXN-17189,CUST-1666,7979.0,UPI,Card Expired,4,0,1,70251.5,0
TXN-17190,CUST-2803,9278.07,UPI,Card Expired,8,1,0,77021.53,1
TXN-17191,CUST-2380,4701.76,Debit Card,Insufficient Funds,7,1,2,170431.37,0
TXN-17192,CUST-3320,10586.79,Net Banking,Temporary Bank/Network Error,9,1,1,152104.77,1
TXN-17193,CUST-1692,12163.96,Net Banking,Insufficient Funds,8,1,1,51886.67,0
TXN-17194,CUST-2674,9570.86,UPI,Card Expired,5,0,2,56665.97,0
TXN-17195,CUST-1530,8708.05,UPI,Card Expired,9,0,1,102766.1,0
TXN-17196,CUST-2376,12535.47,Debit Card,Payment Gateway Timeout,12,0,0,41040.11,1
TXN-17197,CUST-2478,4755.95,UPI,Temporary Bank/Network Error,7,1,2,61557.86,1
TXN-17198,CUST-2805,9922.08,Wallet,Temporary Bank/Network Error,8,0,2,64436.49,1
TXN-17199,CUST-1032,5215.13,Net Banking,Insufficient Funds,9,1,2,108411.41,0
TXN-17200,CUST-2800,9112.73,Credit Card,Temporary Bank/Network Error,13,1,3,172353.51,1
TXN-17201,CUST-1387,6420.21,Net Banking,Insufficient Funds,5,1,2,82284.78,0
TXN-17202,CUST-1819,5258.63,Wallet,Card Expired,5,0,0,85423.06,0
TXN-17203,CUST-3111,15268.71,Debit Card,Payment Gateway Timeout,10,0,1,87479.45,1
TXN-17204,CUST-2115,4001.46,Credit Card,Payment Gateway Timeout,8,0,2,40871.34,0
TXN-17205,CUST-1426,7514.96,Credit Card,Authentication Failed,9,0,1,24857.67,0
TXN-17206,CUST-1283,8473.41,Credit Card,Insufficient Funds,6,0,2,63710.57,0
TXN-17207,CUST-3114,4088.62,Wallet,Temporary Bank/Network Error,9,0,0,57999.31,1
TXN-17208,CUST-3169,10322.52,UPI,Insufficient Funds,6,0,3,38051.94,0
TXN-17209,CUST-1902,12204.1,UPI,Temporary Bank/Network Error,7,0,0,169416.47,1
TXN-17210,CUST-1969,5695.37,UPI,Authentication Failed,5,0,2,44363.27,0
TXN-17211,CUST-3054,16509.57,UPI,Insufficient Funds,11,0,1,80647.47,0
TXN-17212,CUST-3263,7836.78,Wallet,Insufficient Funds,13,1,3,68779.0,1
TXN-17213,CUST-1604,9584.99,Debit Card,Temporary Bank/Network Error,5,1,1,108728.31,1
TXN-17214,CUST-3457,6595.08,UPI,Card Expired,14,0,1,70456.46,1
TXN-17215,CUST-1691,8160.89,Net Banking,Temporary Bank/Network Error,3,1,2,83211.8,1
TXN-17216,CUST-2738,2640.19,UPI,Authentication Failed,7,0,2,131404.92,0
TXN-17217,CUST-2509,8107.07,UPI,Authentication Failed,7,1,1,67114.91,1
TXN-17218,CUST-1441,4771.53,Credit Card,Payment Gateway Timeout,7,1,1,34045.42,1
TXN-17219,CUST-3261,7824.26,Debit Card,Payment Gateway Timeout,8,1,0,118359.31,1
TXN-17220,CUST-1262,15412.98,UPI,Insufficient Funds,6,1,1,84130.52,0
TXN-17221,CUST-1632,4200.06,Net Banking,Insufficient Funds,11,0,1,31725.7,0
TXN-17222,CUST-1260,7097.78,UPI,Insufficient Funds,9,1,1,75436.7,1
TXN-17223,CUST-2321,7211.6,Credit Card,Temporary Bank/Network Error,10,0,3,250012.83,1
TXN-17224,CUST-3386,6907.78,Debit Card,Temporary Bank/Network Error,6,1,0,57594.71,1
TXN-17225,CUST-3096,14081.32,Debit Card,Payment Gateway Timeout,5,0,1,65758.84,0
TXN-17226,CUST-1013,2443.01,Credit Card,Authentication Failed,6,1,2,52154.67,0
TXN-17227,CUST-2494,7788.06,Credit Card,Temporary Bank/Network Error,8,1,1,98938.78,1
TXN-17228,CUST-1801,14096.99,Debit Card,Insufficient Funds,7,0,1,103070.84,0
TXN-17229,CUST-2235,10830.09,UPI,Card Expired,11,1,4,26933.51,0
TXN-17230,CUST-3040,9121.14,Debit Card,Card Expired,12,1,0,49209.48,1
TXN-17231,CUST-1100,13886.64,UPI,Payment Gateway Timeout,8,1,2,43704.57,1
TXN-17232,CUST-2163,2980.95,Wallet,Card Expired,11,0,0,156227.37,0
TXN-17233,CUST-2567,6125.26,UPI,Temporary Bank/Network Error,12,1,3,138641.26,1
TXN-17234,CUST-2235,7875.44,Credit Card,Card Expired,2,1,1,69514.61,0
TXN-17235,CUST-2010,3730.99,Wallet,Card Expired,4,1,2,79664.68,0
TXN-17236,CUST-2717,2990.06,Credit Card,Payment Gateway Timeout,6,0,2,67704.81,0
TXN-17237,CUST-3200,10575.96,Credit Card,Payment Gateway Timeout,8,1,2,112436.99,1
TXN-17238,CUST-2787,5964.55,Debit Card,Temporary Bank/Network Error,5,0,1,78307.58,0
TXN-17239,CUST-3420,10272.32,Debit Card,Temporary Bank/Network Error,6,1,2,41376.49,1
TXN-17240,CUST-2158,10199.56,Credit Card,Insufficient Funds,12,1,3,125244.93,1
TXN-17241,CUST-2383,13968.61,Debit Card,Card Expired,6,1,0,122769.5,0
TXN-17242,CUST-3045,7348.61,Credit Card,Insufficient Funds,10,1,3,61945.06,0
TXN-17243,CUST-1457,20416.36,UPI,Insufficient Funds,9,0,3,84994.54,0
TXN-17244,CUST-2623,8736.76,UPI,Payment Gateway Timeout,8,0,1,300000.0,1
TXN-17245,CUST-3103,8177.12,Debit Card,Insufficient Funds,11,1,1,67274.94,1
TXN-17246,CUST-1038,7217.22,Credit Card,Authentication Failed,3,1,0,48585.26,0
TXN-17247,CUST-2501,6445.9,Wallet,Insufficient Funds,14,1,1,76939.78,1
TXN-17248,CUST-1253,7955.99,Net Banking,Insufficient Funds,14,1,2,61087.62,1
TXN-17249,CUST-2686,12488.71,Credit Card,Authentication Failed,8,0,1,161193.56,0
TXN-17250,CUST-2052,9092.76,Net Banking,Insufficient Funds,7,0,1,209233.69,0
TXN-17251,CUST-2955,10003.73,UPI,Temporary Bank/Network Error,8,1,2,120348.51,1
TXN-17252,CUST-3016,7381.05,UPI,Temporary Bank/Network Error,3,0,3,67044.41,0
TXN-17253,CUST-1194,10576.14,Debit Card,Temporary Bank/Network Error,8,1,1,39486.67,1
TXN-17254,CUST-1927,3039.39,Credit Card,Insufficient Funds,4,1,2,49907.69,0
TXN-17255,CUST-2995,6941.57,Debit Card,Temporary Bank/Network Error,7,1,2,79007.19,1
TXN-17256,CUST-2591,19959.78,Credit Card,Insufficient Funds,8,1,1,193230.06,1
TXN-17257,CUST-1084,2749.9,Debit Card,Temporary Bank/Network Error,9,1,3,86687.4,1
TXN-17258,CUST-1587,12989.58,Debit Card,Payment Gateway Timeout,11,0,0,22539.28,1
TXN-17259,CUST-3182,5464.13,UPI,Card Expired,9,0,0,44571.0,0
TXN-17260,CUST-1280,5633.04,Net Banking,Insufficient Funds,5,0,1,95535.79,0
TXN-17261,CUST-1497,9749.86,UPI,Insufficient Funds,5,0,2,117630.02,0
TXN-17262,CUST-2569,20724.96,UPI,Temporary Bank/Network Error,10,1,0,139089.14,1
TXN-17263,CUST-3181,7074.94,Credit Card,Insufficient Funds,6,1,5,32466.18,0
TXN-17264,CUST-2787,2900.0,Credit Card,Payment Gateway Timeout,4,1,2,51868.25,1
TXN-17265,CUST-1138,3869.66,Debit Card,Temporary Bank/Network Error,8,1,0,77106.68,1
TXN-17266,CUST-1455,7326.62,Credit Card,Temporary Bank/Network Error,8,0,1,78323.14,1
TXN-17267,CUST-2707,2839.32,Credit Card,Insufficient Funds,4,1,0,144404.29,0
TXN-17268,CUST-2000,8230.47,Credit Card,Temporary Bank/Network Error,7,1,1,222542.94,1
TXN-17269,CUST-1130,5640.5,Credit Card,Payment Gateway Timeout,12,1,1,67961.95,1
TXN-17270,CUST-3146,4893.05,UPI,Card Expired,14,0,1,133579.38,1
TXN-17271,CUST-2750,3242.37,Debit Card,Card Expired,3,1,4,98641.14,0
TXN-17272,CUST-3178,3687.73,UPI,Authentication Failed,8,1,2,70864.75,0
TXN-17273,CUST-2887,4459.9,Credit Card,Card Expired,5,0,2,60565.0,0
TXN-17274,CUST-1177,14657.33,UPI,Insufficient Funds,7,0,1,129982.1,0
TXN-17275,CUST-2907,20957.53,Credit Card,Payment Gateway Timeout,10,1,3,38696.24,1
TXN-17276,CUST-2015,6016.0,Credit Card,Card Expired,8,1,2,74241.94,0
TXN-17277,CUST-2302,6644.59,Net Banking,Insufficient Funds,9,0,0,100857.87,0
TXN-17278,CUST-3293,8155.67,Debit Card,Card Expired,7,1,3,17770.28,0
TXN-17279,CUST-1697,3699.93,Credit Card,Payment Gateway Timeout,6,1,1,107749.83,1
TXN-17280,CUST-1849,3783.72,Net Banking,Card Expired,9,0,0,53826.93,0
TXN-17281,CUST-3295,5467.31,Credit Card,Authentication Failed,10,0,3,32856.64,0
TXN-17282,CUST-1673,6158.62,Net Banking,Authentication Failed,8,1,1,24999.59,0
TXN-17283,CUST-2368,13143.52,Credit Card,Temporary Bank/Network Error,3,1,2,45796.61,1
TXN-17284,CUST-3402,14898.07,Credit Card,Payment Gateway Timeout,9,0,0,49060.24,1
TXN-17285,CUST-3256,6359.35,UPI,Payment Gateway Timeout,8,1,3,81555.1,1
TXN-17286,CUST-2608,4264.04,UPI,Insufficient Funds,7,1,2,60393.92,0
TXN-17287,CUST-2052,6487.06,Debit Card,Temporary Bank/Network Error,9,0,2,81940.27,1
TXN-17288,CUST-3234,5470.27,Net Banking,Insufficient Funds,9,0,0,73969.23,0
TXN-17289,CUST-3251,11261.04,Credit Card,Insufficient Funds,7,0,2,79489.41,0
TXN-17290,CUST-1026,4800.78,Debit Card,Authentication Failed,7,1,2,56422.19,0
TXN-17291,CUST-2639,7444.32,Debit Card,Authentication Failed,12,0,2,104558.43,0
TXN-17292,CUST-1089,7380.76,UPI,Authentication Failed,7,1,2,124993.88,0
TXN-17293,CUST-2390,5765.65,Debit Card,Temporary Bank/Network Error,9,1,1,52271.34,1
TXN-17294,CUST-2653,7675.59,Credit Card,Temporary Bank/Network Error,7,1,2,48194.28,1
TXN-17295,CUST-3302,2918.74,UPI,Temporary Bank/Network Error,10,0,1,66879.75,1
TXN-17296,CUST-1693,6334.26,UPI,Insufficient Funds,5,1,0,125237.31,0
TXN-17297,CUST-2454,11969.69,UPI,Insufficient Funds,7,1,1,144367.37,1
TXN-17298,CUST-2094,6870.78,UPI,Temporary Bank/Network Error,5,1,1,183471.08,1
TXN-17299,CUST-1892,11775.26,Credit Card,Payment Gateway Timeout,9,1,3,123698.98,1
TXN-17300,CUST-3050,4527.73,UPI,Authentication Failed,11,0,3,45811.9,0
TXN-17301,CUST-1589,7945.39,Net Banking,Insufficient Funds,4,0,2,46443.26,0
TXN-17302,CUST-1751,16124.82,UPI,Authentication Failed,8,1,2,110076.5,0
TXN-17303,CUST-1617,9878.86,UPI,Authentication Failed,10,0,1,55632.83,0
TXN-17304,CUST-1227,10706.37,Net Banking,Temporary Bank/Network Error,8,1,0,63409.84,1
TXN-17305,CUST-1096,5014.01,Net Banking,Payment Gateway Timeout,9,0,2,81160.09,0
TXN-17306,CUST-1462,3374.89,Credit Card,Temporary Bank/Network Error,6,1,4,30758.91,1
TXN-17307,CUST-2991,7462.62,UPI,Payment Gateway Timeout,3,0,1,34431.29,0
TXN-17308,CUST-1080,5129.94,Wallet,Insufficient Funds,8,1,0,154432.96,1
TXN-17309,CUST-1813,5902.19,UPI,Temporary Bank/Network Error,7,0,1,69848.48,1
TXN-17310,CUST-3140,11247.55,UPI,Temporary Bank/Network Error,7,1,0,52259.56,1
TXN-17311,CUST-1052,6373.32,Credit Card,Temporary Bank/Network Error,6,0,4,82031.43,0
TXN-17312,CUST-1401,5787.24,Debit Card,Temporary Bank/Network Error,6,1,0,125964.86,1
TXN-17313,CUST-3376,7331.3,Wallet,Card Expired,6,1,2,63758.78,0
TXN-17314,CUST-3044,35558.95,UPI,Temporary Bank/Network Error,7,1,1,92699.78,1
TXN-17315,CUST-2053,7447.67,UPI,Authentication Failed,3,1,0,130571.25,0
TXN-17316,CUST-3059,3864.02,UPI,Insufficient Funds,4,0,1,102796.47,0
TXN-17317,CUST-2240,6909.75,Debit Card,Temporary Bank/Network Error,5,1,0,96161.7,1
TXN-17318,CUST-2526,6228.54,UPI,Temporary Bank/Network Error,9,1,2,58441.26,1
TXN-17319,CUST-1384,25053.53,UPI,Insufficient Funds,6,1,1,34749.82,0
TXN-17320,CUST-1089,4274.05,UPI,Insufficient Funds,7,1,1,80910.76,1
TXN-17321,CUST-1679,7152.78,UPI,Authentication Failed,8,0,2,61133.23,0
TXN-17322,CUST-1528,12099.11,Credit Card,Payment Gateway Timeout,13,0,2,66905.9,1
TXN-17323,CUST-2597,13601.16,Net Banking,Card Expired,7,1,2,94222.43,0
TXN-17324,CUST-2309,2757.83,UPI,Payment Gateway Timeout,8,1,1,133134.01,1
TXN-17325,CUST-3255,3274.47,Net Banking,Card Expired,4,0,1,27054.91,0
TXN-17326,CUST-2744,3790.96,Debit Card,Temporary Bank/Network Error,5,0,1,168754.25,1
TXN-17327,CUST-3467,9441.32,Wallet,Temporary Bank/Network Error,13,1,0,67938.53,1
TXN-17328,CUST-1871,8440.48,Debit Card,Temporary Bank/Network Error,11,1,2,69032.66,1
TXN-17329,CUST-2064,9001.17,Debit Card,Temporary Bank/Network Error,7,1,2,92534.17,1
TXN-17330,CUST-1832,6341.29,Credit Card,Authentication Failed,8,1,1,300000.0,1
TXN-17331,CUST-2480,15053.84,Credit Card,Insufficient Funds,9,0,4,186181.15,0
TXN-17332,CUST-2372,2188.06,UPI,Temporary Bank/Network Error,5,0,3,204345.64,0
TXN-17333,CUST-2698,9877.89,UPI,Insufficient Funds,9,0,0,74062.11,0
TXN-17334,CUST-2457,11546.78,Credit Card,Authentication Failed,4,1,0,34791.79,0
TXN-17335,CUST-3201,6994.81,Debit Card,Temporary Bank/Network Error,7,1,1,50737.59,1
TXN-17336,CUST-1672,6004.59,UPI,Temporary Bank/Network Error,9,0,0,126425.63,1
TXN-17337,CUST-1876,6365.8,Credit Card,Insufficient Funds,8,0,1,79257.87,0
TXN-17338,CUST-1596,8446.37,UPI,Insufficient Funds,11,0,1,101874.62,0
TXN-17339,CUST-1765,5658.95,UPI,Authentication Failed,7,1,0,45192.09,1
TXN-17340,CUST-1350,8551.22,Debit Card,Card Expired,6,0,0,44156.23,0
TXN-17341,CUST-3161,7245.07,UPI,Temporary Bank/Network Error,1,1,1,51718.16,1
TXN-17342,CUST-2845,2894.26,Credit Card,Temporary Bank/Network Error,6,0,2,50773.67,0
TXN-17343,CUST-2368,5446.26,Debit Card,Authentication Failed,8,0,1,39514.59,0
TXN-17344,CUST-2475,5441.65,Credit Card,Insufficient Funds,7,1,1,96536.15,0
TXN-17345,CUST-1841,4707.65,Credit Card,Temporary Bank/Network Error,2,0,2,59039.91,0
TXN-17346,CUST-2225,4500.02,Credit Card,Insufficient Funds,8,0,2,70959.25,0
TXN-17347,CUST-1895,6753.94,Credit Card,Authentication Failed,12,0,0,79936.02,1
TXN-17348,CUST-2758,6973.83,UPI,Card Expired,8,1,4,105743.4,0
TXN-17349,CUST-2984,9882.68,Wallet,Authentication Failed,5,0,3,62564.09,0
TXN-17350,CUST-1706,3794.88,UPI,Payment Gateway Timeout,11,1,1,226621.37,1
TXN-17351,CUST-2909,6868.48,Net Banking,Payment Gateway Timeout,9,1,3,56743.26,1
TXN-17352,CUST-1107,2694.17,UPI,Authentication Failed,6,1,0,60364.86,1
TXN-17353,CUST-2517,6799.39,Credit Card,Temporary Bank/Network Error,9,0,1,122713.6,1
TXN-17354,CUST-1458,5749.76,Debit Card,Temporary Bank/Network Error,8,0,1,208998.55,1
TXN-17355,CUST-1074,14607.41,Credit Card,Authentication Failed,8,1,3,154614.66,0
TXN-17356,CUST-3321,7387.66,UPI,Insufficient Funds,9,1,0,36598.64,1
TXN-17357,CUST-2496,8817.03,Wallet,Insufficient Funds,13,0,0,67164.71,1
TXN-17358,CUST-1291,5831.61,Net Banking,Payment Gateway Timeout,10,1,1,155966.98,1
TXN-17359,CUST-3065,6577.61,Wallet,Payment Gateway Timeout,7,1,0,118165.06,1
TXN-17360,CUST-1717,11663.67,UPI,Payment Gateway Timeout,16,1,3,75190.92,1
TXN-17361,CUST-2383,4800.56,Debit Card,Temporary Bank/Network Error,8,1,0,111778.21,1
TXN-17362,CUST-2646,2954.8,Credit Card,Temporary Bank/Network Error,5,1,0,43914.44,1
TXN-17363,CUST-1576,5152.07,Credit Card,Payment Gateway Timeout,5,1,5,82897.56,0
TXN-17364,CUST-3478,3936.28,Credit Card,Card Expired,4,1,0,79729.25,0
TXN-17365,CUST-2369,16368.66,Credit Card,Payment Gateway Timeout,5,1,2,136240.24,1
TXN-17366,CUST-2286,8189.16,Net Banking,Authentication Failed,13,0,3,148222.76,0
TXN-17367,CUST-2025,6656.73,UPI,Card Expired,13,0,4,167909.43,0
TXN-17368,CUST-3116,8151.75,Credit Card,Authentication Failed,6,0,0,48804.93,0
TXN-17369,CUST-1069,4962.95,Credit Card,Temporary Bank/Network Error,9,1,0,69556.14,1
TXN-17370,CUST-1953,13093.97,Wallet,Temporary Bank/Network Error,5,1,0,48947.93,1
TXN-17371,CUST-1110,6062.04,UPI,Payment Gateway Timeout,13,1,1,144977.79,1
TXN-17372,CUST-2518,10743.76,Net Banking,Insufficient Funds,5,1,0,109426.64,0
TXN-17373,CUST-2380,11200.89,Credit Card,Payment Gateway Timeout,9,1,1,128046.23,1
TXN-17374,CUST-3392,11089.12,UPI,Temporary Bank/Network Error,3,0,3,112856.24,0
TXN-17375,CUST-1969,8753.1,Credit Card,Insufficient Funds,5,0,1,75248.34,0
TXN-17376,CUST-1720,4898.71,UPI,Insufficient Funds,6,0,1,92071.16,0
TXN-17377,CUST-2964,6162.11,UPI,Temporary Bank/Network Error,7,1,2,61409.26,1
TXN-17378,CUST-1459,4493.42,UPI,Temporary Bank/Network Error,9,1,2,72801.58,1
TXN-17379,CUST-1816,2956.26,Debit Card,Temporary Bank/Network Error,7,1,1,258069.29,1
TXN-17380,CUST-2944,7294.25,UPI,Temporary Bank/Network Error,8,0,0,43348.02,1
TXN-17381,CUST-2164,5220.05,Debit Card,Temporary Bank/Network Error,10,1,2,101733.64,1
TXN-17382,CUST-2908,8948.06,UPI,Insufficient Funds,5,0,3,114339.74,0
TXN-17383,CUST-1600,15375.17,Credit Card,Temporary Bank/Network Error,7,0,2,69096.9,0
TXN-17384,CUST-2660,7600.54,Credit Card,Temporary Bank/Network Error,10,1,1,78161.4,1
TXN-17385,CUST-1009,3191.99,UPI,Temporary Bank/Network Error,8,0,3,140308.58,1
TXN-17386,CUST-1792,6476.31,UPI,Card Expired,10,1,1,54114.74,1
TXN-17387,CUST-3204,6966.75,Net Banking,Authentication Failed,8,1,1,142464.74,1
TXN-17388,CUST-2979,6817.95,Credit Card,Payment Gateway Timeout,5,1,1,58116.37,1
TXN-17389,CUST-3368,19520.42,Credit Card,Temporary Bank/Network Error,5,1,1,49124.82,1
TXN-17390,CUST-1030,4245.6,UPI,Authentication Failed,6,1,1,60904.52,0
TXN-17391,CUST-2550,2283.66,Credit Card,Card Expired,11,1,1,134360.81,1
TXN-17392,CUST-2649,4703.41,Debit Card,Temporary Bank/Network Error,6,1,1,57715.69,1
TXN-17393,CUST-1554,7941.55,Net Banking,Temporary Bank/Network Error,6,1,3,50247.61,1
TXN-17394,CUST-3185,9388.57,Debit Card,Authentication Failed,8,0,1,101471.44,0
TXN-17395,CUST-3099,5601.45,Debit Card,Insufficient Funds,7,0,1,118618.19,0
TXN-17396,CUST-1057,6417.6,UPI,Card Expired,3,1,3,48177.63,0
TXN-17397,CUST-1365,7201.66,Net Banking,Authentication Failed,8,0,1,37267.71,0
TXN-17398,CUST-3293,23149.25,Debit Card,Temporary Bank/Network Error,7,0,2,81421.23,0
TXN-17399,CUST-1652,9248.07,UPI,Payment Gateway Timeout,9,1,0,91706.05,1
TXN-17400,CUST-1294,14679.42,Credit Card,Temporary Bank/Network Error,13,0,3,109660.61,1
TXN-17401,CUST-2780,7067.76,Debit Card,Temporary Bank/Network Error,10,1,1,48491.91,1
TXN-17402,CUST-1221,11978.95,UPI,Temporary Bank/Network Error,13,1,2,171744.63,1
TXN-17403,CUST-3392,6384.59,UPI,Temporary Bank/Network Error,10,0,3,71714.89,1
TXN-17404,CUST-2835,7144.66,Debit Card,Payment Gateway Timeout,7,0,0,206687.04,1
TXN-17405,CUST-1251,9081.28,Credit Card,Payment Gateway Timeout,8,1,1,57984.05,1
TXN-17406,CUST-1716,9092.52,Net Banking,Authentication Failed,9,1,0,109036.35,1
TXN-17407,CUST-3067,5528.62,Credit Card,Insufficient Funds,14,0,2,43073.28,0
TXN-17408,CUST-2970,8863.62,UPI,Temporary Bank/Network Error,9,0,2,38072.71,1
TXN-17409,CUST-2770,7709.48,UPI,Temporary Bank/Network Error,4,1,2,70579.58,1
TXN-17410,CUST-1175,8227.35,Debit Card,Temporary Bank/Network Error,7,0,0,101485.83,1
TXN-17411,CUST-1389,4167.67,Debit Card,Card Expired,4,1,1,81457.72,0
TXN-17412,CUST-2097,9097.66,UPI,Temporary Bank/Network Error,10,0,2,64305.23,1
TXN-17413,CUST-2282,5997.75,UPI,Temporary Bank/Network Error,9,1,1,53523.0,1
TXN-17414,CUST-1868,8807.54,Wallet,Authentication Failed,9,0,3,37024.06,0
TXN-17415,CUST-2882,12517.16,Credit Card,Authentication Failed,6,1,0,29986.0,0
TXN-17416,CUST-1498,5753.43,Debit Card,Payment Gateway Timeout,7,0,3,69893.26,0
TXN-17417,CUST-1585,5302.28,Debit Card,Card Expired,5,0,1,59340.5,0
TXN-17418,CUST-3140,5259.51,Credit Card,Temporary Bank/Network Error,7,1,3,96660.67,1
TXN-17419,CUST-1716,2774.08,Credit Card,Temporary Bank/Network Error,6,1,1,282648.05,1
TXN-17420,CUST-2269,4641.0,UPI,Temporary Bank/Network Error,4,1,1,17852.59,1
TXN-17421,CUST-1864,7136.74,Net Banking,Temporary Bank/Network Error,5,1,3,68830.36,1
TXN-17422,CUST-1380,7853.83,UPI,Card Expired,5,1,2,69642.1,0
TXN-17423,CUST-1857,9409.29,Credit Card,Temporary Bank/Network Error,7,0,1,43755.27,1
TXN-17424,CUST-3489,5325.91,Debit Card,Temporary Bank/Network Error,10,1,0,35719.36,1
TXN-17425,CUST-2661,13553.27,Credit Card,Authentication Failed,10,1,0,107943.6,1
TXN-17426,CUST-1306,3620.19,Debit Card,Temporary Bank/Network Error,4,1,2,26890.99,1
TXN-17427,CUST-3035,6557.92,UPI,Card Expired,5,0,2,35705.95,0
TXN-17428,CUST-2282,11098.31,Credit Card,Insufficient Funds,11,0,2,55791.13,0
TXN-17429,CUST-3489,10711.31,Wallet,Payment Gateway Timeout,8,1,1,28588.13,1
TXN-17430,CUST-3037,8153.59,Debit Card,Temporary Bank/Network Error,8,0,1,58359.42,1
TXN-17431,CUST-1509,7129.72,Credit Card,Authentication Failed,7,0,2,78252.24,0
TXN-17432,CUST-2566,5586.92,UPI,Temporary Bank/Network Error,5,1,0,49220.01,1
TXN-17433,CUST-2585,7881.27,Credit Card,Payment Gateway Timeout,6,1,1,172694.3,1
TXN-17434,CUST-2197,8277.03,Wallet,Insufficient Funds,9,0,4,131106.0,0
TXN-17435,CUST-2982,3693.64,Wallet,Temporary Bank/Network Error,5,1,1,38806.32,1
TXN-17436,CUST-1534,6096.44,Credit Card,Temporary Bank/Network Error,10,1,1,132485.86,1
TXN-17437,CUST-2855,8075.38,Credit Card,Insufficient Funds,9,1,1,108308.41,1
TXN-17438,CUST-3355,5474.28,UPI,Insufficient Funds,3,0,1,76457.03,0
TXN-17439,CUST-3192,9959.65,UPI,Card Expired,16,1,2,105210.99,1
TXN-17440,CUST-2520,7168.32,UPI,Card Expired,7,1,2,44448.81,0
TXN-17441,CUST-2667,10611.61,Debit Card,Insufficient Funds,5,1,1,285170.23,0
TXN-17442,CUST-1314,6909.32,Credit Card,Authentication Failed,9,0,1,136614.98,0
TXN-17443,CUST-1244,4969.18,Credit Card,Temporary Bank/Network Error,4,1,0,90796.31,1
TXN-17444,CUST-3419,4882.15,Credit Card,Card Expired,7,1,3,60346.08,0
TXN-17445,CUST-1671,4254.38,UPI,Temporary Bank/Network Error,6,1,0,91861.53,1
TXN-17446,CUST-2474,10257.63,Debit Card,Temporary Bank/Network Error,3,1,1,82561.97,1
TXN-17447,CUST-3341,15247.8,Debit Card,Card Expired,12,1,1,95140.48,1
TXN-17448,CUST-3246,8232.43,Wallet,Insufficient Funds,7,1,0,31696.22,0
TXN-17449,CUST-1984,5944.42,Net Banking,Payment Gateway Timeout,13,0,1,86089.38,1
TXN-17450,CUST-3216,11606.06,Debit Card,Payment Gateway Timeout,3,0,0,82184.62,0
TXN-17451,CUST-2079,5369.13,Net Banking,Insufficient Funds,13,1,1,57998.62,1
TXN-17452,CUST-1091,11117.79,UPI,Authentication Failed,7,0,4,54782.0,0
TXN-17453,CUST-1480,6608.39,Credit Card,Temporary Bank/Network Error,8,1,0,49130.49,1
TXN-17454,CUST-2208,5814.33,Credit Card,Card Expired,7,1,1,50485.23,0
TXN-17455,CUST-2474,3875.5,Debit Card,Authentication Failed,7,0,3,78814.06,0
TXN-17456,CUST-2978,4380.82,UPI,Authentication Failed,5,0,4,40708.74,0
TXN-17457,CUST-2195,7489.24,Credit Card,Temporary Bank/Network Error,5,0,1,73248.26,0
TXN-17458,CUST-2608,14209.31,Debit Card,Insufficient Funds,5,1,0,51535.45,0
TXN-17459,CUST-1499,4651.19,UPI,Authentication Failed,3,0,0,23044.32,0
TXN-17460,CUST-1274,4829.29,Credit Card,Payment Gateway Timeout,9,0,3,70406.5,0
TXN-17461,CUST-1378,3242.07,Wallet,Temporary Bank/Network Error,7,1,0,89361.17,1
TXN-17462,CUST-1320,2806.89,Debit Card,Temporary Bank/Network Error,5,0,2,147331.35,0
TXN-17463,CUST-2041,4539.53,Net Banking,Temporary Bank/Network Error,9,1,1,39529.18,1
TXN-17464,CUST-1007,5625.08,UPI,Payment Gateway Timeout,7,0,2,25185.16,0
TXN-17465,CUST-1933,17538.34,Credit Card,Authentication Failed,8,1,1,98970.33,1
TXN-17466,CUST-1470,6888.57,Net Banking,Payment Gateway Timeout,8,1,4,34932.19,1
TXN-17467,CUST-2090,4623.13,UPI,Authentication Failed,13,1,0,212503.57,1
TXN-17468,CUST-2695,6102.69,Credit Card,Payment Gateway Timeout,12,1,5,54003.61,1
TXN-17469,CUST-1446,6454.84,Wallet,Temporary Bank/Network Error,10,1,1,66876.8,1
TXN-17470,CUST-2616,4263.93,UPI,Authentication Failed,9,1,3,28062.92,0
TXN-17471,CUST-3460,2460.64,Credit Card,Payment Gateway Timeout,6,0,1,47634.93,0
TXN-17472,CUST-1339,5768.3,Debit Card,Temporary Bank/Network Error,9,1,4,26666.2,1
TXN-17473,CUST-1084,11326.95,UPI,Temporary Bank/Network Error,11,0,1,130511.1,1
TXN-17474,CUST-1337,5969.54,UPI,Temporary Bank/Network Error,10,1,0,134784.17,1
TXN-17475,CUST-1295,4551.07,UPI,Temporary Bank/Network Error,5,1,2,104301.3,1
TXN-17476,CUST-2511,9588.37,Wallet,Payment Gateway Timeout,3,0,3,54886.41,0
TXN-17477,CUST-3111,9506.81,UPI,Card Expired,9,1,0,84029.2,1
TXN-17478,CUST-1640,7911.65,UPI,Payment Gateway Timeout,7,1,1,129752.78,1
TXN-17479,CUST-3221,7078.47,Credit Card,Temporary Bank/Network Error,10,0,3,42987.69,1
TXN-17480,CUST-1914,6528.36,Debit Card,Payment Gateway Timeout,2,0,0,44426.85,0
TXN-17481,CUST-1547,12218.96,Credit Card,Temporary Bank/Network Error,11,0,2,82223.99,1
TXN-17482,CUST-2153,4514.87,UPI,Payment Gateway Timeout,5,0,0,52091.52,0
TXN-17483,CUST-2571,3315.08,UPI,Temporary Bank/Network Error,6,1,1,21918.3,1
TXN-17484,CUST-2173,3595.2,Wallet,Card Expired,5,1,1,81639.64,0
TXN-17485,CUST-3062,10889.06,Net Banking,Authentication Failed,11,0,1,46148.75,0
TXN-17486,CUST-3155,4148.09,Credit Card,Temporary Bank/Network Error,8,1,1,92013.97,1
TXN-17487,CUST-1502,5908.17,Net Banking,Payment Gateway Timeout,13,1,1,30048.11,1
TXN-17488,CUST-1039,7737.59,Wallet,Payment Gateway Timeout,10,0,3,78245.23,0
TXN-17489,CUST-2954,8928.27,UPI,Payment Gateway Timeout,6,1,1,74959.8,1
TXN-17490,CUST-1347,11231.74,Net Banking,Temporary Bank/Network Error,5,0,2,59767.24,0
TXN-17491,CUST-1589,4201.19,UPI,Temporary Bank/Network Error,7,0,3,84045.85,0
TXN-17492,CUST-2548,11290.48,Debit Card,Insufficient Funds,8,1,2,106324.99,0
TXN-17493,CUST-2069,16934.56,Credit Card,Insufficient Funds,3,0,0,57127.82,0
TXN-17494,CUST-3256,4388.23,Credit Card,Payment Gateway Timeout,8,1,0,60252.9,1
TXN-17495,CUST-1498,5131.93,UPI,Card Expired,6,1,2,25256.88,0
TXN-17496,CUST-2854,8727.02,Net Banking,Temporary Bank/Network Error,10,1,0,165594.06,1
TXN-17497,CUST-1994,5222.59,Credit Card,Authentication Failed,9,0,1,84733.66,0
TXN-17498,CUST-3421,6343.4,Net Banking,Insufficient Funds,3,1,3,81136.18,0
TXN-17499,CUST-1497,3602.05,UPI,Payment Gateway Timeout,9,1,0,76521.85,1
TXN-17500,CUST-3039,6666.14,Wallet,Insufficient Funds,15,0,3,71677.88,0
TXN-17501,CUST-2087,8882.14,UPI,Authentication Failed,7,1,0,35042.28,1
TXN-17502,CUST-3169,24407.19,Debit Card,Card Expired,8,0,0,80007.21,0
TXN-17503,CUST-1524,6096.83,UPI,Insufficient Funds,6,1,2,84981.27,0
TXN-17504,CUST-2618,7911.67,UPI,Card Expired,9,0,4,162387.84,0
TXN-17505,CUST-1023,8424.26,Credit Card,Temporary Bank/Network Error,8,0,1,17914.55,1
TXN-17506,CUST-3447,11153.93,Wallet,Insufficient Funds,10,0,2,86396.23,0
TXN-17507,CUST-1673,2018.65,Debit Card,Temporary Bank/Network Error,4,1,4,80028.46,0
TXN-17508,CUST-3185,4682.97,Debit Card,Insufficient Funds,5,0,1,66796.28,0
TXN-17509,CUST-1717,4159.55,Debit Card,Authentication Failed,10,1,0,106999.79,1
TXN-17510,CUST-1077,7370.92,Net Banking,Temporary Bank/Network Error,9,0,2,85551.24,0
TXN-17511,CUST-2879,3032.78,UPI,Temporary Bank/Network Error,6,0,2,68178.57,0
TXN-17512,CUST-2495,4576.61,Credit Card,Card Expired,6,1,2,185453.28,0
TXN-17513,CUST-1390,5603.67,UPI,Insufficient Funds,9,0,0,92101.07,0
TXN-17514,CUST-2561,8789.7,Wallet,Card Expired,16,1,2,109310.5,1
TXN-17515,CUST-2034,10281.2,UPI,Payment Gateway Timeout,7,0,2,97662.19,0
TXN-17516,CUST-2177,14137.65,UPI,Card Expired,9,1,0,92089.35,1
TXN-17517,CUST-2720,14676.3,UPI,Temporary Bank/Network Error,5,1,4,35360.34,0
TXN-17518,CUST-1329,3650.06,Debit Card,Payment Gateway Timeout,7,1,2,82655.7,1
TXN-17519,CUST-3425,4199.67,UPI,Payment Gateway Timeout,9,1,1,28256.22,1
TXN-17520,CUST-1918,5099.22,Debit Card,Authentication Failed,10,1,0,56057.82,1
TXN-17521,CUST-1261,3480.14,Credit Card,Card Expired,6,0,1,300000.0,0
TXN-17522,CUST-1026,15369.45,UPI,Authentication Failed,8,1,2,75378.25,0
TXN-17523,CUST-2528,3516.08,Debit Card,Temporary Bank/Network Error,9,1,0,92079.43,1
TXN-17524,CUST-1705,4949.11,Credit Card,Payment Gateway Timeout,5,1,0,128652.74,1
TXN-17525,CUST-1925,5246.43,UPI,Temporary Bank/Network Error,9,1,2,50309.78,1
TXN-17526,CUST-2592,27596.47,Credit Card,Payment Gateway Timeout,16,1,6,81554.42,1
TXN-17527,CUST-1653,7694.71,UPI,Card Expired,11,0,0,78646.38,0
TXN-17528,CUST-2535,8433.06,Credit Card,Insufficient Funds,8,0,3,58089.37,0
TXN-17529,CUST-1137,5566.04,Wallet,Temporary Bank/Network Error,14,1,0,46274.37,1
TXN-17530,CUST-3075,5623.64,Credit Card,Insufficient Funds,9,1,1,79548.29,1
TXN-17531,CUST-1118,11845.73,Debit Card,Authentication Failed,10,0,2,49243.52,0
TXN-17532,CUST-1347,10455.65,UPI,Temporary Bank/Network Error,10,0,1,82246.29,1
TXN-17533,CUST-3359,13442.75,Net Banking,Temporary Bank/Network Error,6,1,1,82906.16,1
TXN-17534,CUST-1726,4258.7,Net Banking,Temporary Bank/Network Error,5,0,2,161180.38,0
TXN-17535,CUST-2144,5110.92,Debit Card,Temporary Bank/Network Error,3,1,1,28484.58,1
TXN-17536,CUST-2193,7232.36,Net Banking,Payment Gateway Timeout,10,1,3,101375.98,1
TXN-17537,CUST-2387,4379.48,Net Banking,Authentication Failed,12,1,4,76850.54,0
TXN-17538,CUST-1529,25509.22,Credit Card,Authentication Failed,12,0,4,148860.3,0
TXN-17539,CUST-3293,5078.63,Credit Card,Temporary Bank/Network Error,13,1,1,148914.19,1
TXN-17540,CUST-1718,8891.87,UPI,Authentication Failed,9,0,1,114299.77,0
TXN-17541,CUST-1427,7840.95,Debit Card,Card Expired,9,1,1,117956.04,1
TXN-17542,CUST-2403,3196.91,Credit Card,Temporary Bank/Network Error,4,1,2,79234.28,1
TXN-17543,CUST-2745,6225.5,Wallet,Insufficient Funds,10,1,2,68439.82,1
TXN-17544,CUST-2787,3076.76,Net Banking,Temporary Bank/Network Error,10,1,0,118402.68,1
TXN-17545,CUST-2936,4041.35,UPI,Payment Gateway Timeout,10,0,1,43792.39,1
TXN-17546,CUST-1317,2640.75,UPI,Insufficient Funds,6,1,2,71300.27,0
TXN-17547,CUST-1761,3925.37,Debit Card,Authentication Failed,12,0,0,65553.7,1
TXN-17548,CUST-1119,4335.89,UPI,Card Expired,9,0,4,60585.63,0
TXN-17549,CUST-2322,5944.19,Wallet,Authentication Failed,11,1,0,56264.75,1
TXN-17550,CUST-2514,8247.89,Debit Card,Card Expired,10,1,0,35724.92,1
TXN-17551,CUST-2086,3362.0,UPI,Payment Gateway Timeout,7,1,5,44838.84,0
TXN-17552,CUST-2070,3547.99,UPI,Payment Gateway Timeout,14,0,0,74915.97,1
TXN-17553,CUST-1871,7066.02,UPI,Insufficient Funds,10,1,3,150939.85,1
TXN-17554,CUST-2605,3900.64,UPI,Temporary Bank/Network Error,14,1,1,37133.41,1
TXN-17555,CUST-2443,17534.68,UPI,Insufficient Funds,8,0,0,82539.35,0
TXN-17556,CUST-3111,10166.73,Debit Card,Insufficient Funds,9,0,0,102886.52,0
TXN-17557,CUST-1586,5757.9,Debit Card,Insufficient Funds,11,1,1,104522.1,1
TXN-17558,CUST-2281,9711.32,Wallet,Temporary Bank/Network Error,5,1,3,136840.17,1
TXN-17559,CUST-3294,10324.88,UPI,Payment Gateway Timeout,11,0,0,66414.77,1
TXN-17560,CUST-2298,11009.23,Debit Card,Temporary Bank/Network Error,5,1,1,74623.73,1
TXN-17561,CUST-2951,8407.32,Credit Card,Insufficient Funds,9,1,1,106316.84,1
TXN-17562,CUST-2911,3821.57,UPI,Temporary Bank/Network Error,12,0,1,54101.96,1
TXN-17563,CUST-1668,5678.16,Net Banking,Payment Gateway Timeout,8,1,0,105464.51,1
TXN-17564,CUST-2257,6261.64,Wallet,Temporary Bank/Network Error,6,1,3,160021.26,1
TXN-17565,CUST-2307,3116.85,UPI,Insufficient Funds,12,0,0,70970.1,1
TXN-17566,CUST-1255,7881.57,UPI,Payment Gateway Timeout,9,1,2,135929.35,1
TXN-17567,CUST-2504,20211.02,UPI,Card Expired,13,0,3,83906.55,0
TXN-17568,CUST-1163,4420.99,UPI,Temporary Bank/Network Error,8,0,2,59527.67,1
TXN-17569,CUST-1936,9337.92,UPI,Temporary Bank/Network Error,7,1,0,57125.52,1
TXN-17570,CUST-1286,7599.14,Wallet,Temporary Bank/Network Error,5,1,2,100935.82,1
TXN-17571,CUST-1827,5292.93,Wallet,Insufficient Funds,9,1,4,31707.31,0
TXN-17572,CUST-2537,4686.58,UPI,Insufficient Funds,3,1,1,99183.64,0
TXN-17573,CUST-1394,9819.53,Credit Card,Authentication Failed,8,0,2,44478.27,0
TXN-17574,CUST-3299,6865.33,Debit Card,Authentication Failed,7,0,3,45949.35,0
TXN-17575,CUST-2997,9765.05,UPI,Authentication Failed,8,1,2,52920.28,0
TXN-17576,CUST-2281,4826.22,Credit Card,Authentication Failed,5,1,0,20823.65,0
TXN-17577,CUST-3049,3848.01,Credit Card,Temporary Bank/Network Error,11,0,2,52878.43,1
TXN-17578,CUST-3134,13171.92,Credit Card,Authentication Failed,7,1,2,106537.8,0
TXN-17579,CUST-1458,12202.35,UPI,Payment Gateway Timeout,10,0,4,69373.04,0
TXN-17580,CUST-2530,11010.77,Net Banking,Payment Gateway Timeout,5,0,2,79570.75,0
TXN-17581,CUST-1493,7747.05,Wallet,Authentication Failed,6,0,2,65090.81,0
TXN-17582,CUST-1429,7888.03,UPI,Insufficient Funds,9,1,0,120441.59,1
TXN-17583,CUST-1510,12471.93,Debit Card,Authentication Failed,5,0,4,70476.2,0
TXN-17584,CUST-2320,6178.66,Credit Card,Payment Gateway Timeout,12,1,2,41538.98,1
TXN-17585,CUST-1971,10434.86,Credit Card,Payment Gateway Timeout,5,1,3,34689.2,0
TXN-17586,CUST-2837,9171.42,Net Banking,Insufficient Funds,10,1,0,77637.34,1
TXN-17587,CUST-1638,7462.4,Credit Card,Temporary Bank/Network Error,7,1,2,163722.74,1
TXN-17588,CUST-1324,14613.86,Credit Card,Insufficient Funds,6,1,1,67446.79,0
TXN-17589,CUST-1287,1470.05,UPI,Authentication Failed,8,1,2,59381.5,0
TXN-17590,CUST-3435,7410.53,Credit Card,Authentication Failed,7,0,1,92361.4,0
TXN-17591,CUST-1271,9546.83,UPI,Temporary Bank/Network Error,1,1,0,113149.88,1
TXN-17592,CUST-3243,12682.91,UPI,Insufficient Funds,7,0,1,112381.41,0
TXN-17593,CUST-1724,6088.54,Debit Card,Temporary Bank/Network Error,9,1,3,69539.06,1
TXN-17594,CUST-2675,8411.81,Net Banking,Authentication Failed,9,1,1,63032.13,1
TXN-17595,CUST-1382,3003.47,UPI,Payment Gateway Timeout,7,0,1,57013.95,0
TXN-17596,CUST-2014,4382.95,Debit Card,Authentication Failed,9,1,1,71413.05,1
TXN-17597,CUST-3207,3736.78,Credit Card,Insufficient Funds,7,1,1,80573.32,0
TXN-17598,CUST-2445,5808.46,Wallet,Insufficient Funds,9,1,1,51121.34,1
TXN-17599,CUST-2112,6294.98,Debit Card,Insufficient Funds,3,1,2,75675.42,0
TXN-17600,CUST-3075,3765.01,Credit Card,Temporary Bank/Network Error,4,1,2,83336.14,1
TXN-17601,CUST-3224,12830.63,Wallet,Temporary Bank/Network Error,3,1,0,55872.97,1
TXN-17602,CUST-1618,10149.17,Debit Card,Payment Gateway Timeout,5,1,3,87304.71,0
TXN-17603,CUST-3391,4159.21,Debit Card,Card Expired,5,0,1,103197.01,0
TXN-17604,CUST-2902,2548.3,UPI,Card Expired,6,0,2,101419.5,0
TXN-17605,CUST-3294,4229.8,Credit Card,Authentication Failed,6,1,2,48215.11,0
TXN-17606,CUST-1420,6066.27,Wallet,Temporary Bank/Network Error,15,1,2,76094.1,1
TXN-17607,CUST-3497,10017.25,Debit Card,Insufficient Funds,12,0,3,121262.66,0
TXN-17608,CUST-3201,4933.2,Credit Card,Temporary Bank/Network Error,9,0,0,149339.1,1
TXN-17609,CUST-1560,15982.38,UPI,Insufficient Funds,10,1,1,95331.9,1
TXN-17610,CUST-2235,12698.21,UPI,Card Expired,8,1,1,61338.75,0
TXN-17611,CUST-1333,11775.9,Credit Card,Payment Gateway Timeout,7,1,1,69264.48,1
TXN-17612,CUST-2354,3602.65,UPI,Temporary Bank/Network Error,12,0,1,108574.02,1
TXN-17613,CUST-1649,5277.62,UPI,Insufficient Funds,5,1,0,59322.2,0
TXN-17614,CUST-3043,9254.41,Wallet,Temporary Bank/Network Error,9,0,0,210180.41,1
TXN-17615,CUST-1972,3878.32,Debit Card,Temporary Bank/Network Error,5,0,2,69166.7,0
TXN-17616,CUST-2703,10601.63,Credit Card,Authentication Failed,7,0,1,179451.15,0
TXN-17617,CUST-3338,15015.14,Credit Card,Authentication Failed,19,0,1,86693.37,1
TXN-17618,CUST-2581,8912.09,UPI,Temporary Bank/Network Error,2,1,1,218660.58,1
TXN-17619,CUST-1612,7484.45,UPI,Payment Gateway Timeout,10,0,4,51690.97,0
TXN-17620,CUST-2468,7771.24,Credit Card,Insufficient Funds,6,0,0,93543.15,0
TXN-17621,CUST-1329,8646.02,Debit Card,Payment Gateway Timeout,8,1,1,31456.43,1
TXN-17622,CUST-1343,21599.25,Credit Card,Authentication Failed,6,1,4,74553.82,0
TXN-17623,CUST-2455,7265.37,UPI,Authentication Failed,16,0,5,142685.75,0
TXN-17624,CUST-3306,6557.82,UPI,Temporary Bank/Network Error,7,1,3,48992.16,1
TXN-17625,CUST-2135,6109.08,Debit Card,Temporary Bank/Network Error,7,0,0,37286.99,1
TXN-17626,CUST-2955,11639.6,Credit Card,Insufficient Funds,6,1,2,63752.35,0
TXN-17627,CUST-1309,19383.83,Debit Card,Payment Gateway Timeout,9,0,1,59202.78,1
TXN-17628,CUST-1144,4747.53,Net Banking,Authentication Failed,5,1,4,166987.21,0
TXN-17629,CUST-2680,4936.09,UPI,Temporary Bank/Network Error,4,0,2,69051.48,0
TXN-17630,CUST-1520,7989.06,Credit Card,Temporary Bank/Network Error,8,1,2,52366.7,1
TXN-17631,CUST-2672,15105.82,Debit Card,Temporary Bank/Network Error,5,1,1,74970.21,1
TXN-17632,CUST-2560,12577.71,Net Banking,Insufficient Funds,8,1,1,52290.71,0
TXN-17633,CUST-3498,11092.66,UPI,Temporary Bank/Network Error,5,0,3,87768.97,0
TXN-17634,CUST-1933,9773.15,Wallet,Insufficient Funds,10,1,0,69345.48,1
TXN-17635,CUST-3066,8836.43,UPI,Authentication Failed,3,1,2,67912.29,0
TXN-17636,CUST-1498,7866.85,UPI,Temporary Bank/Network Error,12,1,2,123534.58,1
TXN-17637,CUST-1157,4741.39,Credit Card,Authentication Failed,13,0,1,28762.13,0
TXN-17638,CUST-2257,7371.94,Credit Card,Authentication Failed,7,1,3,156369.88,0
TXN-17639,CUST-1563,4333.49,Net Banking,Authentication Failed,3,0,0,100428.89,0
TXN-17640,CUST-1097,8328.12,UPI,Temporary Bank/Network Error,4,1,2,159460.1,1
TXN-17641,CUST-2666,8493.83,Net Banking,Temporary Bank/Network Error,11,1,0,36379.78,1
TXN-17642,CUST-1513,14128.69,UPI,Temporary Bank/Network Error,6,0,2,85956.27,0
TXN-17643,CUST-2988,9428.75,UPI,Temporary Bank/Network Error,8,1,0,77964.4,1
TXN-17644,CUST-1803,8591.41,Debit Card,Temporary Bank/Network Error,8,1,5,105079.75,1
TXN-17645,CUST-2672,9881.53,Debit Card,Insufficient Funds,14,1,0,106490.23,1
TXN-17646,CUST-1838,9050.62,Net Banking,Temporary Bank/Network Error,10,0,0,61565.44,1
TXN-17647,CUST-1762,3969.14,Wallet,Temporary Bank/Network Error,6,0,3,99086.58,0
TXN-17648,CUST-2357,4136.02,Credit Card,Temporary Bank/Network Error,8,1,1,112178.11,1
TXN-17649,CUST-1460,5673.3,UPI,Temporary Bank/Network Error,5,0,2,97667.47,0
TXN-17650,CUST-2453,4838.44,Wallet,Authentication Failed,10,1,2,58342.59,1
TXN-17651,CUST-2487,7402.32,UPI,Insufficient Funds,4,0,1,81597.39,0
TXN-17652,CUST-3042,3976.83,Credit Card,Temporary Bank/Network Error,7,1,2,53495.0,1
TXN-17653,CUST-3459,6777.44,UPI,Payment Gateway Timeout,7,1,0,64093.1,1
TXN-17654,CUST-2258,4659.76,Wallet,Payment Gateway Timeout,6,0,3,50422.0,0
TXN-17655,CUST-3225,8280.48,UPI,Card Expired,11,0,1,215106.73,0
TXN-17656,CUST-3094,6637.8,Credit Card,Insufficient Funds,7,1,0,126592.52,1
TXN-17657,CUST-1884,4144.49,UPI,Temporary Bank/Network Error,6,0,0,83188.56,1
TXN-17658,CUST-2358,7179.63,Debit Card,Temporary Bank/Network Error,6,1,1,66254.81,1
TXN-17659,CUST-2233,4525.75,UPI,Authentication Failed,12,1,2,99096.7,1
TXN-17660,CUST-2169,6321.41,Debit Card,Insufficient Funds,4,1,2,67059.86,0
TXN-17661,CUST-3119,11143.78,UPI,Payment Gateway Timeout,6,1,0,58402.29,1
TXN-17662,CUST-2255,8187.33,Credit Card,Temporary Bank/Network Error,7,0,0,48089.68,1
TXN-17663,CUST-1801,4811.53,Wallet,Authentication Failed,2,1,0,42149.88,0
TXN-17664,CUST-2603,11286.66,UPI,Insufficient Funds,10,1,1,119110.41,1
TXN-17665,CUST-1292,4300.19,Debit Card,Card Expired,6,1,3,77283.31,0
TXN-17666,CUST-1316,25017.49,Debit Card,Authentication Failed,8,0,1,44883.38,0
TXN-17667,CUST-1881,4001.09,Credit Card,Card Expired,7,1,2,94702.84,0
TXN-17668,CUST-2805,9093.75,UPI,Payment Gateway Timeout,15,1,1,101756.47,1
TXN-17669,CUST-1156,7306.29,Debit Card,Authentication Failed,11,1,0,96872.99,1
TXN-17670,CUST-3360,9601.77,UPI,Temporary Bank/Network Error,10,1,4,89991.37,1
TXN-17671,CUST-2513,7439.97,Credit Card,Insufficient Funds,9,0,3,74992.43,0
TXN-17672,CUST-1029,5068.2,UPI,Temporary Bank/Network Error,7,0,1,67761.61,1
TXN-17673,CUST-1445,16504.93,Debit Card,Temporary Bank/Network Error,11,1,1,24778.73,1
TXN-17674,CUST-3143,5990.86,Credit Card,Temporary Bank/Network Error,8,1,2,61021.95,1
TXN-17675,CUST-2575,10662.4,Credit Card,Payment Gateway Timeout,8,0,1,64040.46,1
TXN-17676,CUST-2094,3704.65,Credit Card,Payment Gateway Timeout,11,1,3,148750.27,1
TXN-17677,CUST-1182,12700.77,Debit Card,Insufficient Funds,4,1,1,34901.7,0
TXN-17678,CUST-1502,6504.02,Credit Card,Insufficient Funds,8,1,2,80237.27,0
TXN-17679,CUST-3193,26622.83,Debit Card,Insufficient Funds,8,0,1,89833.13,0
TXN-17680,CUST-2740,5455.97,UPI,Temporary Bank/Network Error,5,1,0,82676.13,1
TXN-17681,CUST-3419,10202.82,UPI,Insufficient Funds,2,1,1,62345.9,0
TXN-17682,CUST-2178,14337.04,UPI,Insufficient Funds,5,1,0,73167.64,0
TXN-17683,CUST-1956,5823.43,UPI,Temporary Bank/Network Error,3,1,1,35733.08,1
TXN-17684,CUST-3237,4092.74,Wallet,Authentication Failed,7,1,0,64895.54,1
TXN-17685,CUST-2070,7666.33,UPI,Card Expired,6,0,1,33157.14,0
TXN-17686,CUST-3221,7520.57,Credit Card,Temporary Bank/Network Error,9,1,1,149236.34,1
TXN-17687,CUST-1436,5030.47,Debit Card,Payment Gateway Timeout,6,1,1,58511.45,1
TXN-17688,CUST-2924,2151.72,UPI,Temporary Bank/Network Error,9,1,0,92240.47,1
TXN-17689,CUST-2021,6756.53,Debit Card,Insufficient Funds,7,0,0,122222.35,0
TXN-17690,CUST-2611,21155.21,Net Banking,Payment Gateway Timeout,5,0,2,110421.38,0
TXN-17691,CUST-2109,11789.9,Debit Card,Payment Gateway Timeout,5,0,3,73698.71,0
TXN-17692,CUST-3391,4297.08,UPI,Authentication Failed,11,1,0,103355.62,1
TXN-17693,CUST-1851,3346.21,UPI,Card Expired,5,1,0,48119.34,0
TXN-17694,CUST-1517,3055.83,Net Banking,Authentication Failed,5,0,1,43849.17,0
TXN-17695,CUST-1567,4878.65,Wallet,Payment Gateway Timeout,11,0,0,111690.33,1
TXN-17696,CUST-1494,3903.25,UPI,Temporary Bank/Network Error,2,1,2,83185.45,1
TXN-17697,CUST-1300,4196.09,UPI,Temporary Bank/Network Error,10,0,1,46800.83,1
TXN-17698,CUST-1987,9515.47,UPI,Card Expired,7,0,1,51373.09,0
TXN-17699,CUST-2341,17520.02,UPI,Authentication Failed,9,1,0,47500.42,1
TXN-17700,CUST-2605,2080.04,Net Banking,Temporary Bank/Network Error,12,1,2,61525.43,1
TXN-17701,CUST-2524,8981.82,Debit Card,Payment Gateway Timeout,13,0,2,121356.47,1
TXN-17702,CUST-1625,10452.21,UPI,Payment Gateway Timeout,12,0,1,55853.38,1
TXN-17703,CUST-2721,7524.54,Debit Card,Temporary Bank/Network Error,9,1,3,83858.38,1
TXN-17704,CUST-1349,4143.74,Credit Card,Authentication Failed,5,0,0,53905.99,0
TXN-17705,CUST-1921,9586.43,Debit Card,Temporary Bank/Network Error,12,1,1,21839.88,1
TXN-17706,CUST-2470,4001.9,Credit Card,Insufficient Funds,6,0,1,67526.95,0
TXN-17707,CUST-1804,7633.16,Credit Card,Temporary Bank/Network Error,7,1,0,56205.52,1
TXN-17708,CUST-1664,5210.82,Debit Card,Temporary Bank/Network Error,6,1,1,53398.35,1
TXN-17709,CUST-1795,17694.99,UPI,Authentication Failed,8,0,1,61110.53,0
TXN-17710,CUST-2038,5923.86,Net Banking,Insufficient Funds,11,1,0,103062.83,1
TXN-17711,CUST-2481,8921.1,UPI,Payment Gateway Timeout,6,0,2,58542.31,0
TXN-17712,CUST-3353,5332.83,Credit Card,Payment Gateway Timeout,8,1,3,282039.05,1
TXN-17713,CUST-2246,7291.74,UPI,Temporary Bank/Network Error,8,1,3,39748.59,1
TXN-17714,CUST-2390,4588.03,UPI,Insufficient Funds,6,1,3,80247.19,0
TXN-17715,CUST-1014,3107.72,Debit Card,Authentication Failed,9,1,1,70549.66,1
TXN-17716,CUST-1423,3424.61,Net Banking,Insufficient Funds,7,1,2,99831.84,0
TXN-17717,CUST-2908,8230.95,Debit Card,Payment Gateway Timeout,11,0,2,119255.05,1
TXN-17718,CUST-3282,6018.86,UPI,Insufficient Funds,9,1,0,20670.94,1
TXN-17719,CUST-1894,6189.79,UPI,Temporary Bank/Network Error,10,1,2,114733.06,1
TXN-17720,CUST-2900,15854.02,Wallet,Insufficient Funds,12,0,1,49962.56,0
TXN-17721,CUST-1397,6797.85,UPI,Authentication Failed,9,1,3,54517.96,0
TXN-17722,CUST-2102,6690.76,Credit Card,Payment Gateway Timeout,5,1,0,71300.67,1
TXN-17723,CUST-1413,2667.38,Credit Card,Temporary Bank/Network Error,8,1,3,64710.06,1
TXN-17724,CUST-1183,4899.57,Credit Card,Card Expired,8,0,1,39901.91,0
TXN-17725,CUST-2270,7826.77,Wallet,Payment Gateway Timeout,11,0,0,117225.25,1
TXN-17726,CUST-1423,7942.82,UPI,Temporary Bank/Network Error,3,0,1,43279.73,0
TXN-17727,CUST-2039,5863.59,UPI,Authentication Failed,5,1,3,128850.38,0
TXN-17728,CUST-1550,10393.31,Net Banking,Insufficient Funds,5,1,3,91070.64,0
TXN-17729,CUST-2926,8550.72,Debit Card,Payment Gateway Timeout,14,0,2,34640.38,1
TXN-17730,CUST-2318,3279.73,Credit Card,Card Expired,8,1,1,50206.49,0
TXN-17731,CUST-2252,7885.8,UPI,Payment Gateway Timeout,6,1,4,48214.31,0
TXN-17732,CUST-3222,5726.19,UPI,Payment Gateway Timeout,6,1,3,99058.8,1
TXN-17733,CUST-1627,3658.22,UPI,Temporary Bank/Network Error,9,1,2,127053.7,1
TXN-17734,CUST-3032,4936.13,Net Banking,Card Expired,7,1,2,59875.73,0
TXN-17735,CUST-1427,6233.19,Credit Card,Temporary Bank/Network Error,11,1,0,103827.24,1
TXN-17736,CUST-1562,10742.0,UPI,Payment Gateway Timeout,7,0,0,89483.82,1
TXN-17737,CUST-2760,12816.89,Credit Card,Authentication Failed,6,0,2,62284.87,0
TXN-17738,CUST-3264,29861.31,Debit Card,Insufficient Funds,9,0,1,33756.07,0
TXN-17739,CUST-1222,5054.01,Credit Card,Payment Gateway Timeout,7,1,1,43606.52,1
TXN-17740,CUST-1892,5218.93,Credit Card,Payment Gateway Timeout,5,1,0,47586.43,1
TXN-17741,CUST-2912,33334.07,UPI,Temporary Bank/Network Error,12,1,2,65409.53,1
TXN-17742,CUST-2686,5399.87,Credit Card,Temporary Bank/Network Error,11,0,1,47034.71,1
TXN-17743,CUST-1700,3462.75,UPI,Payment Gateway Timeout,7,1,4,83623.51,1
TXN-17744,CUST-1287,6857.58,Net Banking,Temporary Bank/Network Error,8,0,2,38892.74,0
TXN-17745,CUST-2288,5656.05,UPI,Insufficient Funds,11,1,1,174677.07,1
TXN-17746,CUST-2604,7419.28,Credit Card,Temporary Bank/Network Error,8,1,2,51868.9,1
TXN-17747,CUST-1786,9058.65,Debit Card,Payment Gateway Timeout,8,1,2,80769.95,1
TXN-17748,CUST-3100,11062.97,Credit Card,Payment Gateway Timeout,7,0,2,128093.7,0
TXN-17749,CUST-2570,17408.78,UPI,Insufficient Funds,5,1,1,56769.06,0
TXN-17750,CUST-2752,5627.97,Debit Card,Authentication Failed,12,0,2,40443.61,0
TXN-17751,CUST-2637,4336.94,UPI,Insufficient Funds,9,1,4,85916.48,0
TXN-17752,CUST-2160,11586.7,Debit Card,Payment Gateway Timeout,9,1,2,117207.99,1
TXN-17753,CUST-2002,6787.34,Wallet,Payment Gateway Timeout,5,0,1,66323.24,0
TXN-17754,CUST-3356,12436.39,UPI,Payment Gateway Timeout,6,1,2,51375.71,1
TXN-17755,CUST-2742,7716.53,UPI,Insufficient Funds,9,1,2,85209.53,0
TXN-17756,CUST-1862,5020.21,Credit Card,Payment Gateway Timeout,10,0,1,45419.8,1
TXN-17757,CUST-2666,5924.78,Credit Card,Insufficient Funds,4,1,2,108843.3,0
TXN-17758,CUST-3361,6608.48,UPI,Payment Gateway Timeout,10,0,0,105398.86,1
TXN-17759,CUST-1260,9685.09,UPI,Card Expired,6,0,0,50183.65,0
TXN-17760,CUST-2201,8154.16,Credit Card,Temporary Bank/Network Error,14,0,1,200063.54,1
TXN-17761,CUST-1496,5680.76,UPI,Payment Gateway Timeout,8,1,1,29753.72,1
TXN-17762,CUST-2472,8290.7,Net Banking,Temporary Bank/Network Error,11,0,2,47486.42,1
TXN-17763,CUST-3427,3752.32,Wallet,Insufficient Funds,7,0,4,103877.4,0
TXN-17764,CUST-1098,4759.84,UPI,Authentication Failed,7,0,1,86766.81,0
TXN-17765,CUST-2363,7013.62,Debit Card,Card Expired,8,0,0,121328.18,0
TXN-17766,CUST-1401,4412.42,Debit Card,Temporary Bank/Network Error,5,1,2,150035.8,1
TXN-17767,CUST-1571,9874.19,Debit Card,Payment Gateway Timeout,6,1,0,121071.62,1
TXN-17768,CUST-1475,15061.2,UPI,Payment Gateway Timeout,8,0,1,109932.55,1
TXN-17769,CUST-3474,3338.32,Credit Card,Temporary Bank/Network Error,15,0,1,75624.32,1
TXN-17770,CUST-1150,14338.59,Wallet,Payment Gateway Timeout,12,1,2,57746.46,1
TXN-17771,CUST-2817,7179.85,Net Banking,Payment Gateway Timeout,11,1,2,53564.36,1
TXN-17772,CUST-2308,2747.96,Debit Card,Payment Gateway Timeout,5,0,3,79968.55,0
TXN-17773,CUST-3170,9413.47,UPI,Authentication Failed,10,1,2,41930.59,1
TXN-17774,CUST-1423,9177.78,Credit Card,Card Expired,11,0,1,172641.39,0
TXN-17775,CUST-1622,5492.75,Credit Card,Temporary Bank/Network Error,11,1,2,34754.94,1
TXN-17776,CUST-2587,8468.36,Wallet,Authentication Failed,6,0,0,108195.34,0
TXN-17777,CUST-3478,13510.04,Wallet,Authentication Failed,6,0,1,106063.93,0
TXN-17778,CUST-2816,7890.16,Credit Card,Temporary Bank/Network Error,7,1,0,108541.63,1
TXN-17779,CUST-1095,12491.82,UPI,Temporary Bank/Network Error,9,0,1,118724.24,1
TXN-17780,CUST-2624,5673.17,Debit Card,Insufficient Funds,12,1,0,24332.29,1
TXN-17781,CUST-2030,2642.75,UPI,Temporary Bank/Network Error,6,1,1,62388.15,1
TXN-17782,CUST-2848,3998.99,Debit Card,Card Expired,5,1,0,66935.14,0
TXN-17783,CUST-2606,11498.46,UPI,Insufficient Funds,8,1,2,73634.51,0
TXN-17784,CUST-2644,5332.67,Wallet,Insufficient Funds,3,1,1,102738.93,0
TXN-17785,CUST-1345,10266.8,UPI,Insufficient Funds,4,1,0,91805.57,0
TXN-17786,CUST-2825,13018.33,Credit Card,Authentication Failed,11,1,2,48358.58,1
TXN-17787,CUST-2184,12826.22,Credit Card,Insufficient Funds,5,1,1,89249.56,0
TXN-17788,CUST-2752,13405.09,UPI,Temporary Bank/Network Error,15,1,2,72393.96,1
TXN-17789,CUST-1248,9548.23,UPI,Temporary Bank/Network Error,11,0,3,157475.01,1
TXN-17790,CUST-2476,6216.16,Debit Card,Temporary Bank/Network Error,10,1,1,114217.46,1
TXN-17791,CUST-2181,3149.68,Debit Card,Authentication Failed,5,1,4,33995.39,0
TXN-17792,CUST-1407,8095.29,Net Banking,Temporary Bank/Network Error,6,0,2,29396.62,0
TXN-17793,CUST-2864,3914.12,Debit Card,Temporary Bank/Network Error,13,1,7,86813.8,1
TXN-17794,CUST-2291,8542.8,Debit Card,Authentication Failed,6,0,3,151882.11,0
TXN-17795,CUST-2973,11904.85,Debit Card,Authentication Failed,9,1,0,78180.03,1
TXN-17796,CUST-2327,9088.58,UPI,Payment Gateway Timeout,7,1,1,46315.96,1
TXN-17797,CUST-3018,8391.47,Wallet,Temporary Bank/Network Error,10,0,3,39823.63,1
TXN-17798,CUST-3419,10109.33,Credit Card,Payment Gateway Timeout,7,0,1,28037.3,0
TXN-17799,CUST-1432,4959.65,Wallet,Temporary Bank/Network Error,5,1,0,129413.5,1
TXN-17800,CUST-2026,11790.08,UPI,Temporary Bank/Network Error,7,0,0,21243.4,1
TXN-17801,CUST-2384,4511.15,UPI,Authentication Failed,6,1,1,165320.24,1
TXN-17802,CUST-1671,10321.49,UPI,Insufficient Funds,5,1,2,49161.96,0
TXN-17803,CUST-2028,7824.93,UPI,Payment Gateway Timeout,9,0,2,82467.82,1
TXN-17804,CUST-1075,14913.58,Credit Card,Payment Gateway Timeout,5,1,2,30577.69,1
TXN-17805,CUST-2640,9028.41,UPI,Temporary Bank/Network Error,4,1,0,69904.75,1
TXN-17806,CUST-1325,7421.08,Debit Card,Insufficient Funds,10,1,3,42939.8,0
TXN-17807,CUST-3345,4036.87,Net Banking,Temporary Bank/Network Error,7,0,0,64965.97,1
TXN-17808,CUST-1084,5897.74,Wallet,Insufficient Funds,10,1,2,44919.93,1
TXN-17809,CUST-2903,4701.14,Net Banking,Authentication Failed,7,0,1,126759.42,0
TXN-17810,CUST-3154,4189.63,Credit Card,Insufficient Funds,8,0,1,104625.9,0
TXN-17811,CUST-3128,5895.31,UPI,Temporary Bank/Network Error,12,0,2,40439.77,1
TXN-17812,CUST-2902,10832.58,Net Banking,Insufficient Funds,7,0,0,42487.68,0
TXN-17813,CUST-1686,6639.9,UPI,Payment Gateway Timeout,13,1,0,184540.74,1
TXN-17814,CUST-1609,4898.53,Debit Card,Authentication Failed,9,1,1,48843.72,1
TXN-17815,CUST-3151,8732.66,Debit Card,Temporary Bank/Network Error,7,1,0,89164.69,1
TXN-17816,CUST-2052,3022.85,Credit Card,Temporary Bank/Network Error,10,0,2,58817.95,1
TXN-17817,CUST-3197,2083.63,Debit Card,Insufficient Funds,5,0,1,51673.23,0
TXN-17818,CUST-2895,5626.64,Credit Card,Payment Gateway Timeout,10,0,2,71308.58,1
TXN-17819,CUST-1370,10248.35,Credit Card,Insufficient Funds,4,1,2,76690.58,0
TXN-17820,CUST-3377,10309.09,Credit Card,Payment Gateway Timeout,7,0,0,74669.74,1
TXN-17821,CUST-1260,7023.66,Credit Card,Temporary Bank/Network Error,10,0,1,80302.36,1
TXN-17822,CUST-1368,6235.31,Credit Card,Authentication Failed,4,1,0,91861.78,0
TXN-17823,CUST-2919,7081.52,Net Banking,Card Expired,11,0,2,169860.84,0
TXN-17824,CUST-3307,8811.21,Debit Card,Authentication Failed,6,1,4,54674.05,0
TXN-17825,CUST-1834,6176.85,Debit Card,Authentication Failed,10,1,1,76864.84,1
TXN-17826,CUST-1121,8684.36,UPI,Payment Gateway Timeout,7,1,2,60925.06,1
TXN-17827,CUST-1996,5782.9,UPI,Payment Gateway Timeout,3,1,0,98494.43,1
TXN-17828,CUST-2005,4474.0,UPI,Payment Gateway Timeout,7,1,1,71909.64,1
TXN-17829,CUST-1236,9682.62,UPI,Insufficient Funds,6,1,2,72057.57,0
TXN-17830,CUST-3290,6551.94,Debit Card,Temporary Bank/Network Error,5,1,2,104125.86,1
TXN-17831,CUST-2127,7664.14,Debit Card,Payment Gateway Timeout,7,1,0,81547.23,1
TXN-17832,CUST-2229,5857.22,Wallet,Temporary Bank/Network Error,9,0,3,30581.8,0
TXN-17833,CUST-1196,4591.78,Credit Card,Temporary Bank/Network Error,10,0,4,128419.65,1
TXN-17834,CUST-1805,6219.76,UPI,Temporary Bank/Network Error,11,0,2,107188.66,1
TXN-17835,CUST-2726,11922.81,UPI,Temporary Bank/Network Error,8,1,4,119569.42,1
TXN-17836,CUST-1327,7025.83,Net Banking,Card Expired,7,1,1,69339.7,0
TXN-17837,CUST-2753,6772.77,UPI,Authentication Failed,9,0,1,44019.42,0
TXN-17838,CUST-1097,17585.14,Net Banking,Insufficient Funds,10,1,1,80270.96,1
TXN-17839,CUST-3084,10294.14,Debit Card,Payment Gateway Timeout,5,1,3,80749.57,0
TXN-17840,CUST-2660,16091.96,UPI,Insufficient Funds,7,0,0,82452.44,0
TXN-17841,CUST-3236,10260.29,Credit Card,Authentication Failed,10,0,5,62988.3,0
TXN-17842,CUST-3491,2721.21,Debit Card,Temporary Bank/Network Error,6,1,0,141589.95,1
TXN-17843,CUST-2535,10968.23,Net Banking,Card Expired,11,0,2,34733.01,0
TXN-17844,CUST-1418,7933.44,Wallet,Insufficient Funds,5,1,3,37326.63,0
TXN-17845,CUST-1621,5999.46,UPI,Insufficient Funds,8,0,2,30231.67,0
TXN-17846,CUST-1682,16723.87,Wallet,Insufficient Funds,1,1,1,42114.3,0
TXN-17847,CUST-3007,15322.32,Credit Card,Temporary Bank/Network Error,9,1,0,55298.73,1
TXN-17848,CUST-2836,8689.09,UPI,Authentication Failed,4,0,3,87410.64,0
TXN-17849,CUST-2046,7883.59,Credit Card,Payment Gateway Timeout,9,1,2,33398.45,1
TXN-17850,CUST-2204,9396.37,UPI,Card Expired,9,1,2,57556.51,0
TXN-17851,CUST-1120,4882.72,Debit Card,Temporary Bank/Network Error,15,1,1,111843.2,1
TXN-17852,CUST-2472,3367.18,Credit Card,Temporary Bank/Network Error,4,1,3,64555.1,1
TXN-17853,CUST-3129,3469.16,Credit Card,Temporary Bank/Network Error,8,1,2,107166.27,1
TXN-17854,CUST-2576,3327.12,UPI,Insufficient Funds,5,1,4,63905.14,0
TXN-17855,CUST-1075,6614.16,Net Banking,Insufficient Funds,6,0,2,101583.61,0
TXN-17856,CUST-3083,3128.86,Credit Card,Authentication Failed,10,0,1,65912.38,0
TXN-17857,CUST-1379,4658.84,UPI,Insufficient Funds,7,1,2,43627.5,0
TXN-17858,CUST-1833,8456.96,Net Banking,Payment Gateway Timeout,4,0,0,50217.21,0
TXN-17859,CUST-2190,4496.42,Net Banking,Payment Gateway Timeout,7,0,0,30048.6,0
TXN-17860,CUST-1466,8195.44,Credit Card,Payment Gateway Timeout,6,0,1,101402.71,0
TXN-17861,CUST-1804,15268.01,Net Banking,Temporary Bank/Network Error,10,1,1,136213.18,1
TXN-17862,CUST-1704,12424.65,UPI,Temporary Bank/Network Error,15,0,5,77277.28,1
TXN-17863,CUST-1162,9678.97,UPI,Payment Gateway Timeout,8,0,2,79256.13,0
TXN-17864,CUST-2724,5032.94,UPI,Insufficient Funds,14,1,1,59194.73,1
TXN-17865,CUST-1431,4272.05,Debit Card,Temporary Bank/Network Error,11,0,2,79964.96,1
TXN-17866,CUST-3174,7872.95,UPI,Insufficient Funds,9,1,3,51656.58,0
TXN-17867,CUST-1718,10836.36,UPI,Temporary Bank/Network Error,10,0,2,74291.2,1
TXN-17868,CUST-1969,2899.34,Wallet,Insufficient Funds,7,1,2,40327.67,0
TXN-17869,CUST-3035,5224.07,Credit Card,Card Expired,12,0,4,65542.97,0
TXN-17870,CUST-1718,2473.25,UPI,Temporary Bank/Network Error,11,1,0,38708.25,1
TXN-17871,CUST-2482,4747.91,Debit Card,Temporary Bank/Network Error,7,0,0,102402.86,1
TXN-17872,CUST-1936,10561.35,Net Banking,Insufficient Funds,10,1,4,27574.74,0
TXN-17873,CUST-3409,9786.21,Credit Card,Payment Gateway Timeout,8,1,1,38565.1,1
TXN-17874,CUST-1609,4883.22,Net Banking,Temporary Bank/Network Error,7,1,2,131196.95,1
TXN-17875,CUST-2780,9649.64,Credit Card,Payment Gateway Timeout,8,1,1,52384.87,1
TXN-17876,CUST-2478,11950.87,Net Banking,Authentication Failed,10,1,1,79954.64,1
TXN-17877,CUST-3167,19142.0,Credit Card,Insufficient Funds,6,0,1,159721.17,0
TXN-17878,CUST-1520,7000.03,Net Banking,Temporary Bank/Network Error,5,1,0,70472.89,1
TXN-17879,CUST-3062,7066.8,UPI,Temporary Bank/Network Error,10,1,1,80075.73,1
TXN-17880,CUST-2761,7118.35,UPI,Authentication Failed,7,1,1,127713.9,1
TXN-17881,CUST-3397,3307.51,UPI,Temporary Bank/Network Error,9,1,3,48602.43,1
TXN-17882,CUST-2514,5283.29,Credit Card,Insufficient Funds,7,1,0,108614.13,1
TXN-17883,CUST-1799,5806.62,Credit Card,Insufficient Funds,8,1,5,107842.63,0
TXN-17884,CUST-1646,8297.03,UPI,Payment Gateway Timeout,7,1,2,52700.98,1
TXN-17885,CUST-2946,6116.26,Debit Card,Card Expired,3,0,5,72213.32,0
TXN-17886,CUST-1437,10999.96,Debit Card,Temporary Bank/Network Error,7,0,4,53865.96,0
TXN-17887,CUST-2224,9236.55,Net Banking,Card Expired,6,0,2,57402.54,0
TXN-17888,CUST-1562,6458.86,Credit Card,Authentication Failed,11,1,1,159243.55,1
TXN-17889,CUST-3139,4343.88,Net Banking,Temporary Bank/Network Error,6,1,2,22187.55,1
TXN-17890,CUST-2412,5429.08,Debit Card,Insufficient Funds,8,0,1,92545.46,0
TXN-17891,CUST-2351,4951.5,Debit Card,Insufficient Funds,11,0,3,86086.68,0
TXN-17892,CUST-2897,7832.51,Net Banking,Insufficient Funds,8,1,2,72348.93,0
TXN-17893,CUST-3312,4957.33,UPI,Insufficient Funds,5,0,2,45619.93,0
TXN-17894,CUST-1889,7921.08,Credit Card,Card Expired,11,1,1,143608.35,1
TXN-17895,CUST-1621,6539.03,Debit Card,Payment Gateway Timeout,8,0,2,63063.51,0
TXN-17896,CUST-2550,3875.74,Credit Card,Temporary Bank/Network Error,10,0,4,44181.9,0
TXN-17897,CUST-2600,3249.24,Net Banking,Card Expired,11,0,3,80434.59,0
TXN-17898,CUST-1694,6768.06,Debit Card,Insufficient Funds,11,1,2,17416.35,1
TXN-17899,CUST-3360,6671.28,Credit Card,Card Expired,7,0,2,51470.74,0
TXN-17900,CUST-3418,12811.82,Wallet,Authentication Failed,7,0,2,50649.2,0
TXN-17901,CUST-2878,6941.5,UPI,Temporary Bank/Network Error,12,0,2,79237.34,1
TXN-17902,CUST-2807,4144.18,UPI,Card Expired,4,0,2,98308.5,0
TXN-17903,CUST-2218,6797.31,Debit Card,Temporary Bank/Network Error,9,1,0,79973.06,1
TXN-17904,CUST-1974,7182.08,UPI,Card Expired,9,1,1,46431.27,1
TXN-17905,CUST-2645,6707.51,Net Banking,Authentication Failed,7,1,1,109050.69,0
TXN-17906,CUST-2345,5062.02,Credit Card,Temporary Bank/Network Error,13,1,2,50157.5,1
TXN-17907,CUST-1792,6263.52,Net Banking,Insufficient Funds,5,0,2,127773.15,0
TXN-17908,CUST-1977,5595.49,Debit Card,Payment Gateway Timeout,11,0,0,125602.68,1
TXN-17909,CUST-2587,6608.57,Credit Card,Temporary Bank/Network Error,4,1,1,34648.69,1
TXN-17910,CUST-2378,12766.84,Net Banking,Payment Gateway Timeout,7,0,1,56343.61,0
TXN-17911,CUST-1907,9029.23,UPI,Temporary Bank/Network Error,8,0,1,72325.47,1
TXN-17912,CUST-2457,4401.58,UPI,Authentication Failed,9,1,4,107359.69,0
TXN-17913,CUST-2853,8320.66,UPI,Temporary Bank/Network Error,8,1,0,95303.86,1
TXN-17914,CUST-2291,8060.8,Credit Card,Insufficient Funds,4,0,3,71991.02,0
TXN-17915,CUST-2444,14540.13,Credit Card,Temporary Bank/Network Error,7,0,3,140001.06,0
TXN-17916,CUST-1062,8181.42,Credit Card,Temporary Bank/Network Error,5,0,0,61802.62,0
TXN-17917,CUST-1813,4231.25,Debit Card,Temporary Bank/Network Error,11,0,3,58765.49,1
TXN-17918,CUST-1477,10131.98,Credit Card,Temporary Bank/Network Error,6,0,2,108167.55,0
TXN-17919,CUST-2248,9119.02,Credit Card,Card Expired,9,0,0,63470.69,0
TXN-17920,CUST-3319,9691.65,Wallet,Card Expired,9,1,0,90611.86,1
TXN-17921,CUST-3341,13622.04,UPI,Temporary Bank/Network Error,7,1,1,70610.16,1
TXN-17922,CUST-1046,9083.97,Credit Card,Authentication Failed,9,1,1,45266.72,1
TXN-17923,CUST-1834,7282.97,Credit Card,Temporary Bank/Network Error,12,1,0,21788.73,1
TXN-17924,CUST-3059,7856.08,Debit Card,Insufficient Funds,7,1,2,95832.44,0
TXN-17925,CUST-2811,5796.27,Net Banking,Temporary Bank/Network Error,4,1,1,110481.29,1
TXN-17926,CUST-1623,8486.53,UPI,Payment Gateway Timeout,11,0,2,107959.33,1
TXN-17927,CUST-3130,3607.43,Credit Card,Temporary Bank/Network Error,5,1,1,61663.2,1
TXN-17928,CUST-2443,6193.71,Credit Card,Payment Gateway Timeout,12,1,0,148193.54,1
TXN-17929,CUST-3241,8568.91,Debit Card,Payment Gateway Timeout,9,1,2,98121.82,1
TXN-17930,CUST-1290,2605.08,Wallet,Temporary Bank/Network Error,8,0,2,123785.34,1
TXN-17931,CUST-2411,10207.76,Net Banking,Insufficient Funds,5,1,1,86529.63,0
TXN-17932,CUST-2105,6624.55,Credit Card,Temporary Bank/Network Error,8,1,2,76325.26,1
TXN-17933,CUST-3366,6528.43,UPI,Temporary Bank/Network Error,6,1,1,56367.86,1
TXN-17934,CUST-2726,9387.55,Wallet,Insufficient Funds,9,1,1,61281.21,1
TXN-17935,CUST-2397,2880.5,Debit Card,Payment Gateway Timeout,10,1,2,131247.49,1
TXN-17936,CUST-1013,22514.2,Credit Card,Insufficient Funds,8,1,2,33164.81,0
TXN-17937,CUST-1177,5515.28,Credit Card,Insufficient Funds,9,1,4,189314.43,0
TXN-17938,CUST-2732,4912.42,UPI,Insufficient Funds,5,0,0,78595.44,0
TXN-17939,CUST-2865,7954.85,UPI,Authentication Failed,5,0,2,105176.55,0
TXN-17940,CUST-3126,4747.68,Debit Card,Insufficient Funds,7,0,1,76605.77,0
TXN-17941,CUST-1132,7113.39,UPI,Card Expired,6,1,2,36883.32,0
TXN-17942,CUST-1720,9071.75,Credit Card,Authentication Failed,5,0,1,127742.3,0
TXN-17943,CUST-2172,4029.36,Net Banking,Insufficient Funds,3,1,0,111620.31,0
TXN-17944,CUST-3141,11865.51,Net Banking,Insufficient Funds,16,1,1,78490.14,1
TXN-17945,CUST-2234,7570.52,UPI,Card Expired,8,1,3,70458.46,0
TXN-17946,CUST-2997,8987.2,UPI,Insufficient Funds,5,0,1,194394.99,0
TXN-17947,CUST-1931,7319.92,Credit Card,Payment Gateway Timeout,10,1,1,58780.44,1
TXN-17948,CUST-2938,5862.29,Debit Card,Authentication Failed,9,1,1,57006.75,1
TXN-17949,CUST-3280,10918.34,UPI,Insufficient Funds,11,0,1,57001.67,0
TXN-17950,CUST-3439,11527.61,UPI,Temporary Bank/Network Error,12,1,1,97641.42,1
TXN-17951,CUST-3212,4436.78,UPI,Payment Gateway Timeout,9,1,3,60413.68,1
TXN-17952,CUST-1709,3929.64,Credit Card,Payment Gateway Timeout,6,1,0,49097.0,1
TXN-17953,CUST-1493,4293.32,Net Banking,Authentication Failed,11,0,1,91707.55,0
TXN-17954,CUST-2800,10704.02,UPI,Insufficient Funds,9,1,3,67741.17,0
TXN-17955,CUST-2915,12910.04,UPI,Authentication Failed,9,1,0,42297.3,1
TXN-17956,CUST-1408,6592.39,Net Banking,Card Expired,4,1,1,55254.15,0
TXN-17957,CUST-1329,6078.55,Credit Card,Temporary Bank/Network Error,7,0,0,112257.08,1
TXN-17958,CUST-2356,9182.09,UPI,Insufficient Funds,6,1,2,64473.42,0
TXN-17959,CUST-2056,9339.49,UPI,Payment Gateway Timeout,10,0,3,42500.32,0
TXN-17960,CUST-3433,2955.19,Debit Card,Authentication Failed,4,1,3,62274.88,0
TXN-17961,CUST-2678,8872.73,UPI,Temporary Bank/Network Error,8,1,1,117511.55,1
TXN-17962,CUST-1446,5199.49,Wallet,Authentication Failed,8,1,0,24872.08,1
TXN-17963,CUST-2307,3205.37,Credit Card,Authentication Failed,8,1,1,54870.32,1
TXN-17964,CUST-1357,7644.45,Net Banking,Temporary Bank/Network Error,6,1,1,113265.63,1
TXN-17965,CUST-2609,6250.15,Debit Card,Insufficient Funds,6,1,1,58862.83,0
TXN-17966,CUST-1323,3908.72,Credit Card,Authentication Failed,8,1,1,42077.32,1
TXN-17967,CUST-1515,6189.63,Wallet,Temporary Bank/Network Error,10,0,0,81083.19,1
TXN-17968,CUST-3479,4315.86,Debit Card,Authentication Failed,9,0,0,14056.23,0
TXN-17969,CUST-1021,6328.13,Debit Card,Authentication Failed,10,0,2,99559.68,0
TXN-17970,CUST-1099,8035.16,Debit Card,Payment Gateway Timeout,11,0,1,92969.62,1
TXN-17971,CUST-1105,9572.44,Debit Card,Temporary Bank/Network Error,11,1,1,115614.36,1
TXN-17972,CUST-2817,12156.04,Debit Card,Temporary Bank/Network Error,5,0,1,66422.03,0
TXN-17973,CUST-2132,6075.12,UPI,Temporary Bank/Network Error,0,0,2,69193.37,0
TXN-17974,CUST-3207,6376.12,Credit Card,Temporary Bank/Network Error,9,1,2,217006.53,1
TXN-17975,CUST-1228,7673.4,Credit Card,Payment Gateway Timeout,11,1,1,136857.15,1
TXN-17976,CUST-1512,6059.15,Credit Card,Temporary Bank/Network Error,12,0,1,65704.57,1
TXN-17977,CUST-2920,5459.82,Credit Card,Card Expired,7,0,1,57283.58,0
TXN-17978,CUST-1975,8731.66,UPI,Payment Gateway Timeout,6,1,3,72431.31,1
TXN-17979,CUST-1493,3595.04,UPI,Insufficient Funds,7,1,1,72175.87,0
TXN-17980,CUST-2812,10381.94,Debit Card,Temporary Bank/Network Error,11,1,0,64629.78,1
TXN-17981,CUST-3319,3634.48,UPI,Authentication Failed,7,1,0,66392.13,1
TXN-17982,CUST-1399,10007.75,Credit Card,Insufficient Funds,14,0,2,98394.53,0
TXN-17983,CUST-1137,4342.35,Credit Card,Insufficient Funds,9,0,0,131702.32,0
TXN-17984,CUST-2079,6239.7,Credit Card,Card Expired,11,0,4,52897.8,0
TXN-17985,CUST-1679,4452.98,Debit Card,Authentication Failed,11,0,2,63846.55,0
TXN-17986,CUST-2911,6425.88,Net Banking,Temporary Bank/Network Error,14,0,1,67456.29,1
TXN-17987,CUST-2834,5693.05,Net Banking,Payment Gateway Timeout,6,0,0,81627.67,0
TXN-17988,CUST-2740,5461.44,Net Banking,Card Expired,8,0,0,100819.32,0
TXN-17989,CUST-2764,5698.02,Credit Card,Payment Gateway Timeout,7,0,0,37338.27,1
TXN-17990,CUST-2020,10913.78,Debit Card,Insufficient Funds,8,1,1,39264.56,0
TXN-17991,CUST-1594,11212.12,UPI,Payment Gateway Timeout,5,0,3,39746.02,0
TXN-17992,CUST-3041,6537.65,Debit Card,Authentication Failed,4,0,4,60101.28,0
TXN-17993,CUST-2219,7126.9,UPI,Payment Gateway Timeout,5,1,2,68862.08,1
TXN-17994,CUST-2676,4550.42,Credit Card,Temporary Bank/Network Error,11,0,3,105375.96,1
TXN-17995,CUST-1692,12833.85,UPI,Card Expired,6,0,2,70781.13,0
TXN-17996,CUST-1035,11310.76,UPI,Temporary Bank/Network Error,4,1,2,76595.56,1
TXN-17997,CUST-1262,2378.04,UPI,Temporary Bank/Network Error,6,1,2,72061.72,1
TXN-17998,CUST-2160,4633.27,Credit Card,Insufficient Funds,12,0,1,90824.46,0
TXN-17999,CUST-2333,4818.7,UPI,Insufficient Funds,9,1,1,131689.39,1
TXN-18000,CUST-2106,2311.42,Credit Card,Card Expired,14,0,0,160825.13,1
TXN-18001,CUST-1683,7815.46,Debit Card,Insufficient Funds,8,0,0,81909.54,0
TXN-18002,CUST-3266,7572.83,Debit Card,Temporary Bank/Network Error,8,1,2,34175.78,1
TXN-18003,CUST-2197,17166.94,UPI,Authentication Failed,5,1,3,49360.99,0
TXN-18004,CUST-2818,3493.92,Credit Card,Authentication Failed,8,0,1,50234.08,0
TXN-18005,CUST-2867,4337.15,Debit Card,Payment Gateway Timeout,9,1,1,143424.83,1
TXN-18006,CUST-2220,6577.84,Credit Card,Temporary Bank/Network Error,5,0,3,55429.1,0
TXN-18007,CUST-1289,5352.25,Wallet,Temporary Bank/Network Error,8,0,3,98334.59,0
TXN-18008,CUST-2738,7876.45,Debit Card,Authentication Failed,4,0,0,45560.57,0
TXN-18009,CUST-3258,4624.68,Net Banking,Temporary Bank/Network Error,6,0,0,87840.61,1
TXN-18010,CUST-2760,4261.26,Net Banking,Authentication Failed,13,0,0,36406.93,1
TXN-18011,CUST-3146,6794.12,Credit Card,Payment Gateway Timeout,8,0,2,102095.66,0
TXN-18012,CUST-1384,17112.93,UPI,Authentication Failed,9,1,2,146474.52,1
TXN-18013,CUST-1906,5206.79,UPI,Payment Gateway Timeout,10,0,1,50347.48,1
TXN-18014,CUST-1498,5385.16,UPI,Payment Gateway Timeout,10,0,1,21507.88,1
TXN-18015,CUST-2274,10295.88,Wallet,Temporary Bank/Network Error,6,1,2,123855.22,1
TXN-18016,CUST-1688,15690.91,Credit Card,Authentication Failed,2,1,3,54899.72,0
TXN-18017,CUST-2744,3857.24,UPI,Authentication Failed,10,1,0,74446.98,1
TXN-18018,CUST-1702,16488.55,UPI,Card Expired,7,0,0,127175.03,0
TXN-18019,CUST-2077,14947.72,Debit Card,Payment Gateway Timeout,6,1,0,68858.04,1
TXN-18020,CUST-1242,3975.11,Net Banking,Insufficient Funds,10,1,1,95754.52,1
TXN-18021,CUST-3402,4987.04,Credit Card,Authentication Failed,6,1,1,124637.26,0
TXN-18022,CUST-2113,6483.09,UPI,Payment Gateway Timeout,7,1,0,39037.31,1
TXN-18023,CUST-1375,3681.46,Net Banking,Card Expired,4,1,0,55240.7,0
TXN-18024,CUST-1374,2748.99,Debit Card,Insufficient Funds,8,0,3,49816.09,0
TXN-18025,CUST-2390,7739.01,Wallet,Payment Gateway Timeout,7,0,3,209465.44,0
TXN-18026,CUST-1246,7203.12,Wallet,Insufficient Funds,5,0,1,80777.94,0
TXN-18027,CUST-3304,8426.42,UPI,Insufficient Funds,9,1,3,45984.46,0
TXN-18028,CUST-1014,6357.3,Net Banking,Card Expired,7,1,0,117336.99,0
TXN-18029,CUST-3352,3418.33,Net Banking,Card Expired,10,1,2,52530.11,0
TXN-18030,CUST-3322,6160.61,UPI,Authentication Failed,6,0,4,134854.59,0
TXN-18031,CUST-2750,6202.1,UPI,Payment Gateway Timeout,10,1,2,109132.56,1
TXN-18032,CUST-2283,6559.57,Credit Card,Card Expired,10,1,2,73154.35,1
TXN-18033,CUST-2074,6528.46,UPI,Temporary Bank/Network Error,9,0,0,79213.41,1
TXN-18034,CUST-1448,3537.1,UPI,Temporary Bank/Network Error,9,0,2,43333.27,1
TXN-18035,CUST-2802,9119.46,Wallet,Temporary Bank/Network Error,8,0,2,54888.0,0
TXN-18036,CUST-2872,9670.02,UPI,Insufficient Funds,9,1,1,107733.93,1
TXN-18037,CUST-3492,6237.49,Net Banking,Authentication Failed,6,0,3,56881.44,0
TXN-18038,CUST-2923,4736.5,UPI,Payment Gateway Timeout,12,0,1,112178.02,1
TXN-18039,CUST-2724,4635.14,Debit Card,Payment Gateway Timeout,6,1,0,111797.07,1
TXN-18040,CUST-2567,13226.65,Debit Card,Insufficient Funds,5,0,3,149571.21,0
TXN-18041,CUST-2049,12590.12,UPI,Card Expired,7,1,1,58944.22,0
TXN-18042,CUST-3136,9158.32,Net Banking,Temporary Bank/Network Error,10,1,1,39964.37,1
TXN-18043,CUST-1495,4939.86,Debit Card,Payment Gateway Timeout,6,0,3,29555.99,0
TXN-18044,CUST-2186,1911.49,Debit Card,Payment Gateway Timeout,8,0,1,116073.02,1
TXN-18045,CUST-1659,9335.44,UPI,Temporary Bank/Network Error,7,1,4,131352.56,1
TXN-18046,CUST-1926,3437.98,Credit Card,Temporary Bank/Network Error,8,0,1,156893.43,1
TXN-18047,CUST-3293,2856.51,Net Banking,Payment Gateway Timeout,6,1,1,129765.05,1
TXN-18048,CUST-3326,4470.23,UPI,Payment Gateway Timeout,7,0,0,102737.21,1
TXN-18049,CUST-1176,11129.81,Net Banking,Payment Gateway Timeout,8,1,4,176271.0,1
TXN-18050,CUST-2919,12224.31,Credit Card,Temporary Bank/Network Error,6,0,0,118994.9,1
TXN-18051,CUST-1884,11275.94,Wallet,Insufficient Funds,8,1,3,151994.27,0
TXN-18052,CUST-3187,10971.38,Credit Card,Authentication Failed,13,1,2,300000.0,1
TXN-18053,CUST-1943,3314.85,Debit Card,Insufficient Funds,8,0,3,51601.53,0
TXN-18054,CUST-2555,3649.58,Credit Card,Payment Gateway Timeout,3,1,0,36756.65,1
TXN-18055,CUST-2530,5809.73,Debit Card,Temporary Bank/Network Error,4,0,0,68791.57,0
TXN-18056,CUST-2936,7190.71,UPI,Payment Gateway Timeout,5,1,1,78325.84,1
TXN-18057,CUST-1935,7579.27,UPI,Payment Gateway Timeout,10,1,0,88805.28,1
TXN-18058,CUST-2299,4894.91,UPI,Authentication Failed,11,0,0,67024.89,0
TXN-18059,CUST-3184,4309.63,Debit Card,Insufficient Funds,12,1,2,57621.81,1
TXN-18060,CUST-1478,7187.8,Net Banking,Temporary Bank/Network Error,6,0,1,42424.49,0
TXN-18061,CUST-2584,6531.34,UPI,Card Expired,4,1,1,78992.63,0
TXN-18062,CUST-2396,3868.12,UPI,Insufficient Funds,7,0,3,71314.78,0
TXN-18063,CUST-1573,4035.99,Debit Card,Insufficient Funds,6,1,0,34817.36,0
TXN-18064,CUST-2402,7053.75,UPI,Payment Gateway Timeout,5,0,1,107140.73,0
TXN-18065,CUST-1614,11620.42,Wallet,Authentication Failed,9,0,3,75485.81,0
TXN-18066,CUST-2438,15270.31,UPI,Temporary Bank/Network Error,3,0,1,73744.16,0
TXN-18067,CUST-3005,7993.63,Debit Card,Temporary Bank/Network Error,12,0,4,37676.57,1
TXN-18068,CUST-1060,4196.16,UPI,Payment Gateway Timeout,8,0,2,163377.95,1
TXN-18069,CUST-3237,19875.39,Credit Card,Card Expired,4,0,3,43141.72,0
TXN-18070,CUST-1531,13552.56,UPI,Temporary Bank/Network Error,10,1,0,91980.33,1
TXN-18071,CUST-3111,7216.52,Credit Card,Temporary Bank/Network Error,6,1,5,70781.1,0
TXN-18072,CUST-2264,9706.79,Net Banking,Card Expired,11,0,2,56278.37,0
TXN-18073,CUST-3016,3291.36,Debit Card,Temporary Bank/Network Error,12,1,0,72071.56,1
TXN-18074,CUST-1451,16684.65,Debit Card,Temporary Bank/Network Error,12,0,5,43177.96,0
TXN-18075,CUST-2774,4488.51,Net Banking,Payment Gateway Timeout,4,1,3,114883.23,0
TXN-18076,CUST-2038,5364.29,Debit Card,Card Expired,4,0,0,39526.64,0
TXN-18077,CUST-2747,7358.83,Debit Card,Insufficient Funds,12,0,2,56617.49,0
TXN-18078,CUST-1644,12387.09,Debit Card,Temporary Bank/Network Error,11,0,2,91227.25,1
TXN-18079,CUST-3088,8837.7,UPI,Payment Gateway Timeout,6,1,2,62418.75,1
TXN-18080,CUST-1226,14589.3,UPI,Card Expired,8,0,5,114939.33,0
TXN-18081,CUST-3066,8407.17,Wallet,Temporary Bank/Network Error,8,1,1,126573.94,1
TXN-18082,CUST-3415,7167.38,Wallet,Insufficient Funds,3,1,0,118491.39,0
TXN-18083,CUST-2513,8925.58,UPI,Insufficient Funds,6,0,2,30835.88,0
TXN-18084,CUST-3092,8605.88,Debit Card,Insufficient Funds,9,0,2,62162.03,0
TXN-18085,CUST-2367,6615.88,UPI,Payment Gateway Timeout,11,1,2,93889.48,1
TXN-18086,CUST-2284,11947.82,Net Banking,Insufficient Funds,2,1,3,50428.51,0
TXN-18087,CUST-3351,3967.44,Wallet,Authentication Failed,11,0,3,127398.0,0
TXN-18088,CUST-2069,6829.47,Debit Card,Authentication Failed,10,0,1,51412.56,0
TXN-18089,CUST-2364,14887.03,Wallet,Insufficient Funds,11,1,0,106137.28,1
TXN-18090,CUST-1455,12265.2,UPI,Authentication Failed,9,1,3,57960.86,0
TXN-18091,CUST-1577,4994.97,Credit Card,Temporary Bank/Network Error,13,1,3,118356.25,1
TXN-18092,CUST-2874,3589.6,UPI,Card Expired,12,1,2,123663.24,1
TXN-18093,CUST-3366,11336.73,UPI,Insufficient Funds,10,0,0,66692.74,0
TXN-18094,CUST-2708,9172.79,Debit Card,Temporary Bank/Network Error,6,1,2,69946.64,1
TXN-18095,CUST-2348,15849.45,UPI,Authentication Failed,11,0,1,124702.22,0
TXN-18096,CUST-1522,13977.14,UPI,Payment Gateway Timeout,6,0,1,113185.35,0
TXN-18097,CUST-1594,7474.63,Debit Card,Temporary Bank/Network Error,4,0,1,110845.54,0
TXN-18098,CUST-2202,4329.48,UPI,Authentication Failed,15,1,0,41403.86,1
TXN-18099,CUST-2255,11385.94,Wallet,Card Expired,5,0,2,95641.78,0
TXN-18100,CUST-2790,5750.48,UPI,Temporary Bank/Network Error,3,1,2,138843.78,1
TXN-18101,CUST-2181,3924.7,UPI,Insufficient Funds,8,1,0,89844.84,1
TXN-18102,CUST-2969,4883.18,UPI,Authentication Failed,1,1,2,32229.59,0
TXN-18103,CUST-1974,7276.93,UPI,Temporary Bank/Network Error,10,1,2,73367.56,1
TXN-18104,CUST-3442,4212.64,UPI,Card Expired,9,0,1,61178.31,0
TXN-18105,CUST-1463,6596.41,Net Banking,Authentication Failed,12,0,0,59641.27,0
TXN-18106,CUST-3260,17805.84,UPI,Insufficient Funds,10,0,2,101506.3,0
TXN-18107,CUST-3310,7348.77,Wallet,Authentication Failed,2,1,3,70118.58,0
TXN-18108,CUST-2699,5512.52,Wallet,Authentication Failed,4,0,2,44126.36,0
TXN-18109,CUST-3054,5923.28,Credit Card,Temporary Bank/Network Error,8,1,2,49473.83,1
TXN-18110,CUST-2338,4443.46,UPI,Card Expired,3,0,1,100262.76,0
TXN-18111,CUST-1302,6979.49,UPI,Insufficient Funds,10,0,2,48728.77,0
TXN-18112,CUST-2455,8530.06,Credit Card,Insufficient Funds,9,1,0,42750.26,1
TXN-18113,CUST-2871,6559.47,Net Banking,Authentication Failed,9,0,2,43616.09,0
TXN-18114,CUST-2052,3214.69,UPI,Temporary Bank/Network Error,5,1,0,65112.46,1
TXN-18115,CUST-3136,8992.92,Net Banking,Temporary Bank/Network Error,7,1,0,44744.09,1
TXN-18116,CUST-1515,4880.07,UPI,Payment Gateway Timeout,11,1,1,41988.37,1
TXN-18117,CUST-1938,5129.55,Net Banking,Temporary Bank/Network Error,10,1,1,146801.77,1
TXN-18118,CUST-2998,11832.56,Credit Card,Authentication Failed,5,0,2,62550.22,0
TXN-18119,CUST-2994,5645.18,Credit Card,Authentication Failed,15,0,1,36125.31,1
TXN-18120,CUST-2258,3500.69,Credit Card,Authentication Failed,10,0,0,153533.14,0
TXN-18121,CUST-2595,5637.28,Debit Card,Card Expired,9,1,1,62354.79,0
TXN-18122,CUST-1387,4370.2,UPI,Authentication Failed,8,0,2,136030.1,0
TXN-18123,CUST-1261,8090.74,Credit Card,Payment Gateway Timeout,4,1,1,77132.18,1
TXN-18124,CUST-1768,6574.99,UPI,Temporary Bank/Network Error,15,0,1,75236.69,1
TXN-18125,CUST-2320,9334.78,UPI,Card Expired,8,1,1,126892.71,1
TXN-18126,CUST-2115,8148.54,UPI,Temporary Bank/Network Error,7,0,4,55774.38,0
TXN-18127,CUST-3176,4512.69,Credit Card,Card Expired,5,1,1,63136.33,0
TXN-18128,CUST-2191,11539.64,UPI,Insufficient Funds,6,0,2,81359.0,0
TXN-18129,CUST-1625,7557.63,UPI,Insufficient Funds,8,1,5,96343.5,0
TXN-18130,CUST-2422,12268.42,UPI,Temporary Bank/Network Error,7,1,2,88837.52,1
TXN-18131,CUST-3393,5114.82,UPI,Insufficient Funds,7,1,0,109143.98,1
TXN-18132,CUST-3389,5623.59,Wallet,Card Expired,6,1,4,142830.57,0
TXN-18133,CUST-1747,6477.06,UPI,Card Expired,6,1,0,115113.04,0
TXN-18134,CUST-1392,9631.15,Debit Card,Authentication Failed,7,0,4,102518.72,0
TXN-18135,CUST-2248,7230.72,Wallet,Authentication Failed,14,0,0,79863.16,1
TXN-18136,CUST-1287,10690.39,Debit Card,Payment Gateway Timeout,9,0,3,56351.74,1
TXN-18137,CUST-2203,4101.64,Debit Card,Temporary Bank/Network Error,9,1,1,87567.0,1
TXN-18138,CUST-1277,12720.49,Net Banking,Insufficient Funds,4,0,1,149912.48,0
TXN-18139,CUST-1463,7276.93,UPI,Insufficient Funds,8,1,0,51973.88,1
TXN-18140,CUST-2781,7526.01,UPI,Payment Gateway Timeout,5,0,1,64893.45,0
TXN-18141,CUST-2688,4415.87,UPI,Temporary Bank/Network Error,5,1,3,66020.94,1
TXN-18142,CUST-1286,15112.56,Debit Card,Authentication Failed,4,0,1,100252.45,0
TXN-18143,CUST-2437,5704.14,UPI,Insufficient Funds,7,1,1,103496.34,1
TXN-18144,CUST-1008,2505.43,UPI,Card Expired,4,0,2,109199.43,0
TXN-18145,CUST-2845,18920.38,UPI,Card Expired,7,1,0,38480.97,0
TXN-18146,CUST-2091,5823.1,Credit Card,Card Expired,11,1,1,186965.78,1
TXN-18147,CUST-3181,9994.25,UPI,Payment Gateway Timeout,8,1,0,78858.35,1
TXN-18148,CUST-2020,6200.25,Credit Card,Insufficient Funds,11,1,2,68206.7,1
TXN-18149,CUST-2251,23304.91,Credit Card,Insufficient Funds,6,1,4,67783.7,0
TXN-18150,CUST-1890,1760.87,Credit Card,Authentication Failed,5,0,1,33730.37,0
TXN-18151,CUST-1917,3738.23,Credit Card,Authentication Failed,6,1,2,40929.94,0
TXN-18152,CUST-1492,3291.95,Credit Card,Temporary Bank/Network Error,5,1,3,52804.08,1
TXN-18153,CUST-1913,7360.43,Debit Card,Insufficient Funds,6,1,0,81539.24,0
TXN-18154,CUST-2923,7249.41,Net Banking,Temporary Bank/Network Error,4,1,0,60327.75,1
TXN-18155,CUST-2181,7188.37,UPI,Temporary Bank/Network Error,7,1,2,77813.81,1
TXN-18156,CUST-3033,14612.14,Net Banking,Card Expired,13,1,1,106874.92,1
TXN-18157,CUST-1922,3730.36,Net Banking,Payment Gateway Timeout,4,1,1,55455.4,1
TXN-18158,CUST-2371,11575.78,Net Banking,Temporary Bank/Network Error,5,0,2,88382.53,0
TXN-18159,CUST-1474,13437.44,UPI,Temporary Bank/Network Error,10,0,1,42849.94,1
TXN-18160,CUST-1834,6468.45,UPI,Authentication Failed,15,1,2,62551.32,1
TXN-18161,CUST-1321,11076.19,Debit Card,Temporary Bank/Network Error,8,1,1,89546.87,1
TXN-18162,CUST-1903,12828.63,UPI,Insufficient Funds,8,1,1,56588.73,0
TXN-18163,CUST-2112,8114.34,Debit Card,Temporary Bank/Network Error,7,1,2,70054.43,1
TXN-18164,CUST-3431,3524.61,Debit Card,Authentication Failed,5,1,1,79673.9,0
TXN-18165,CUST-3068,7110.51,Net Banking,Insufficient Funds,6,1,3,45496.63,0
TXN-18166,CUST-1974,8284.74,Net Banking,Payment Gateway Timeout,6,1,0,145387.75,1
TXN-18167,CUST-3408,6743.4,Net Banking,Temporary Bank/Network Error,5,1,2,85225.94,1
TXN-18168,CUST-1366,13149.22,Debit Card,Temporary Bank/Network Error,15,1,1,46609.13,1
TXN-18169,CUST-3246,11955.42,Net Banking,Payment Gateway Timeout,9,1,3,82004.08,1
TXN-18170,CUST-1091,5522.67,Debit Card,Authentication Failed,11,1,1,118272.49,1
TXN-18171,CUST-3447,5046.14,UPI,Insufficient Funds,9,1,3,125343.89,0
TXN-18172,CUST-2933,18012.93,Credit Card,Payment Gateway Timeout,3,1,0,47089.91,1
TXN-18173,CUST-2091,8426.8,Wallet,Temporary Bank/Network Error,8,0,0,43332.29,1
TXN-18174,CUST-2927,4587.97,UPI,Payment Gateway Timeout,11,1,3,71861.3,1
TXN-18175,CUST-1506,13764.0,Credit Card,Insufficient Funds,4,0,3,71690.29,0
TXN-18176,CUST-2433,8953.74,UPI,Authentication Failed,7,1,4,57216.19,0
TXN-18177,CUST-1033,12926.85,Credit Card,Insufficient Funds,5,1,1,55631.74,0
TXN-18178,CUST-2038,8507.77,UPI,Insufficient Funds,9,0,1,90220.53,0
TXN-18179,CUST-1124,10859.85,Credit Card,Temporary Bank/Network Error,5,1,0,97639.74,1
TXN-18180,CUST-1740,3908.45,Debit Card,Payment Gateway Timeout,10,1,0,100335.1,1
TXN-18181,CUST-2177,5300.24,Debit Card,Payment Gateway Timeout,11,1,3,38298.85,1
TXN-18182,CUST-2530,3457.17,Debit Card,Temporary Bank/Network Error,10,1,0,36154.69,1
TXN-18183,CUST-1224,4640.82,UPI,Insufficient Funds,11,0,1,107082.07,0
TXN-18184,CUST-2480,2438.02,Debit Card,Temporary Bank/Network Error,10,0,5,77095.84,0
TXN-18185,CUST-3271,3748.0,Debit Card,Authentication Failed,11,1,1,119630.93,1
TXN-18186,CUST-3311,5346.44,UPI,Insufficient Funds,11,0,2,119868.1,0
TXN-18187,CUST-2579,8282.16,Wallet,Authentication Failed,8,0,2,70787.81,0
TXN-18188,CUST-3367,4631.27,Debit Card,Temporary Bank/Network Error,9,0,3,33087.15,0
TXN-18189,CUST-3102,7333.53,UPI,Authentication Failed,8,0,1,114404.21,0
TXN-18190,CUST-1941,13681.92,UPI,Authentication Failed,8,1,0,101600.22,1
TXN-18191,CUST-2942,8260.26,Credit Card,Payment Gateway Timeout,7,1,1,54373.8,1
TXN-18192,CUST-2180,4982.63,UPI,Authentication Failed,11,0,2,64828.96,0
TXN-18193,CUST-3378,8522.72,UPI,Authentication Failed,9,0,0,67129.86,0
TXN-18194,CUST-1516,6000.05,Credit Card,Insufficient Funds,4,1,2,52578.6,0
TXN-18195,CUST-1837,21335.83,Net Banking,Payment Gateway Timeout,6,0,3,91344.5,0
TXN-18196,CUST-1295,10339.48,Credit Card,Insufficient Funds,8,0,3,88803.38,0
TXN-18197,CUST-1554,2892.79,Credit Card,Payment Gateway Timeout,7,1,1,68198.21,1
TXN-18198,CUST-1146,5345.24,UPI,Insufficient Funds,7,1,5,174445.86,0
TXN-18199,CUST-1621,3759.49,Credit Card,Authentication Failed,7,0,2,99854.14,0
TXN-18200,CUST-1509,6795.44,Net Banking,Insufficient Funds,15,1,0,60493.31,1
TXN-18201,CUST-2389,2375.46,UPI,Temporary Bank/Network Error,10,1,1,90897.37,1
TXN-18202,CUST-3189,5974.64,Debit Card,Authentication Failed,5,0,2,183135.02,0
TXN-18203,CUST-1869,5856.85,Debit Card,Card Expired,6,0,4,98785.78,0
TXN-18204,CUST-2327,5046.3,Debit Card,Insufficient Funds,6,0,1,118490.64,0
TXN-18205,CUST-1512,13039.43,UPI,Card Expired,8,0,0,57516.47,0
TXN-18206,CUST-3465,6400.23,UPI,Card Expired,5,0,1,84051.45,0
TXN-18207,CUST-2946,6630.92,Wallet,Temporary Bank/Network Error,11,1,3,30751.61,1
TXN-18208,CUST-2747,5403.78,Credit Card,Insufficient Funds,3,1,3,46817.58,0
TXN-18209,CUST-3208,6794.53,Credit Card,Insufficient Funds,6,0,1,58490.4,0
TXN-18210,CUST-1515,9646.67,UPI,Payment Gateway Timeout,7,1,2,74347.29,1
TXN-18211,CUST-1301,6511.22,UPI,Authentication Failed,12,1,3,60841.69,1
TXN-18212,CUST-2536,3421.96,Debit Card,Insufficient Funds,7,0,1,79669.54,0
TXN-18213,CUST-2877,14666.29,UPI,Temporary Bank/Network Error,9,1,2,104769.15,1
TXN-18214,CUST-3497,11863.36,UPI,Payment Gateway Timeout,5,0,1,101016.87,0
TXN-18215,CUST-2359,12451.28,Net Banking,Temporary Bank/Network Error,8,1,2,62190.22,1
TXN-18216,CUST-1496,11695.57,Credit Card,Temporary Bank/Network Error,16,1,2,43549.32,1
TXN-18217,CUST-3265,12677.87,Credit Card,Temporary Bank/Network Error,8,0,5,49441.0,0
TXN-18218,CUST-2806,7653.5,Credit Card,Card Expired,9,1,1,87380.6,1
TXN-18219,CUST-3318,5462.56,Debit Card,Temporary Bank/Network Error,8,0,2,116295.98,1
TXN-18220,CUST-1605,2720.11,Credit Card,Temporary Bank/Network Error,6,1,5,87095.44,0
TXN-18221,CUST-2705,6592.39,Net Banking,Insufficient Funds,6,0,1,122568.52,0
TXN-18222,CUST-1567,7032.84,Credit Card,Temporary Bank/Network Error,4,0,0,58682.02,0
TXN-18223,CUST-2974,7026.74,Debit Card,Insufficient Funds,4,1,0,107038.37,0
TXN-18224,CUST-1915,5266.82,Wallet,Payment Gateway Timeout,8,0,1,59223.64,0
TXN-18225,CUST-1176,2309.8,Debit Card,Temporary Bank/Network Error,12,0,2,152113.02,1
TXN-18226,CUST-1679,7294.1,Wallet,Temporary Bank/Network Error,6,1,0,61724.72,1
TXN-18227,CUST-1202,12711.22,UPI,Card Expired,11,0,4,92225.63,0
TXN-18228,CUST-3304,7539.78,Credit Card,Insufficient Funds,9,0,1,120782.58,0
TXN-18229,CUST-2184,6511.25,Net Banking,Temporary Bank/Network Error,14,1,1,108863.16,1
TXN-18230,CUST-1385,14119.26,UPI,Insufficient Funds,15,1,1,59163.31,1
TXN-18231,CUST-2365,8347.16,Credit Card,Temporary Bank/Network Error,8,1,2,52420.89,1
TXN-18232,CUST-1699,16114.87,Net Banking,Payment Gateway Timeout,3,0,1,134554.09,0
TXN-18233,CUST-1306,15741.69,UPI,Temporary Bank/Network Error,5,0,3,53747.28,0
TXN-18234,CUST-3109,4646.49,Debit Card,Temporary Bank/Network Error,9,1,0,132638.41,1
TXN-18235,CUST-3310,3568.06,UPI,Insufficient Funds,7,0,2,97347.44,0
TXN-18236,CUST-2648,4959.4,Credit Card,Insufficient Funds,9,1,1,46517.64,1
TXN-18237,CUST-2590,5604.98,UPI,Temporary Bank/Network Error,3,1,2,31606.69,1
TXN-18238,CUST-1230,16323.71,UPI,Insufficient Funds,11,1,0,168670.39,1
TXN-18239,CUST-2230,13331.07,Credit Card,Authentication Failed,12,1,2,64729.9,1
TXN-18240,CUST-1427,6539.98,Credit Card,Payment Gateway Timeout,8,1,2,76089.15,1
TXN-18241,CUST-3268,5802.69,Net Banking,Temporary Bank/Network Error,5,1,4,48697.07,0
TXN-18242,CUST-2901,4791.71,UPI,Authentication Failed,14,0,0,47117.06,1
TXN-18243,CUST-2669,8391.93,Credit Card,Payment Gateway Timeout,6,1,0,66171.82,1
TXN-18244,CUST-1770,5227.03,UPI,Payment Gateway Timeout,12,0,1,114153.93,1
TXN-18245,CUST-3148,11247.31,UPI,Payment Gateway Timeout,4,1,0,71416.15,1
TXN-18246,CUST-1045,3231.78,Debit Card,Payment Gateway Timeout,8,0,1,87710.46,1
TXN-18247,CUST-2887,4661.87,Credit Card,Payment Gateway Timeout,8,0,3,86932.71,0
TXN-18248,CUST-2086,7203.94,Credit Card,Card Expired,8,0,1,66414.82,0
TXN-18249,CUST-3299,9024.7,Debit Card,Temporary Bank/Network Error,8,1,2,38533.33,1
TXN-18250,CUST-1887,3610.03,Debit Card,Temporary Bank/Network Error,7,0,2,52864.89,0
TXN-18251,CUST-1278,9625.8,UPI,Temporary Bank/Network Error,9,0,2,113401.79,1
TXN-18252,CUST-1432,5970.16,UPI,Authentication Failed,6,0,0,51538.56,0
TXN-18253,CUST-2307,6220.58,Credit Card,Payment Gateway Timeout,6,0,1,90948.25,0
TXN-18254,CUST-1083,11575.09,Credit Card,Authentication Failed,10,1,0,40920.54,1
TXN-18255,CUST-2850,7287.25,UPI,Temporary Bank/Network Error,7,0,0,59396.88,1
TXN-18256,CUST-2864,5510.25,UPI,Insufficient Funds,9,1,4,73354.2,0
TXN-18257,CUST-2420,3859.36,Credit Card,Authentication Failed,8,0,3,111199.64,0
TXN-18258,CUST-2129,11464.9,Credit Card,Payment Gateway Timeout,8,0,3,31724.12,0
TXN-18259,CUST-1813,3737.6,UPI,Temporary Bank/Network Error,6,1,3,28872.3,1
TXN-18260,CUST-1735,16932.99,UPI,Temporary Bank/Network Error,8,1,1,62599.75,1
TXN-18261,CUST-2785,2742.52,UPI,Authentication Failed,6,1,2,136095.2,0
TXN-18262,CUST-2828,7770.72,UPI,Authentication Failed,10,0,1,37829.07,0
TXN-18263,CUST-1604,11453.74,Net Banking,Temporary Bank/Network Error,6,1,1,99077.61,1
TXN-18264,CUST-1375,3466.81,UPI,Authentication Failed,10,1,0,67128.68,1
TXN-18265,CUST-2859,4275.56,Debit Card,Card Expired,8,0,0,72352.93,0
TXN-18266,CUST-2126,6057.39,UPI,Insufficient Funds,8,0,1,132103.83,0
TXN-18267,CUST-2732,8170.2,Net Banking,Insufficient Funds,10,1,1,57461.03,1
TXN-18268,CUST-2287,11219.65,Debit Card,Temporary Bank/Network Error,6,1,3,44407.36,1
TXN-18269,CUST-2477,17703.98,Wallet,Insufficient Funds,10,1,3,156845.37,0
TXN-18270,CUST-3418,4776.74,Credit Card,Authentication Failed,9,0,3,126222.27,0
TXN-18271,CUST-1858,7404.4,Credit Card,Insufficient Funds,6,0,0,57488.17,0
TXN-18272,CUST-2510,8130.96,Credit Card,Payment Gateway Timeout,6,0,1,71600.21,0
TXN-18273,CUST-2037,9015.51,UPI,Card Expired,6,1,4,131119.31,0
TXN-18274,CUST-1164,16396.33,Credit Card,Payment Gateway Timeout,11,0,1,91444.08,1
TXN-18275,CUST-2544,11017.29,Debit Card,Card Expired,11,1,1,178725.96,1
TXN-18276,CUST-3242,7752.39,Net Banking,Insufficient Funds,7,1,2,79453.49,0
TXN-18277,CUST-2518,10977.54,Credit Card,Authentication Failed,9,1,1,145455.3,1
TXN-18278,CUST-2799,9761.96,UPI,Card Expired,10,1,2,139305.12,1
TXN-18279,CUST-2078,12715.4,Credit Card,Payment Gateway Timeout,10,0,0,201317.29,1
TXN-18280,CUST-3389,10622.38,Debit Card,Authentication Failed,6,1,1,99544.0,0
TXN-18281,CUST-3434,5167.32,UPI,Payment Gateway Timeout,7,0,1,36498.74,0
TXN-18282,CUST-1401,28720.62,UPI,Insufficient Funds,10,1,3,118340.18,0
TXN-18283,CUST-2492,4582.49,UPI,Payment Gateway Timeout,4,0,1,106375.6,0
TXN-18284,CUST-1531,7078.38,Credit Card,Card Expired,10,0,1,84068.54,0
TXN-18285,CUST-2476,10821.74,Credit Card,Payment Gateway Timeout,14,0,3,127751.65,1
TXN-18286,CUST-1800,5666.41,Credit Card,Card Expired,6,0,0,45610.55,0
TXN-18287,CUST-3005,3145.99,UPI,Authentication Failed,8,1,0,59539.5,1
TXN-18288,CUST-1262,8811.04,Credit Card,Authentication Failed,13,0,3,67417.64,0
TXN-18289,CUST-3227,4303.5,Credit Card,Authentication Failed,9,1,0,133475.09,1
TXN-18290,CUST-2187,15330.19,UPI,Card Expired,6,1,1,90077.69,0
TXN-18291,CUST-1213,7174.05,Credit Card,Authentication Failed,13,1,1,56645.08,1
TXN-18292,CUST-2874,14579.25,Wallet,Authentication Failed,7,1,1,63616.25,0
TXN-18293,CUST-1539,4746.87,UPI,Authentication Failed,8,1,0,213557.95,1
TXN-18294,CUST-2998,9706.83,UPI,Authentication Failed,12,1,2,36593.49,1
TXN-18295,CUST-2198,4698.38,Credit Card,Temporary Bank/Network Error,5,0,1,90343.61,0
TXN-18296,CUST-2190,5935.53,Credit Card,Authentication Failed,15,1,3,61423.08,1
TXN-18297,CUST-2581,6754.97,Debit Card,Temporary Bank/Network Error,11,1,3,36674.35,1
TXN-18298,CUST-1257,5756.0,Credit Card,Temporary Bank/Network Error,4,0,1,150561.32,0
TXN-18299,CUST-2654,10434.93,Credit Card,Payment Gateway Timeout,13,1,1,91573.7,1
TXN-18300,CUST-2234,6680.93,Net Banking,Temporary Bank/Network Error,10,0,4,79004.09,0
TXN-18301,CUST-3234,5862.96,Debit Card,Payment Gateway Timeout,7,1,1,30829.65,1
TXN-18302,CUST-1466,5133.18,UPI,Temporary Bank/Network Error,9,0,1,114285.37,1
TXN-18303,CUST-2633,20682.01,Debit Card,Authentication Failed,5,0,0,59319.01,0
TXN-18304,CUST-1855,9913.38,UPI,Temporary Bank/Network Error,6,1,3,76628.04,1
TXN-18305,CUST-2974,4957.17,UPI,Insufficient Funds,10,0,4,136076.14,0
TXN-18306,CUST-1405,11771.91,UPI,Temporary Bank/Network Error,8,1,0,79502.09,1
TXN-18307,CUST-2911,6488.27,Debit Card,Temporary Bank/Network Error,6,0,2,49824.08,0
TXN-18308,CUST-2925,10653.11,Credit Card,Card Expired,9,1,1,87717.05,1
TXN-18309,CUST-1927,3618.19,UPI,Payment Gateway Timeout,4,0,0,116901.78,0
TXN-18310,CUST-2062,7358.06,Debit Card,Temporary Bank/Network Error,5,0,2,72515.87,0
TXN-18311,CUST-1502,13470.83,Wallet,Payment Gateway Timeout,7,1,2,161171.28,1
TXN-18312,CUST-3336,5778.18,Net Banking,Insufficient Funds,9,1,1,107280.34,1
TXN-18313,CUST-2176,3921.89,Net Banking,Insufficient Funds,6,0,2,65383.29,0
TXN-18314,CUST-2557,2044.21,Debit Card,Temporary Bank/Network Error,8,0,1,73598.9,1
TXN-18315,CUST-3260,5617.02,UPI,Temporary Bank/Network Error,5,1,0,90216.2,1
TXN-18316,CUST-1207,7710.91,Credit Card,Temporary Bank/Network Error,6,0,2,132044.47,0
TXN-18317,CUST-2205,7699.9,UPI,Authentication Failed,10,0,0,45873.27,0
TXN-18318,CUST-2497,7391.95,Net Banking,Insufficient Funds,4,1,4,34085.36,0
TXN-18319,CUST-2499,6215.8,Debit Card,Authentication Failed,8,1,3,97285.19,0
TXN-18320,CUST-1732,8128.19,Debit Card,Insufficient Funds,10,1,0,25384.65,1
TXN-18321,CUST-1729,2991.21,Net Banking,Temporary Bank/Network Error,11,0,1,108580.85,1
TXN-18322,CUST-3370,6020.88,UPI,Card Expired,6,1,3,177799.86,0
TXN-18323,CUST-1220,6856.1,UPI,Authentication Failed,2,1,2,159442.34,0
TXN-18324,CUST-3157,3163.6,Credit Card,Temporary Bank/Network Error,10,0,0,85846.62,1
TXN-18325,CUST-2171,5953.03,UPI,Temporary Bank/Network Error,9,1,1,116791.17,1
TXN-18326,CUST-1199,22534.5,Net Banking,Insufficient Funds,9,1,4,76439.01,0
TXN-18327,CUST-1117,2090.53,UPI,Payment Gateway Timeout,8,0,1,81661.59,1
TXN-18328,CUST-2078,6654.46,Debit Card,Card Expired,9,1,0,124840.83,1
TXN-18329,CUST-2722,9936.78,UPI,Temporary Bank/Network Error,11,1,1,106391.24,1
TXN-18330,CUST-2198,7163.87,Credit Card,Temporary Bank/Network Error,4,0,1,53945.5,0
TXN-18331,CUST-1076,11715.49,Debit Card,Card Expired,9,0,4,77219.23,0
TXN-18332,CUST-2832,1949.99,Credit Card,Temporary Bank/Network Error,9,1,0,68625.09,1
TXN-18333,CUST-2811,20122.21,UPI,Temporary Bank/Network Error,12,1,3,61776.16,1
TXN-18334,CUST-2240,14683.72,UPI,Authentication Failed,7,1,0,70975.05,1
TXN-18335,CUST-3223,7418.17,Credit Card,Insufficient Funds,7,1,3,56225.25,0
TXN-18336,CUST-1216,5825.81,Credit Card,Payment Gateway Timeout,12,1,2,116546.63,1
TXN-18337,CUST-1323,4731.96,Credit Card,Insufficient Funds,13,1,0,74298.45,1
TXN-18338,CUST-3489,10685.94,Credit Card,Authentication Failed,7,0,1,85749.87,0
TXN-18339,CUST-3016,2811.06,UPI,Authentication Failed,10,1,0,90303.63,1
TXN-18340,CUST-1497,5815.39,UPI,Card Expired,8,0,1,72433.82,0
TXN-18341,CUST-2071,8369.68,Net Banking,Authentication Failed,8,1,1,114283.04,1
TXN-18342,CUST-1342,7969.6,Credit Card,Payment Gateway Timeout,6,1,2,31070.55,1
TXN-18343,CUST-1746,9951.92,Debit Card,Card Expired,18,0,3,89485.74,1
TXN-18344,CUST-1211,8503.99,Debit Card,Temporary Bank/Network Error,8,1,0,90120.21,1
TXN-18345,CUST-1015,6593.95,Net Banking,Temporary Bank/Network Error,4,1,1,65141.96,1
TXN-18346,CUST-3082,6927.75,UPI,Card Expired,12,0,0,75001.62,0
TXN-18347,CUST-1607,8402.73,UPI,Temporary Bank/Network Error,9,0,1,54230.66,1
TXN-18348,CUST-3216,9247.96,UPI,Temporary Bank/Network Error,3,1,1,72552.44,1
TXN-18349,CUST-1221,7397.32,UPI,Payment Gateway Timeout,3,1,1,96200.88,1
TXN-18350,CUST-1801,4714.91,Net Banking,Temporary Bank/Network Error,16,0,1,74719.52,1
TXN-18351,CUST-2430,5857.62,UPI,Temporary Bank/Network Error,7,0,2,33164.3,0
TXN-18352,CUST-2901,2521.12,Net Banking,Payment Gateway Timeout,10,0,1,72865.08,1
TXN-18353,CUST-1919,7343.03,UPI,Temporary Bank/Network Error,7,0,3,77284.78,0
TXN-18354,CUST-3450,7060.57,UPI,Temporary Bank/Network Error,5,0,1,58278.27,0
TXN-18355,CUST-3254,5071.92,Debit Card,Temporary Bank/Network Error,11,1,2,84842.37,1
TXN-18356,CUST-1392,7392.02,Debit Card,Insufficient Funds,4,1,0,31767.0,0
TXN-18357,CUST-3191,10394.62,UPI,Payment Gateway Timeout,10,0,2,51708.5,1
TXN-18358,CUST-1971,9485.72,Debit Card,Insufficient Funds,8,0,1,20260.07,0
TXN-18359,CUST-1621,7243.99,Credit Card,Temporary Bank/Network Error,13,0,2,96553.14,1
TXN-18360,CUST-2901,4117.27,Credit Card,Temporary Bank/Network Error,10,1,4,50264.34,1
TXN-18361,CUST-1843,9153.74,Credit Card,Temporary Bank/Network Error,5,1,3,115759.15,1
TXN-18362,CUST-1677,9856.22,Wallet,Insufficient Funds,6,0,2,43047.64,0
TXN-18363,CUST-1993,4330.06,Debit Card,Authentication Failed,8,1,3,56571.99,0
TXN-18364,CUST-1511,10220.87,Credit Card,Temporary Bank/Network Error,7,0,1,76801.99,1
TXN-18365,CUST-3296,7407.37,Credit Card,Temporary Bank/Network Error,9,0,0,89570.07,1
TXN-18366,CUST-3462,10647.39,Credit Card,Payment Gateway Timeout,4,0,0,66810.51,0
TXN-18367,CUST-1605,5859.45,UPI,Payment Gateway Timeout,5,1,1,73966.27,1
TXN-18368,CUST-1909,8154.73,UPI,Insufficient Funds,8,0,2,65947.47,0
TXN-18369,CUST-2890,7900.15,Net Banking,Insufficient Funds,8,1,1,72058.73,0
TXN-18370,CUST-3012,16209.74,UPI,Insufficient Funds,5,0,3,96946.85,0
TXN-18371,CUST-3154,4022.8,Wallet,Payment Gateway Timeout,6,0,1,184848.99,0
TXN-18372,CUST-3494,7139.64,Debit Card,Temporary Bank/Network Error,11,1,1,144388.29,1
TXN-18373,CUST-2606,2243.27,Net Banking,Temporary Bank/Network Error,7,1,1,66496.45,1
TXN-18374,CUST-1334,5779.84,Debit Card,Authentication Failed,11,1,3,63300.51,0
TXN-18375,CUST-3363,11571.94,UPI,Payment Gateway Timeout,8,0,0,128972.33,1
TXN-18376,CUST-1056,6906.87,UPI,Insufficient Funds,7,1,3,60253.52,0
TXN-18377,CUST-1749,1850.45,UPI,Payment Gateway Timeout,6,0,1,167231.49,1
TXN-18378,CUST-1383,7784.78,UPI,Temporary Bank/Network Error,6,1,3,107778.1,1
TXN-18379,CUST-2291,9885.22,UPI,Temporary Bank/Network Error,5,1,2,46615.21,1
TXN-18380,CUST-1264,7277.36,Debit Card,Insufficient Funds,9,1,2,80441.83,0
TXN-18381,CUST-2534,7488.01,Credit Card,Payment Gateway Timeout,7,1,0,65544.1,1
TXN-18382,CUST-2172,14838.61,Wallet,Temporary Bank/Network Error,8,1,4,74495.96,1
TXN-18383,CUST-1376,7388.3,Wallet,Authentication Failed,11,0,2,51643.5,1
TXN-18384,CUST-1987,3544.73,Debit Card,Payment Gateway Timeout,6,1,2,98672.81,1
TXN-18385,CUST-2927,12764.55,Debit Card,Insufficient Funds,9,1,2,38849.94,0
TXN-18386,CUST-3214,9937.75,Credit Card,Temporary Bank/Network Error,5,0,2,51541.85,0
TXN-18387,CUST-1329,3162.64,UPI,Temporary Bank/Network Error,4,0,1,63570.48,0
TXN-18388,CUST-3134,7803.48,Debit Card,Insufficient Funds,11,0,1,55030.55,0
TXN-18389,CUST-1005,3104.33,Wallet,Temporary Bank/Network Error,4,1,4,33435.3,0
TXN-18390,CUST-3086,15954.13,Debit Card,Temporary Bank/Network Error,5,1,2,35727.7,1
TXN-18391,CUST-3120,7456.7,Credit Card,Insufficient Funds,10,1,0,162096.02,1
TXN-18392,CUST-2906,5560.26,Credit Card,Temporary Bank/Network Error,5,1,3,50123.42,1
TXN-18393,CUST-1535,11651.36,UPI,Card Expired,4,1,3,36738.34,0
TXN-18394,CUST-2605,10843.95,Credit Card,Insufficient Funds,8,1,3,132047.71,0
TXN-18395,CUST-2425,9494.27,UPI,Card Expired,8,1,1,59658.83,0
TXN-18396,CUST-1754,11783.11,UPI,Card Expired,8,0,0,88690.1,0
TXN-18397,CUST-1533,6983.06,UPI,Temporary Bank/Network Error,13,0,1,88163.94,1
TXN-18398,CUST-1294,18106.81,Net Banking,Temporary Bank/Network Error,4,1,2,155021.37,1
TXN-18399,CUST-1470,5516.27,Credit Card,Temporary Bank/Network Error,9,1,3,84233.12,1
TXN-18400,CUST-3099,2450.27,Wallet,Insufficient Funds,9,1,4,106683.57,0
TXN-18401,CUST-2703,9923.55,Credit Card,Temporary Bank/Network Error,9,0,4,90082.35,0
TXN-18402,CUST-2512,7688.32,Wallet,Temporary Bank/Network Error,10,0,2,34200.04,1
TXN-18403,CUST-1785,5303.03,UPI,Temporary Bank/Network Error,9,1,1,171008.91,1
TXN-18404,CUST-2457,6331.96,Wallet,Payment Gateway Timeout,6,0,0,144236.97,1
TXN-18405,CUST-1130,4123.72,Wallet,Payment Gateway Timeout,11,1,3,69334.83,1
TXN-18406,CUST-1147,4170.08,Credit Card,Temporary Bank/Network Error,9,1,4,45528.31,1
TXN-18407,CUST-2586,10432.38,Credit Card,Insufficient Funds,7,1,2,105391.34,0
TXN-18408,CUST-2377,8503.2,Net Banking,Insufficient Funds,5,0,1,95576.7,0
TXN-18409,CUST-1228,1919.06,UPI,Authentication Failed,10,1,2,109896.5,1
TXN-18410,CUST-1643,5096.04,UPI,Temporary Bank/Network Error,8,1,1,138155.64,1
TXN-18411,CUST-2830,37230.9,Wallet,Insufficient Funds,6,0,3,48758.38,0
TXN-18412,CUST-1120,8410.52,UPI,Authentication Failed,3,0,3,97072.08,0
TXN-18413,CUST-2773,4333.26,Credit Card,Authentication Failed,6,0,1,80976.39,0
TXN-18414,CUST-1470,7596.8,UPI,Payment Gateway Timeout,6,0,1,62365.49,0
TXN-18415,CUST-2508,9197.13,Debit Card,Temporary Bank/Network Error,8,1,1,65361.04,1
TXN-18416,CUST-2817,5417.64,Net Banking,Temporary Bank/Network Error,9,1,0,78198.57,1
TXN-18417,CUST-2920,11951.54,Debit Card,Temporary Bank/Network Error,6,1,1,300000.0,1
TXN-18418,CUST-2585,3918.06,UPI,Temporary Bank/Network Error,13,0,1,77130.62,1
TXN-18419,CUST-1540,3069.25,UPI,Temporary Bank/Network Error,7,1,1,78862.37,1
TXN-18420,CUST-1773,5538.28,UPI,Payment Gateway Timeout,4,0,2,83921.05,0
TXN-18421,CUST-2627,14288.34,UPI,Insufficient Funds,11,0,2,84374.96,0
TXN-18422,CUST-3018,14188.29,UPI,Insufficient Funds,5,1,1,90871.47,0
TXN-18423,CUST-2442,8063.87,Debit Card,Temporary Bank/Network Error,7,1,0,96841.3,1
TXN-18424,CUST-2845,5679.76,Debit Card,Authentication Failed,5,0,2,72760.49,0
TXN-18425,CUST-1023,5489.08,Credit Card,Temporary Bank/Network Error,6,0,3,39199.34,0
TXN-18426,CUST-2829,5085.43,Debit Card,Insufficient Funds,8,1,0,96592.19,1
TXN-18427,CUST-3343,15402.34,UPI,Insufficient Funds,9,1,0,73483.08,1
TXN-18428,CUST-3466,7847.54,UPI,Temporary Bank/Network Error,9,1,3,54256.15,1
TXN-18429,CUST-3469,12096.89,UPI,Payment Gateway Timeout,6,0,3,83449.46,0
TXN-18430,CUST-1056,3775.4,Debit Card,Card Expired,11,0,2,74428.77,0
TXN-18431,CUST-1055,13127.92,UPI,Temporary Bank/Network Error,9,1,2,74210.59,1
TXN-18432,CUST-1732,12378.83,Debit Card,Authentication Failed,3,0,1,87877.88,0
TXN-18433,CUST-1516,5080.14,Debit Card,Authentication Failed,9,1,0,69504.16,1
TXN-18434,CUST-2461,7107.77,Debit Card,Payment Gateway Timeout,4,1,4,57418.26,0
TXN-18435,CUST-3008,8002.09,Credit Card,Insufficient Funds,7,0,1,66147.25,0
TXN-18436,CUST-1612,4659.62,Credit Card,Insufficient Funds,12,1,0,52651.24,1
TXN-18437,CUST-2879,9850.7,UPI,Insufficient Funds,13,0,0,65257.38,1
TXN-18438,CUST-1105,26854.93,Credit Card,Temporary Bank/Network Error,6,1,2,78259.09,1
TXN-18439,CUST-2062,11820.93,Wallet,Insufficient Funds,7,1,1,49916.76,0
TXN-18440,CUST-2587,3043.71,Wallet,Insufficient Funds,7,1,0,148571.32,1
TXN-18441,CUST-1931,5193.0,UPI,Insufficient Funds,10,1,2,72976.81,1
TXN-18442,CUST-1993,8865.02,Net Banking,Insufficient Funds,12,0,2,58510.26,0
TXN-18443,CUST-3487,8139.74,Credit Card,Insufficient Funds,8,0,3,23417.88,0
TXN-18444,CUST-1190,3492.58,Credit Card,Temporary Bank/Network Error,9,1,2,32701.54,1
TXN-18445,CUST-2195,12526.14,UPI,Temporary Bank/Network Error,14,0,1,75952.58,1
TXN-18446,CUST-1477,7355.19,Wallet,Payment Gateway Timeout,9,0,0,108117.4,1
TXN-18447,CUST-2365,5816.52,Net Banking,Insufficient Funds,8,0,0,58502.51,0
TXN-18448,CUST-1001,8173.02,Wallet,Insufficient Funds,5,1,0,76177.41,0
TXN-18449,CUST-1671,19564.07,UPI,Authentication Failed,9,1,3,39590.34,0
TXN-18450,CUST-3283,4987.19,Debit Card,Temporary Bank/Network Error,9,1,2,70228.42,1
TXN-18451,CUST-2661,6947.96,UPI,Insufficient Funds,9,1,3,152859.85,0
TXN-18452,CUST-2023,16830.31,UPI,Authentication Failed,7,0,1,61350.0,0
TXN-18453,CUST-1582,6496.48,Net Banking,Payment Gateway Timeout,8,0,3,91212.09,0
TXN-18454,CUST-2396,4276.3,Credit Card,Temporary Bank/Network Error,9,1,1,68082.82,1
TXN-18455,CUST-1037,13628.22,Net Banking,Insufficient Funds,4,0,1,52188.31,0
TXN-18456,CUST-1962,9072.87,Wallet,Payment Gateway Timeout,8,1,0,57357.66,1
TXN-18457,CUST-1468,3537.67,UPI,Temporary Bank/Network Error,11,1,0,138592.03,1
TXN-18458,CUST-2242,5801.58,Credit Card,Authentication Failed,7,0,0,37169.89,0
TXN-18459,CUST-2084,11220.36,Wallet,Payment Gateway Timeout,8,1,3,106838.71,1
TXN-18460,CUST-1019,8811.77,Credit Card,Temporary Bank/Network Error,6,0,1,47947.33,0
TXN-18461,CUST-1896,7174.07,Net Banking,Authentication Failed,7,0,1,45658.57,0
TXN-18462,CUST-1031,27454.39,Credit Card,Payment Gateway Timeout,9,1,3,119428.39,1
TXN-18463,CUST-1494,13397.56,UPI,Temporary Bank/Network Error,6,1,1,43707.66,1
TXN-18464,CUST-1011,4039.37,UPI,Card Expired,10,1,2,84471.36,1
TXN-18465,CUST-3338,3853.97,Wallet,Card Expired,6,0,0,63864.69,0
TXN-18466,CUST-1730,9345.11,UPI,Card Expired,7,1,3,87321.88,0
TXN-18467,CUST-1269,6917.35,Credit Card,Insufficient Funds,5,0,1,44181.64,0
TXN-18468,CUST-2880,11944.23,Debit Card,Authentication Failed,5,0,2,43557.72,0
TXN-18469,CUST-1386,4274.83,UPI,Insufficient Funds,3,1,1,52864.18,0
TXN-18470,CUST-3122,4263.34,Net Banking,Payment Gateway Timeout,12,0,4,60232.87,0
TXN-18471,CUST-2319,4569.68,Wallet,Payment Gateway Timeout,4,1,0,59951.27,1
TXN-18472,CUST-1598,1917.47,Debit Card,Card Expired,7,1,2,64204.68,0
TXN-18473,CUST-3095,9348.1,UPI,Temporary Bank/Network Error,7,0,1,144553.94,1
TXN-18474,CUST-2964,14623.32,UPI,Temporary Bank/Network Error,13,1,0,128944.96,1
TXN-18475,CUST-3266,4601.22,Credit Card,Card Expired,15,1,2,82859.63,1
TXN-18476,CUST-3445,4249.04,Wallet,Authentication Failed,5,0,1,75881.33,0
TXN-18477,CUST-1460,5994.28,Net Banking,Card Expired,10,1,3,172520.18,0
TXN-18478,CUST-2944,6770.66,UPI,Payment Gateway Timeout,9,0,1,33598.14,1
TXN-18479,CUST-2937,2449.54,UPI,Temporary Bank/Network Error,8,0,0,105791.85,1
TXN-18480,CUST-3144,8005.64,Wallet,Temporary Bank/Network Error,5,1,0,70498.09,1
TXN-18481,CUST-1930,6204.24,UPI,Temporary Bank/Network Error,10,0,0,89364.9,1
TXN-18482,CUST-3074,2381.01,UPI,Insufficient Funds,13,1,3,61069.39,1
TXN-18483,CUST-3465,4943.93,Credit Card,Insufficient Funds,7,0,1,82649.13,0
TXN-18484,CUST-1820,8686.69,UPI,Card Expired,7,0,1,248413.13,0
TXN-18485,CUST-2935,2435.39,Credit Card,Card Expired,12,1,1,108475.77,1
TXN-18486,CUST-3327,4683.04,Debit Card,Card Expired,12,0,0,33462.58,0
TXN-18487,CUST-1959,10290.14,Credit Card,Insufficient Funds,7,0,0,45615.72,0
TXN-18488,CUST-2304,6575.53,UPI,Insufficient Funds,9,0,1,134719.54,0
TXN-18489,CUST-3299,12135.18,Debit Card,Authentication Failed,8,0,3,29632.85,0
TXN-18490,CUST-2318,4376.7,Credit Card,Authentication Failed,8,1,0,48846.34,1
TXN-18491,CUST-1661,4275.1,Credit Card,Authentication Failed,6,0,4,153879.95,0
TXN-18492,CUST-2155,7110.73,Debit Card,Temporary Bank/Network Error,7,0,0,45260.12,1
TXN-18493,CUST-1664,19283.26,Debit Card,Temporary Bank/Network Error,11,0,1,145410.73,1
TXN-18494,CUST-1465,21813.64,Net Banking,Temporary Bank/Network Error,7,0,1,103159.35,0
TXN-18495,CUST-2672,8628.83,Net Banking,Temporary Bank/Network Error,10,1,2,33448.18,1
TXN-18496,CUST-3363,3556.3,UPI,Insufficient Funds,3,1,1,78325.6,0
TXN-18497,CUST-3070,6115.69,Debit Card,Card Expired,7,0,1,52608.82,0
TXN-18498,CUST-2805,10249.93,Debit Card,Card Expired,4,1,2,96594.09,0
TXN-18499,CUST-2429,7230.05,Net Banking,Insufficient Funds,14,0,0,139519.84,1
TXN-18500,CUST-1845,3563.99,UPI,Temporary Bank/Network Error,5,1,0,85189.72,1
TXN-18501,CUST-1315,9266.46,Credit Card,Payment Gateway Timeout,9,1,0,72992.17,1
TXN-18502,CUST-3232,7011.83,Credit Card,Authentication Failed,7,1,2,66892.78,0
TXN-18503,CUST-1382,8635.3,UPI,Authentication Failed,5,0,1,168042.51,0
TXN-18504,CUST-3004,11541.46,Credit Card,Temporary Bank/Network Error,6,1,0,29617.41,1
TXN-18505,CUST-3164,3619.16,Net Banking,Authentication Failed,12,0,5,60142.39,0
TXN-18506,CUST-1924,7227.58,UPI,Insufficient Funds,9,1,1,99129.11,1
TXN-18507,CUST-2099,16215.58,UPI,Card Expired,10,0,0,57772.79,0
TXN-18508,CUST-2070,5809.47,UPI,Temporary Bank/Network Error,7,0,2,131732.1,1
TXN-18509,CUST-2432,8270.53,UPI,Insufficient Funds,6,1,0,213337.76,1
TXN-18510,CUST-1712,17427.72,Debit Card,Temporary Bank/Network Error,8,0,2,65973.61,0
TXN-18511,CUST-2241,16287.99,Debit Card,Authentication Failed,6,0,2,66055.36,0
TXN-18512,CUST-1485,15009.03,Wallet,Temporary Bank/Network Error,9,1,1,114523.88,1
TXN-18513,CUST-2072,11043.99,Net Banking,Payment Gateway Timeout,8,1,2,81733.43,1
TXN-18514,CUST-1084,14315.5,Credit Card,Temporary Bank/Network Error,12,0,1,28864.8,1
TXN-18515,CUST-1048,5774.89,UPI,Insufficient Funds,8,0,0,80472.73,0
TXN-18516,CUST-3458,3722.39,UPI,Card Expired,6,0,0,97501.85,0
TXN-18517,CUST-1459,9797.79,Credit Card,Payment Gateway Timeout,9,1,4,160081.83,1
TXN-18518,CUST-2106,6937.85,UPI,Payment Gateway Timeout,8,1,1,52605.2,1
TXN-18519,CUST-3228,17530.72,Wallet,Authentication Failed,7,0,4,121327.14,0
TXN-18520,CUST-1073,1453.15,Net Banking,Insufficient Funds,4,0,2,152684.62,0
TXN-18521,CUST-3446,6544.18,Debit Card,Insufficient Funds,7,0,1,104513.69,0
TXN-18522,CUST-1866,4283.05,UPI,Temporary Bank/Network Error,8,0,1,64960.77,1
TXN-18523,CUST-2187,16689.18,UPI,Insufficient Funds,7,1,0,141114.16,1
TXN-18524,CUST-2746,3681.48,UPI,Authentication Failed,3,1,2,62572.61,0
TXN-18525,CUST-2090,14263.11,Credit Card,Payment Gateway Timeout,4,0,1,101201.77,0
TXN-18526,CUST-1810,16970.32,UPI,Temporary Bank/Network Error,5,1,0,60678.55,1
TXN-18527,CUST-1630,6782.07,Credit Card,Insufficient Funds,10,0,2,81447.19,0
TXN-18528,CUST-3468,5530.29,UPI,Temporary Bank/Network Error,12,1,1,60705.63,1
TXN-18529,CUST-2805,7237.11,UPI,Temporary Bank/Network Error,6,0,1,36568.63,0
TXN-18530,CUST-1502,5195.5,Net Banking,Authentication Failed,5,0,2,49554.71,0
TXN-18531,CUST-1641,13402.48,Wallet,Temporary Bank/Network Error,9,0,1,130524.7,1
TXN-18532,CUST-2922,18270.67,UPI,Insufficient Funds,15,1,0,97543.34,1
TXN-18533,CUST-1001,7412.03,Net Banking,Temporary Bank/Network Error,9,1,2,41812.86,1
TXN-18534,CUST-3083,6671.54,UPI,Insufficient Funds,10,1,1,79032.56,1
TXN-18535,CUST-1968,6858.07,UPI,Payment Gateway Timeout,5,1,2,51184.44,1
TXN-18536,CUST-2571,4849.08,Wallet,Authentication Failed,9,0,1,161863.72,0
TXN-18537,CUST-1013,4480.2,UPI,Authentication Failed,10,1,0,28372.83,1
TXN-18538,CUST-3183,5880.37,UPI,Payment Gateway Timeout,7,1,3,64423.01,1
TXN-18539,CUST-2288,14464.58,Net Banking,Temporary Bank/Network Error,12,0,4,186324.12,1
TXN-18540,CUST-2374,3981.84,Credit Card,Card Expired,10,0,2,173822.45,0
TXN-18541,CUST-1240,9405.8,UPI,Card Expired,14,1,1,51006.81,1
TXN-18542,CUST-2257,7252.47,UPI,Temporary Bank/Network Error,11,1,0,56249.65,1
TXN-18543,CUST-2202,7657.07,UPI,Temporary Bank/Network Error,6,1,1,62741.53,1
TXN-18544,CUST-3332,6920.46,Debit Card,Temporary Bank/Network Error,9,0,3,128249.58,1
TXN-18545,CUST-2592,4549.0,UPI,Card Expired,10,1,2,84405.3,1
TXN-18546,CUST-3112,4295.03,Credit Card,Insufficient Funds,8,0,0,46478.03,0
TXN-18547,CUST-1222,8091.34,Credit Card,Authentication Failed,7,1,2,125672.78,0
TXN-18548,CUST-2823,10337.49,UPI,Card Expired,4,0,2,49638.69,0
TXN-18549,CUST-1293,6773.75,Credit Card,Insufficient Funds,13,1,0,28559.39,1
TXN-18550,CUST-2869,5896.28,Credit Card,Payment Gateway Timeout,10,1,2,162016.67,1
TXN-18551,CUST-1427,10616.75,Credit Card,Payment Gateway Timeout,8,0,3,73441.44,0
TXN-18552,CUST-1680,7739.91,Debit Card,Temporary Bank/Network Error,7,1,1,30784.35,1
TXN-18553,CUST-3101,23876.65,Debit Card,Insufficient Funds,14,1,0,142330.97,1
TXN-18554,CUST-2075,3341.55,UPI,Card Expired,7,1,2,109780.26,0
TXN-18555,CUST-2693,6810.29,Debit Card,Card Expired,4,1,1,81440.09,0
TXN-18556,CUST-1857,8405.8,Wallet,Insufficient Funds,11,0,1,60961.52,0
TXN-18557,CUST-3313,5869.96,UPI,Card Expired,5,1,0,86960.63,0
TXN-18558,CUST-2911,11677.6,UPI,Authentication Failed,5,0,3,40357.39,0
TXN-18559,CUST-1327,1931.79,Credit Card,Payment Gateway Timeout,9,1,1,95779.8,1
TXN-18560,CUST-2124,9004.59,Wallet,Payment Gateway Timeout,4,0,1,91093.99,0
TXN-18561,CUST-2266,5176.75,Debit Card,Card Expired,13,0,7,50729.94,0
TXN-18562,CUST-1663,5603.59,UPI,Authentication Failed,4,1,2,162479.23,0
TXN-18563,CUST-1105,7127.94,UPI,Insufficient Funds,7,1,1,68685.86,0
TXN-18564,CUST-3476,3472.68,Credit Card,Insufficient Funds,5,1,1,49485.06,0
TXN-18565,CUST-1505,9467.82,UPI,Payment Gateway Timeout,9,1,3,88884.15,1
TXN-18566,CUST-2952,2916.47,Net Banking,Temporary Bank/Network Error,6,0,2,84014.97,0
TXN-18567,CUST-2232,4010.59,Debit Card,Payment Gateway Timeout,3,0,1,62670.13,0
TXN-18568,CUST-2208,3377.97,Credit Card,Temporary Bank/Network Error,7,1,2,88063.8,1
TXN-18569,CUST-1695,5048.17,Credit Card,Temporary Bank/Network Error,8,1,3,73186.54,1
TXN-18570,CUST-3215,2755.65,UPI,Payment Gateway Timeout,8,1,1,72120.7,1
TXN-18571,CUST-3413,13781.65,Net Banking,Payment Gateway Timeout,11,0,0,51841.89,1
TXN-18572,CUST-2015,7120.99,Debit Card,Insufficient Funds,14,1,0,44028.51,1
TXN-18573,CUST-1890,9677.18,Wallet,Payment Gateway Timeout,7,1,2,45958.78,1
TXN-18574,CUST-1984,10850.41,Credit Card,Authentication Failed,3,0,1,64880.91,0
TXN-18575,CUST-1725,13343.8,Net Banking,Temporary Bank/Network Error,3,1,1,112526.18,1
TXN-18576,CUST-1064,4890.83,Net Banking,Temporary Bank/Network Error,2,0,2,60932.26,0
TXN-18577,CUST-2382,5918.89,UPI,Insufficient Funds,8,0,0,65226.99,0
TXN-18578,CUST-3265,9894.97,Wallet,Payment Gateway Timeout,10,1,3,125510.51,1
TXN-18579,CUST-3483,12566.09,UPI,Payment Gateway Timeout,9,1,3,52789.66,1
TXN-18580,CUST-3342,9920.96,Debit Card,Temporary Bank/Network Error,10,1,2,266693.44,1
TXN-18581,CUST-3397,7702.36,Net Banking,Insufficient Funds,10,1,3,32079.9,0
TXN-18582,CUST-1519,6558.2,Debit Card,Authentication Failed,13,1,0,212021.54,1
TXN-18583,CUST-2940,12850.83,Wallet,Insufficient Funds,11,1,1,107787.46,1
TXN-18584,CUST-1989,8271.67,UPI,Payment Gateway Timeout,8,1,3,96418.48,1
TXN-18585,CUST-2142,12093.74,UPI,Temporary Bank/Network Error,6,0,1,87906.26,1
TXN-18586,CUST-1633,2131.64,UPI,Card Expired,8,0,0,92505.93,0
TXN-18587,CUST-2583,12776.92,Debit Card,Temporary Bank/Network Error,6,1,2,42499.22,1
TXN-18588,CUST-1295,6054.45,UPI,Temporary Bank/Network Error,6,1,1,55118.45,1
TXN-18589,CUST-3288,6398.42,Net Banking,Payment Gateway Timeout,9,0,3,63858.71,0
TXN-18590,CUST-2162,3406.78,Debit Card,Temporary Bank/Network Error,11,1,0,81484.92,1
TXN-18591,CUST-3327,4438.06,Net Banking,Temporary Bank/Network Error,4,0,0,45221.45,0
TXN-18592,CUST-1173,13937.91,Debit Card,Payment Gateway Timeout,6,1,0,21981.54,1
TXN-18593,CUST-2660,2401.05,Debit Card,Temporary Bank/Network Error,2,1,1,57944.88,1
TXN-18594,CUST-2238,10739.87,Debit Card,Authentication Failed,7,1,2,76193.81,0
TXN-18595,CUST-2868,3286.97,UPI,Payment Gateway Timeout,18,0,2,57974.41,1
TXN-18596,CUST-2305,5175.84,Credit Card,Temporary Bank/Network Error,8,0,0,56323.8,1
TXN-18597,CUST-1622,7549.3,UPI,Temporary Bank/Network Error,7,1,0,213559.81,1
TXN-18598,CUST-2314,8403.3,UPI,Authentication Failed,6,0,0,45410.33,0
TXN-18599,CUST-3109,7192.91,Debit Card,Authentication Failed,12,1,0,65630.79,1
TXN-18600,CUST-1889,8195.88,Credit Card,Authentication Failed,5,1,2,76868.2,0
TXN-18601,CUST-3389,4430.54,Credit Card,Authentication Failed,9,1,5,81547.07,0
TXN-18602,CUST-1285,6824.85,Credit Card,Temporary Bank/Network Error,9,1,1,30461.7,1
TXN-18603,CUST-3293,8636.04,Wallet,Insufficient Funds,13,0,3,24261.64,0
TXN-18604,CUST-1703,4128.97,Debit Card,Payment Gateway Timeout,8,0,0,23443.04,1
TXN-18605,CUST-1456,9147.95,UPI,Insufficient Funds,8,0,2,89883.7,0
TXN-18606,CUST-3349,4083.68,Wallet,Payment Gateway Timeout,10,1,0,73489.51,1
TXN-18607,CUST-2089,11291.87,Credit Card,Card Expired,6,0,3,92292.74,0
TXN-18608,CUST-2562,7203.43,UPI,Payment Gateway Timeout,5,1,3,29424.93,0
TXN-18609,CUST-1313,11101.21,Wallet,Insufficient Funds,7,0,2,54501.63,0
TXN-18610,CUST-2708,2278.04,Credit Card,Authentication Failed,7,1,3,57343.18,0
TXN-18611,CUST-2932,8872.93,UPI,Payment Gateway Timeout,7,0,2,176720.29,0
TXN-18612,CUST-1753,3921.05,Net Banking,Insufficient Funds,8,1,1,88256.84,0
TXN-18613,CUST-2037,7479.03,UPI,Insufficient Funds,7,1,2,135079.28,0
TXN-18614,CUST-1919,5552.28,UPI,Insufficient Funds,8,1,1,53945.53,1
TXN-18615,CUST-3090,11653.1,Debit Card,Insufficient Funds,8,1,1,75911.87,0
TXN-18616,CUST-2534,6238.39,Wallet,Payment Gateway Timeout,15,1,0,51013.89,1
TXN-18617,CUST-2544,5315.81,UPI,Insufficient Funds,6,1,5,184764.45,0
TXN-18618,CUST-3404,10959.15,Credit Card,Temporary Bank/Network Error,3,0,2,197977.23,0
TXN-18619,CUST-2173,3406.31,UPI,Temporary Bank/Network Error,7,1,0,51061.87,1
TXN-18620,CUST-1592,7493.3,UPI,Payment Gateway Timeout,13,0,1,40003.59,1
TXN-18621,CUST-2228,7772.6,Credit Card,Card Expired,7,0,1,44829.98,0
TXN-18622,CUST-2890,9357.41,Credit Card,Card Expired,11,0,1,103402.73,0
TXN-18623,CUST-2861,6784.42,Debit Card,Payment Gateway Timeout,12,0,1,32286.01,1
TXN-18624,CUST-2456,3684.64,UPI,Authentication Failed,4,0,2,64694.34,0
TXN-18625,CUST-2849,5017.21,UPI,Insufficient Funds,14,1,3,81881.99,1
TXN-18626,CUST-1226,10602.46,Net Banking,Temporary Bank/Network Error,7,0,3,193376.23,0
TXN-18627,CUST-2213,5271.55,Wallet,Authentication Failed,7,1,1,70241.24,0
TXN-18628,CUST-1806,18508.55,Credit Card,Authentication Failed,10,0,1,29251.82,0
TXN-18629,CUST-1319,17991.34,Credit Card,Insufficient Funds,11,1,1,30831.2,1
TXN-18630,CUST-1652,9193.23,Debit Card,Card Expired,7,1,3,67258.3,0
TXN-18631,CUST-2088,4293.03,Credit Card,Insufficient Funds,11,0,1,49586.58,0
TXN-18632,CUST-2471,14714.46,Debit Card,Card Expired,5,1,1,69612.73,0
TXN-18633,CUST-1444,5164.8,Wallet,Temporary Bank/Network Error,5,1,4,53370.61,0
TXN-18634,CUST-1385,18200.17,Credit Card,Insufficient Funds,6,0,3,140561.77,0
TXN-18635,CUST-1641,9684.82,UPI,Payment Gateway Timeout,4,1,2,179959.79,1
TXN-18636,CUST-2155,14581.43,Net Banking,Temporary Bank/Network Error,10,1,1,32153.5,1
TXN-18637,CUST-1033,9357.64,UPI,Temporary Bank/Network Error,10,0,3,91821.96,1
TXN-18638,CUST-1793,13380.63,UPI,Authentication Failed,7,0,3,41252.69,0
TXN-18639,CUST-2843,6915.95,Debit Card,Insufficient Funds,5,1,1,91599.14,0
TXN-18640,CUST-1174,8633.27,Debit Card,Temporary Bank/Network Error,6,1,1,58773.57,1
TXN-18641,CUST-1689,7572.55,UPI,Insufficient Funds,11,1,4,144008.71,0
TXN-18642,CUST-2679,2405.92,Wallet,Insufficient Funds,5,1,3,28872.64,0
TXN-18643,CUST-1935,5148.38,Debit Card,Payment Gateway Timeout,9,0,1,26473.09,1
TXN-18644,CUST-2974,5557.76,UPI,Authentication Failed,10,1,0,26263.95,1
TXN-18645,CUST-1612,5456.74,UPI,Card Expired,8,1,1,112791.4,1
TXN-18646,CUST-1653,6459.25,Net Banking,Insufficient Funds,9,0,3,244060.97,0
TXN-18647,CUST-3134,4842.9,Wallet,Temporary Bank/Network Error,10,0,0,29394.17,1
TXN-18648,CUST-2497,4944.79,Credit Card,Payment Gateway Timeout,9,1,2,66629.76,1
TXN-18649,CUST-2692,6616.71,Debit Card,Temporary Bank/Network Error,13,1,2,135397.65,1
TXN-18650,CUST-2974,17653.07,Debit Card,Authentication Failed,5,0,1,172323.0,0
TXN-18651,CUST-3205,15357.53,UPI,Payment Gateway Timeout,9,1,1,92329.25,1
TXN-18652,CUST-1235,9946.64,Net Banking,Card Expired,9,0,1,41178.8,0
TXN-18653,CUST-2327,8862.05,UPI,Temporary Bank/Network Error,12,1,1,113931.05,1
TXN-18654,CUST-2569,9982.28,Credit Card,Temporary Bank/Network Error,8,1,5,89601.71,1
TXN-18655,CUST-1339,9027.59,Credit Card,Insufficient Funds,13,1,2,134711.02,1
TXN-18656,CUST-2143,2419.56,Credit Card,Insufficient Funds,10,1,0,100313.7,1
TXN-18657,CUST-2757,3247.8,Debit Card,Insufficient Funds,8,1,2,91740.94,0
TXN-18658,CUST-3101,14382.2,Credit Card,Card Expired,14,1,2,32336.73,1
TXN-18659,CUST-2947,10799.19,Credit Card,Payment Gateway Timeout,8,0,3,91392.9,0
TXN-18660,CUST-3345,12549.61,Net Banking,Insufficient Funds,5,0,3,71907.43,0
TXN-18661,CUST-1173,4851.03,UPI,Authentication Failed,5,0,2,81151.26,0
TXN-18662,CUST-3035,19712.48,Debit Card,Insufficient Funds,7,0,2,88095.94,0
TXN-18663,CUST-1601,6778.19,Credit Card,Insufficient Funds,9,0,1,93588.96,0
TXN-18664,CUST-1596,7691.82,Credit Card,Authentication Failed,8,0,0,112372.59,0
TXN-18665,CUST-2081,6943.6,Debit Card,Insufficient Funds,4,1,1,88748.89,0
TXN-18666,CUST-2477,3939.08,Credit Card,Payment Gateway Timeout,9,1,0,59075.23,1
TXN-18667,CUST-1822,5656.82,Net Banking,Temporary Bank/Network Error,8,0,0,96419.85,1
TXN-18668,CUST-2035,12836.69,Credit Card,Temporary Bank/Network Error,8,1,0,87971.34,1
TXN-18669,CUST-2382,7625.96,Net Banking,Payment Gateway Timeout,4,1,0,62305.25,1
TXN-18670,CUST-1661,8509.84,UPI,Temporary Bank/Network Error,8,1,3,89241.15,1
TXN-18671,CUST-2310,9203.84,Credit Card,Authentication Failed,9,1,4,90474.35,0
TXN-18672,CUST-1258,5314.98,Wallet,Payment Gateway Timeout,9,1,1,71576.96,1
TXN-18673,CUST-3469,32749.81,UPI,Insufficient Funds,10,0,2,154281.98,1
TXN-18674,CUST-2133,5602.2,Net Banking,Temporary Bank/Network Error,4,0,1,99250.08,0
TXN-18675,CUST-2087,5578.09,UPI,Authentication Failed,9,0,2,95473.73,0
TXN-18676,CUST-2926,7158.8,Wallet,Insufficient Funds,10,1,2,116022.69,1
TXN-18677,CUST-3379,10249.12,Wallet,Card Expired,4,0,1,80746.6,0
TXN-18678,CUST-3307,9105.13,Debit Card,Temporary Bank/Network Error,11,0,2,35886.7,1
TXN-18679,CUST-1221,4192.12,UPI,Authentication Failed,7,0,4,77589.96,0
TXN-18680,CUST-1131,11271.39,UPI,Authentication Failed,14,0,2,56413.4,0
TXN-18681,CUST-2942,12244.33,Wallet,Insufficient Funds,10,1,5,14817.4,0
TXN-18682,CUST-2681,6603.34,Credit Card,Insufficient Funds,12,0,0,26641.62,0
TXN-18683,CUST-3055,6403.06,Net Banking,Payment Gateway Timeout,9,1,0,74743.62,1
TXN-18684,CUST-2542,23425.29,UPI,Authentication Failed,11,1,2,73296.98,1
TXN-18685,CUST-2704,5655.27,UPI,Insufficient Funds,5,1,1,45418.29,0
TXN-18686,CUST-1280,7350.68,Debit Card,Temporary Bank/Network Error,9,0,1,43834.08,1
TXN-18687,CUST-1968,5967.43,Credit Card,Insufficient Funds,9,0,1,31016.5,0
TXN-18688,CUST-2292,18102.2,Net Banking,Insufficient Funds,5,1,2,82788.27,0
TXN-18689,CUST-1126,5105.28,Debit Card,Temporary Bank/Network Error,5,0,1,81410.58,0
TXN-18690,CUST-1470,12183.9,Debit Card,Authentication Failed,10,0,4,42610.2,0
TXN-18691,CUST-1529,7255.01,UPI,Authentication Failed,10,0,2,79567.48,0
TXN-18692,CUST-2637,9055.26,Net Banking,Card Expired,6,0,1,40953.99,0
TXN-18693,CUST-1131,8460.81,Debit Card,Insufficient Funds,6,1,1,88204.22,0
TXN-18694,CUST-1951,10616.13,Debit Card,Authentication Failed,5,1,1,116203.76,0
TXN-18695,CUST-1729,13668.05,Debit Card,Authentication Failed,12,0,0,67389.67,0
TXN-18696,CUST-2306,5021.18,UPI,Authentication Failed,7,1,3,159406.84,0
TXN-18697,CUST-1387,3580.72,Debit Card,Payment Gateway Timeout,5,1,1,118603.21,1
TXN-18698,CUST-3437,6777.23,Debit Card,Temporary Bank/Network Error,7,0,3,39443.26,0
TXN-18699,CUST-1053,21282.21,UPI,Temporary Bank/Network Error,13,0,1,62427.06,1
TXN-18700,CUST-1501,5481.2,Credit Card,Payment Gateway Timeout,14,1,0,86286.08,1
TXN-18701,CUST-2070,13837.02,Credit Card,Temporary Bank/Network Error,11,0,0,79704.16,1
TXN-18702,CUST-2422,6710.01,Net Banking,Insufficient Funds,7,0,1,94996.05,0
TXN-18703,CUST-2312,7740.29,Debit Card,Temporary Bank/Network Error,10,1,3,124735.96,1
TXN-18704,CUST-3232,12260.87,Credit Card,Authentication Failed,4,1,0,102350.29,0
TXN-18705,CUST-2241,13933.07,Net Banking,Authentication Failed,8,1,2,36245.65,0
TXN-18706,CUST-3499,5616.64,UPI,Insufficient Funds,6,1,0,60000.41,0
TXN-18707,CUST-1852,9448.27,Wallet,Card Expired,10,1,0,175316.72,1
TXN-18708,CUST-2909,4216.75,Credit Card,Payment Gateway Timeout,3,0,0,64592.7,0
TXN-18709,CUST-2346,9124.69,UPI,Insufficient Funds,4,1,2,56230.61,0
TXN-18710,CUST-2473,8437.3,Credit Card,Payment Gateway Timeout,7,0,2,154842.8,0
TXN-18711,CUST-2749,10668.91,Debit Card,Payment Gateway Timeout,5,1,1,174463.49,1
TXN-18712,CUST-3129,4498.14,Debit Card,Authentication Failed,7,0,2,193885.48,0
TXN-18713,CUST-2209,8204.56,UPI,Insufficient Funds,7,0,1,38889.69,0
TXN-18714,CUST-2891,2817.6,UPI,Insufficient Funds,11,1,4,53844.17,0
TXN-18715,CUST-1409,7614.59,UPI,Insufficient Funds,9,0,3,70879.72,0
TXN-18716,CUST-3156,5841.39,UPI,Authentication Failed,8,1,0,48444.09,1
TXN-18717,CUST-1945,8147.79,UPI,Temporary Bank/Network Error,7,1,0,90713.27,1
TXN-18718,CUST-2893,5351.54,Credit Card,Payment Gateway Timeout,16,0,1,54763.9,1
TXN-18719,CUST-3196,6625.45,UPI,Authentication Failed,8,0,3,64876.18,0
TXN-18720,CUST-1048,4558.04,UPI,Temporary Bank/Network Error,5,0,0,167623.48,1
TXN-18721,CUST-1854,11049.67,UPI,Payment Gateway Timeout,8,0,1,57942.93,1
TXN-18722,CUST-2181,7586.81,UPI,Insufficient Funds,10,0,3,57002.14,0
TXN-18723,CUST-1159,13918.25,Credit Card,Temporary Bank/Network Error,5,0,3,29135.0,0
TXN-18724,CUST-1095,5077.0,Credit Card,Temporary Bank/Network Error,4,0,3,82159.04,0
TXN-18725,CUST-1380,4202.71,Debit Card,Temporary Bank/Network Error,9,0,2,61198.07,1
TXN-18726,CUST-3253,9716.02,UPI,Temporary Bank/Network Error,6,1,1,150754.9,1
TXN-18727,CUST-1577,4743.8,Wallet,Temporary Bank/Network Error,10,0,0,128828.37,1
TXN-18728,CUST-1985,5396.65,Net Banking,Insufficient Funds,5,1,1,38190.07,0
TXN-18729,CUST-1895,9683.99,Credit Card,Temporary Bank/Network Error,10,0,3,113221.51,1
TXN-18730,CUST-1334,3273.51,Debit Card,Temporary Bank/Network Error,6,0,2,82951.17,0
TXN-18731,CUST-3004,3136.94,UPI,Payment Gateway Timeout,8,0,0,69590.77,1
TXN-18732,CUST-1814,6526.4,Wallet,Temporary Bank/Network Error,4,1,1,53242.8,1
TXN-18733,CUST-1232,2975.06,Net Banking,Insufficient Funds,12,1,1,97233.73,1
TXN-18734,CUST-1794,11872.22,UPI,Payment Gateway Timeout,8,1,2,91908.74,1
TXN-18735,CUST-1381,9353.17,Credit Card,Temporary Bank/Network Error,6,0,1,72859.78,0
TXN-18736,CUST-1447,6126.21,Debit Card,Temporary Bank/Network Error,5,0,2,132542.86,0
TXN-18737,CUST-2369,6881.86,Credit Card,Authentication Failed,7,1,2,116933.18,0
TXN-18738,CUST-2798,3913.34,UPI,Payment Gateway Timeout,8,1,1,174490.12,1
TXN-18739,CUST-1077,4371.51,UPI,Payment Gateway Timeout,9,1,1,33664.95,1
TXN-18740,CUST-1588,10573.97,UPI,Card Expired,3,1,2,130827.67,0
TXN-18741,CUST-1465,5759.44,Credit Card,Temporary Bank/Network Error,10,1,3,123727.37,1
TXN-18742,CUST-2792,11078.8,Debit Card,Payment Gateway Timeout,9,0,1,83977.17,1
TXN-18743,CUST-2484,9406.3,UPI,Authentication Failed,5,0,1,125664.17,0
TXN-18744,CUST-1495,4769.4,UPI,Payment Gateway Timeout,10,1,0,148821.2,1
TXN-18745,CUST-1629,4275.99,Debit Card,Insufficient Funds,11,1,1,88911.11,1
TXN-18746,CUST-1173,9784.25,UPI,Insufficient Funds,8,0,2,67188.11,0
TXN-18747,CUST-2115,13782.07,Credit Card,Authentication Failed,4,1,2,56003.57,0
TXN-18748,CUST-1028,11791.1,Wallet,Authentication Failed,6,1,1,83054.25,0
TXN-18749,CUST-1408,6985.98,Debit Card,Insufficient Funds,8,0,1,95919.49,0
TXN-18750,CUST-2708,3645.12,Credit Card,Insufficient Funds,9,0,1,86214.7,0
TXN-18751,CUST-3184,6009.43,UPI,Temporary Bank/Network Error,8,1,3,77594.71,1
TXN-18752,CUST-1272,3581.18,UPI,Payment Gateway Timeout,4,0,3,42529.75,0
TXN-18753,CUST-1559,3233.77,Net Banking,Temporary Bank/Network Error,5,0,2,98507.53,0
TXN-18754,CUST-1453,10486.44,UPI,Temporary Bank/Network Error,9,1,1,100357.24,1
TXN-18755,CUST-3190,16923.72,Net Banking,Insufficient Funds,8,1,4,179965.31,0
TXN-18756,CUST-3291,5389.31,Credit Card,Payment Gateway Timeout,5,0,0,39538.35,0
TXN-18757,CUST-1959,5891.93,Debit Card,Payment Gateway Timeout,12,0,2,50538.85,1
TXN-18758,CUST-3418,9660.19,Credit Card,Authentication Failed,7,1,3,67136.15,0
TXN-18759,CUST-1292,6284.21,UPI,Authentication Failed,10,0,1,61776.66,0
TXN-18760,CUST-2252,10164.52,UPI,Temporary Bank/Network Error,10,1,1,100019.37,1
TXN-18761,CUST-2868,9401.54,UPI,Insufficient Funds,10,1,1,64141.97,1
TXN-18762,CUST-2881,8566.34,Wallet,Temporary Bank/Network Error,6,1,1,101989.12,1
TXN-18763,CUST-1383,8152.08,Net Banking,Payment Gateway Timeout,15,0,3,92511.35,1
TXN-18764,CUST-1968,2996.21,Wallet,Temporary Bank/Network Error,8,0,1,17776.44,1
TXN-18765,CUST-1624,15666.81,UPI,Temporary Bank/Network Error,10,1,1,163234.63,1
TXN-18766,CUST-1542,4949.37,Net Banking,Payment Gateway Timeout,7,1,2,153817.21,1
TXN-18767,CUST-2216,7895.46,Net Banking,Insufficient Funds,9,0,1,51800.67,0
TXN-18768,CUST-2882,6118.85,Credit Card,Payment Gateway Timeout,11,1,0,147577.98,1
TXN-18769,CUST-3071,6702.97,Credit Card,Insufficient Funds,7,1,1,76881.76,0
TXN-18770,CUST-1020,7239.91,Debit Card,Insufficient Funds,11,1,1,86923.15,1
TXN-18771,CUST-2565,6547.96,UPI,Authentication Failed,8,0,3,114479.59,0
TXN-18772,CUST-3125,3999.01,Credit Card,Payment Gateway Timeout,8,1,0,45246.67,1
TXN-18773,CUST-1999,3711.33,Debit Card,Card Expired,14,1,1,145204.97,1
TXN-18774,CUST-2640,6022.69,UPI,Temporary Bank/Network Error,9,1,1,160990.86,1
TXN-18775,CUST-1130,5956.29,UPI,Payment Gateway Timeout,2,1,1,142960.72,1
TXN-18776,CUST-1855,5002.22,Debit Card,Payment Gateway Timeout,10,1,1,54754.65,1
TXN-18777,CUST-2176,3404.02,UPI,Authentication Failed,7,1,2,54724.99,0
TXN-18778,CUST-2888,3806.18,UPI,Authentication Failed,9,1,2,60606.61,1
TXN-18779,CUST-1763,2689.48,Debit Card,Payment Gateway Timeout,5,1,1,35280.17,1
TXN-18780,CUST-2093,9827.13,Wallet,Card Expired,7,1,1,105353.82,0
TXN-18781,CUST-3382,6074.49,Net Banking,Temporary Bank/Network Error,8,1,0,117871.98,1
TXN-18782,CUST-3045,6742.12,Credit Card,Payment Gateway Timeout,10,1,0,75290.97,1
TXN-18783,CUST-2519,6408.88,UPI,Authentication Failed,10,0,2,36068.21,0
TXN-18784,CUST-2900,13376.18,Credit Card,Temporary Bank/Network Error,11,1,1,109028.38,1
TXN-18785,CUST-2775,6426.66,UPI,Authentication Failed,12,1,0,89550.88,1
TXN-18786,CUST-2253,8803.85,UPI,Temporary Bank/Network Error,11,1,5,34338.49,1
TXN-18787,CUST-1766,9054.23,Wallet,Authentication Failed,8,0,3,160308.7,0
TXN-18788,CUST-2765,13633.81,Wallet,Temporary Bank/Network Error,7,1,4,35019.45,1
TXN-18789,CUST-2984,6765.59,Credit Card,Card Expired,11,0,1,41211.16,0
TXN-18790,CUST-2855,17323.44,Debit Card,Temporary Bank/Network Error,9,1,0,75197.12,1
TXN-18791,CUST-3330,6262.44,UPI,Authentication Failed,8,1,2,64629.65,0
TXN-18792,CUST-2729,5256.12,Net Banking,Temporary Bank/Network Error,6,1,0,73417.72,1
TXN-18793,CUST-1232,4955.06,Debit Card,Payment Gateway Timeout,12,1,1,34189.84,1
TXN-18794,CUST-1441,5438.86,Net Banking,Payment Gateway Timeout,8,1,3,47167.95,1
TXN-18795,CUST-2508,4695.27,UPI,Insufficient Funds,7,1,2,31530.4,0
TXN-18796,CUST-1174,2745.94,Wallet,Authentication Failed,7,1,3,71387.75,0
TXN-18797,CUST-2886,4497.33,Debit Card,Payment Gateway Timeout,10,1,0,53900.27,1
TXN-18798,CUST-1734,9213.36,Credit Card,Insufficient Funds,9,1,4,123673.17,0
TXN-18799,CUST-2606,11189.8,Wallet,Authentication Failed,7,0,2,52055.0,0
TXN-18800,CUST-2045,5368.43,Wallet,Payment Gateway Timeout,7,1,2,42817.08,1
TXN-18801,CUST-2856,13287.54,Debit Card,Payment Gateway Timeout,7,0,3,125845.42,0
TXN-18802,CUST-2809,5663.05,Credit Card,Temporary Bank/Network Error,10,1,1,43538.9,1
TXN-18803,CUST-3420,10537.95,Credit Card,Authentication Failed,10,1,0,67847.2,1
TXN-18804,CUST-1914,3322.97,Net Banking,Temporary Bank/Network Error,6,0,0,125427.37,1
TXN-18805,CUST-3221,5892.32,Wallet,Insufficient Funds,11,0,5,73262.49,0
TXN-18806,CUST-1206,6376.3,Net Banking,Card Expired,10,1,1,78664.02,1
TXN-18807,CUST-3208,5965.46,UPI,Payment Gateway Timeout,10,1,1,45637.84,1
TXN-18808,CUST-3500,4961.74,UPI,Temporary Bank/Network Error,9,1,0,47959.21,1
TXN-18809,CUST-2979,6537.39,UPI,Insufficient Funds,4,0,2,93351.81,0
TXN-18810,CUST-3462,2534.62,Net Banking,Card Expired,6,1,2,72495.76,0
TXN-18811,CUST-1473,7566.05,Debit Card,Temporary Bank/Network Error,11,1,4,82476.6,1
TXN-18812,CUST-2884,6698.02,UPI,Payment Gateway Timeout,11,0,1,54035.0,1
TXN-18813,CUST-1617,8345.71,UPI,Payment Gateway Timeout,9,0,1,132136.16,1
TXN-18814,CUST-3211,6951.79,UPI,Payment Gateway Timeout,6,0,0,190537.54,1
TXN-18815,CUST-1672,20824.62,Credit Card,Authentication Failed,8,0,1,75485.42,0
TXN-18816,CUST-2051,8662.22,Credit Card,Authentication Failed,9,1,4,216348.06,0
TXN-18817,CUST-1169,8838.26,Credit Card,Temporary Bank/Network Error,12,0,4,70544.09,1
TXN-18818,CUST-2545,8949.89,Credit Card,Insufficient Funds,11,0,3,86626.15,0
TXN-18819,CUST-2898,8019.7,Credit Card,Authentication Failed,10,0,1,60329.02,0
TXN-18820,CUST-3366,12018.73,Debit Card,Card Expired,10,1,1,36617.86,1
TXN-18821,CUST-1121,10652.79,Debit Card,Authentication Failed,11,1,2,100111.03,1
TXN-18822,CUST-2767,14034.26,Credit Card,Temporary Bank/Network Error,7,0,0,39165.33,1
TXN-18823,CUST-3500,8109.9,UPI,Card Expired,9,0,0,124346.16,0
TXN-18824,CUST-2010,3203.7,UPI,Authentication Failed,13,0,1,70363.54,1
TXN-18825,CUST-1402,3224.24,Credit Card,Insufficient Funds,3,1,2,91561.87,0
TXN-18826,CUST-2619,21988.03,Debit Card,Payment Gateway Timeout,7,1,2,46864.73,1
TXN-18827,CUST-1254,7184.49,Wallet,Temporary Bank/Network Error,7,0,2,139854.81,1
TXN-18828,CUST-2706,3265.48,Debit Card,Payment Gateway Timeout,6,1,0,59936.17,1
TXN-18829,CUST-2844,12372.66,Credit Card,Temporary Bank/Network Error,7,0,5,54440.8,0
TXN-18830,CUST-1691,11720.32,UPI,Card Expired,5,0,1,76836.01,0
TXN-18831,CUST-2009,6718.24,Credit Card,Insufficient Funds,6,0,0,74675.1,0
TXN-18832,CUST-2159,10264.29,UPI,Payment Gateway Timeout,7,1,0,90381.9,1
TXN-18833,CUST-2255,5214.9,Credit Card,Temporary Bank/Network Error,10,0,1,82351.09,1
TXN-18834,CUST-1026,7796.64,UPI,Insufficient Funds,5,1,1,145373.86,0
TXN-18835,CUST-3203,9115.36,Wallet,Card Expired,15,0,2,97310.6,0
TXN-18836,CUST-1211,6368.78,Debit Card,Insufficient Funds,9,0,0,108576.24,1
TXN-18837,CUST-3044,8488.75,UPI,Payment Gateway Timeout,9,0,1,45762.54,1
TXN-18838,CUST-1305,8274.36,Credit Card,Authentication Failed,8,1,2,60175.82,0
TXN-18839,CUST-1177,5922.48,Wallet,Temporary Bank/Network Error,5,0,3,42828.97,0
TXN-18840,CUST-1410,5660.8,Credit Card,Card Expired,10,0,0,107846.82,0
TXN-18841,CUST-1585,5740.78,Net Banking,Temporary Bank/Network Error,7,0,1,49040.52,0
TXN-18842,CUST-1127,14439.86,UPI,Card Expired,7,0,2,70878.05,0
TXN-18843,CUST-1541,5778.89,Net Banking,Card Expired,9,0,5,81382.72,0
TXN-18844,CUST-3317,2574.7,Credit Card,Card Expired,6,1,2,81441.0,0
TXN-18845,CUST-2358,4026.74,Credit Card,Card Expired,6,0,0,58848.81,0
TXN-18846,CUST-2489,11450.72,UPI,Authentication Failed,7,0,2,50464.33,0
TXN-18847,CUST-3395,1721.58,Debit Card,Insufficient Funds,12,0,1,99334.51,0
TXN-18848,CUST-2305,4260.68,Wallet,Card Expired,7,0,2,83211.76,0
TXN-18849,CUST-1105,4147.55,UPI,Insufficient Funds,6,0,3,129121.5,0
TXN-18850,CUST-3172,9968.73,Net Banking,Authentication Failed,7,0,1,40441.53,0
TXN-18851,CUST-2447,6497.34,UPI,Payment Gateway Timeout,3,1,2,86804.2,0
TXN-18852,CUST-2045,1652.65,Debit Card,Temporary Bank/Network Error,9,0,1,110703.38,1
TXN-18853,CUST-2089,3404.97,Credit Card,Authentication Failed,8,0,1,21930.67,0
TXN-18854,CUST-1979,10750.74,Credit Card,Card Expired,13,1,1,58335.28,1
TXN-18855,CUST-1175,7812.34,UPI,Insufficient Funds,7,1,2,84448.83,0
TXN-18856,CUST-2382,5646.39,Credit Card,Payment Gateway Timeout,12,1,1,62800.84,1
TXN-18857,CUST-2856,8082.78,Wallet,Insufficient Funds,6,1,1,71596.0,0
TXN-18858,CUST-3388,3285.01,Credit Card,Insufficient Funds,11,0,1,93527.56,0
TXN-18859,CUST-2284,7449.55,UPI,Temporary Bank/Network Error,10,0,1,82407.79,1
TXN-18860,CUST-1699,3574.66,UPI,Card Expired,11,1,2,45172.67,1
TXN-18861,CUST-3311,3143.38,Net Banking,Temporary Bank/Network Error,14,0,3,58409.86,1
TXN-18862,CUST-3401,9792.95,Debit Card,Temporary Bank/Network Error,9,0,0,132192.82,1
TXN-18863,CUST-3388,7868.66,Debit Card,Temporary Bank/Network Error,6,0,2,52086.22,0
TXN-18864,CUST-3008,3367.36,UPI,Payment Gateway Timeout,4,1,0,49871.09,1
TXN-18865,CUST-3356,4406.88,Credit Card,Card Expired,9,1,3,69238.7,0
TXN-18866,CUST-3096,23596.86,Debit Card,Authentication Failed,9,0,3,68796.66,0
TXN-18867,CUST-2928,5156.0,Credit Card,Payment Gateway Timeout,5,0,1,43195.76,0
TXN-18868,CUST-2920,6733.89,Net Banking,Payment Gateway Timeout,12,0,1,66777.6,1
TXN-18869,CUST-2849,4639.22,Credit Card,Authentication Failed,7,1,0,94182.76,1
TXN-18870,CUST-2657,5911.36,UPI,Temporary Bank/Network Error,13,1,2,133840.2,1
TXN-18871,CUST-1772,3125.0,UPI,Insufficient Funds,10,1,2,163598.54,1
TXN-18872,CUST-1357,5504.11,UPI,Insufficient Funds,6,1,0,138167.44,1
TXN-18873,CUST-2109,5075.11,Wallet,Insufficient Funds,6,0,0,72843.33,0
TXN-18874,CUST-2735,4484.62,UPI,Authentication Failed,3,0,1,123188.91,0
TXN-18875,CUST-2442,12340.34,Net Banking,Payment Gateway Timeout,7,1,3,72319.89,1
TXN-18876,CUST-2553,5919.42,Credit Card,Insufficient Funds,4,1,1,66372.18,0
TXN-18877,CUST-1951,4334.34,UPI,Authentication Failed,6,1,0,77657.61,1
TXN-18878,CUST-2933,7450.17,Wallet,Temporary Bank/Network Error,4,0,2,48513.33,0
TXN-18879,CUST-3181,7484.62,Debit Card,Authentication Failed,2,1,3,85913.9,0
TXN-18880,CUST-1661,8065.57,Credit Card,Insufficient Funds,7,0,1,260474.65,0
TXN-18881,CUST-1506,6374.62,Credit Card,Authentication Failed,9,1,1,74157.05,1
TXN-18882,CUST-1506,6381.64,UPI,Temporary Bank/Network Error,6,0,1,62048.4,1
TXN-18883,CUST-1909,4834.69,UPI,Authentication Failed,7,0,1,68093.99,0
TXN-18884,CUST-1968,10142.66,Net Banking,Temporary Bank/Network Error,7,0,2,106551.27,0
TXN-18885,CUST-1961,5632.2,Credit Card,Temporary Bank/Network Error,5,1,3,53073.96,1
TXN-18886,CUST-2155,3034.12,Credit Card,Insufficient Funds,7,1,1,88196.34,0
TXN-18887,CUST-1273,5548.83,Credit Card,Authentication Failed,10,0,0,82671.69,0
TXN-18888,CUST-2642,5285.01,Debit Card,Temporary Bank/Network Error,8,1,2,64897.9,1
TXN-18889,CUST-2867,3715.12,Net Banking,Authentication Failed,12,0,0,127122.24,1
TXN-18890,CUST-1167,4983.02,UPI,Payment Gateway Timeout,4,1,1,73897.3,1
TXN-18891,CUST-2226,7045.39,Credit Card,Payment Gateway Timeout,13,0,1,50104.28,1
TXN-18892,CUST-2962,8374.41,UPI,Temporary Bank/Network Error,6,0,2,72959.16,0
TXN-18893,CUST-1167,12862.43,Credit Card,Authentication Failed,5,0,1,51295.6,0
TXN-18894,CUST-1138,5912.09,Credit Card,Insufficient Funds,6,1,1,63902.75,0
TXN-18895,CUST-2704,2431.32,Net Banking,Temporary Bank/Network Error,8,1,1,88154.09,1
TXN-18896,CUST-1987,4999.13,Credit Card,Temporary Bank/Network Error,7,0,0,104965.75,1
TXN-18897,CUST-3383,4043.87,Credit Card,Temporary Bank/Network Error,8,0,1,58140.42,1
TXN-18898,CUST-3370,4761.87,Credit Card,Authentication Failed,17,1,0,124296.76,1
TXN-18899,CUST-1076,11986.72,Credit Card,Authentication Failed,1,0,2,73722.02,0
TXN-18900,CUST-3439,6442.59,Debit Card,Payment Gateway Timeout,9,1,2,51954.03,1
TXN-18901,CUST-1084,6874.8,UPI,Temporary Bank/Network Error,8,0,1,256101.01,1
TXN-18902,CUST-2235,11802.81,Credit Card,Authentication Failed,9,0,1,40825.9,0
TXN-18903,CUST-2498,4982.52,UPI,Insufficient Funds,6,0,0,87767.12,0
TXN-18904,CUST-2158,8800.94,Net Banking,Temporary Bank/Network Error,8,0,0,102777.09,1
TXN-18905,CUST-2611,7456.81,UPI,Temporary Bank/Network Error,7,0,2,68378.39,0
TXN-18906,CUST-1108,5934.87,Credit Card,Authentication Failed,10,0,1,116167.74,0
TXN-18907,CUST-2242,8268.14,Credit Card,Insufficient Funds,7,0,1,65508.99,0
TXN-18908,CUST-2595,21955.68,Debit Card,Payment Gateway Timeout,8,1,1,84908.22,1
TXN-18909,CUST-1341,15174.97,Credit Card,Authentication Failed,9,1,1,89317.75,1
TXN-18910,CUST-2151,5338.04,UPI,Insufficient Funds,9,0,2,96738.31,0
TXN-18911,CUST-3102,9282.16,UPI,Temporary Bank/Network Error,5,1,2,129310.67,1
TXN-18912,CUST-1400,10186.29,UPI,Insufficient Funds,16,1,1,128389.37,1
TXN-18913,CUST-2261,2712.94,UPI,Card Expired,7,0,0,268278.52,0
TXN-18914,CUST-3145,6926.56,Net Banking,Authentication Failed,4,0,3,89512.47,1
TXN-18915,CUST-1826,8710.91,Credit Card,Temporary Bank/Network Error,10,0,1,38874.97,1
TXN-18916,CUST-2226,11270.55,Credit Card,Temporary Bank/Network Error,7,1,2,66434.61,1
TXN-18917,CUST-3227,5205.37,UPI,Temporary Bank/Network Error,8,0,1,103983.32,1
TXN-18918,CUST-3073,8417.93,Credit Card,Temporary Bank/Network Error,4,0,1,37555.49,0
TXN-18919,CUST-1995,10870.47,UPI,Temporary Bank/Network Error,6,1,1,97954.61,1
TXN-18920,CUST-2402,18605.2,UPI,Payment Gateway Timeout,6,1,2,92587.68,1
TXN-18921,CUST-1483,11008.62,UPI,Insufficient Funds,11,0,1,51056.73,0
TXN-18922,CUST-2805,2907.34,Credit Card,Insufficient Funds,8,0,1,66020.55,0
TXN-18923,CUST-1129,4067.87,Net Banking,Insufficient Funds,6,1,2,138491.14,0
TXN-18924,CUST-1750,10698.19,Credit Card,Insufficient Funds,8,0,2,113452.92,0
TXN-18925,CUST-1445,3184.76,Credit Card,Payment Gateway Timeout,7,1,2,38408.35,1
TXN-18926,CUST-2821,15234.23,UPI,Insufficient Funds,8,0,1,38069.5,0
TXN-18927,CUST-3228,23300.22,Debit Card,Temporary Bank/Network Error,13,1,1,88787.59,1
TXN-18928,CUST-2054,5564.69,Debit Card,Payment Gateway Timeout,8,0,0,38025.74,1
TXN-18929,CUST-1834,4263.75,UPI,Insufficient Funds,8,1,2,75748.02,0
TXN-18930,CUST-2232,13136.81,UPI,Authentication Failed,3,1,0,50517.26,0
TXN-18931,CUST-1187,7649.2,Credit Card,Temporary Bank/Network Error,11,1,1,56343.42,1
TXN-18932,CUST-1456,6209.3,Debit Card,Card Expired,8,1,0,51285.36,0
TXN-18933,CUST-3092,11574.0,UPI,Temporary Bank/Network Error,7,1,2,35211.87,1
TXN-18934,CUST-3111,5632.9,Credit Card,Payment Gateway Timeout,3,1,1,35135.28,1
TXN-18935,CUST-1429,5091.39,Debit Card,Insufficient Funds,9,0,3,176025.69,0
TXN-18936,CUST-1753,8866.83,Credit Card,Insufficient Funds,9,1,2,67086.64,0
TXN-18937,CUST-2708,7040.38,Credit Card,Authentication Failed,11,0,3,36524.85,0
TXN-18938,CUST-3408,9405.66,UPI,Card Expired,8,1,1,135577.04,1
TXN-18939,CUST-2272,10075.11,UPI,Authentication Failed,7,1,1,175837.78,1
TXN-18940,CUST-2289,4970.13,Debit Card,Insufficient Funds,6,0,2,57152.06,0
TXN-18941,CUST-1675,10143.36,Net Banking,Authentication Failed,9,0,0,54672.0,0
TXN-18942,CUST-1720,9490.22,Credit Card,Insufficient Funds,6,1,1,77814.72,0
TXN-18943,CUST-2450,12310.12,Credit Card,Payment Gateway Timeout,8,1,0,48565.9,1
TXN-18944,CUST-2079,5398.75,Credit Card,Temporary Bank/Network Error,8,1,1,52268.35,1
TXN-18945,CUST-2804,9425.69,Credit Card,Insufficient Funds,9,1,2,83221.36,0
TXN-18946,CUST-3122,7067.72,Credit Card,Insufficient Funds,12,1,1,35726.67,1
TXN-18947,CUST-3020,4523.05,UPI,Insufficient Funds,8,0,1,85811.41,0
TXN-18948,CUST-2402,7212.82,Debit Card,Temporary Bank/Network Error,12,1,5,58576.41,1
TXN-18949,CUST-2299,2955.96,Debit Card,Temporary Bank/Network Error,8,0,1,68360.98,1
TXN-18950,CUST-2261,3126.33,Credit Card,Authentication Failed,10,1,2,44156.55,1
TXN-18951,CUST-2246,5254.1,Debit Card,Payment Gateway Timeout,8,0,0,75489.4,1
TXN-18952,CUST-2018,11306.93,Wallet,Temporary Bank/Network Error,10,1,0,60736.48,1
TXN-18953,CUST-2176,6165.52,Debit Card,Temporary Bank/Network Error,5,1,2,198987.72,1
TXN-18954,CUST-1489,10170.87,UPI,Insufficient Funds,8,0,2,58792.02,0
TXN-18955,CUST-1750,11461.71,Credit Card,Insufficient Funds,6,1,1,188439.7,0
TXN-18956,CUST-1675,4377.02,UPI,Insufficient Funds,7,1,2,95543.68,0
TXN-18957,CUST-1365,7830.18,Debit Card,Card Expired,6,0,2,112746.55,0
TXN-18958,CUST-2292,13420.9,Debit Card,Authentication Failed,7,0,2,63540.25,0
TXN-18959,CUST-2912,3328.79,Credit Card,Card Expired,6,1,2,68522.78,0
TXN-18960,CUST-1843,8574.97,UPI,Authentication Failed,7,0,1,90864.57,0
TXN-18961,CUST-3437,3790.01,Debit Card,Authentication Failed,3,1,2,113702.87,0
TXN-18962,CUST-1814,3415.5,Wallet,Authentication Failed,6,1,3,135058.02,0
TXN-18963,CUST-2710,5898.53,Net Banking,Temporary Bank/Network Error,8,1,2,90587.48,1
TXN-18964,CUST-1801,6848.05,Net Banking,Insufficient Funds,4,0,1,98223.98,0
TXN-18965,CUST-2768,4329.21,Debit Card,Authentication Failed,5,1,1,92848.02,0
TXN-18966,CUST-3369,6743.25,UPI,Authentication Failed,9,1,3,154457.03,0
TXN-18967,CUST-2493,1512.75,Debit Card,Payment Gateway Timeout,8,0,1,28180.67,1
TXN-18968,CUST-2401,9841.0,Wallet,Insufficient Funds,12,0,2,123829.0,0
TXN-18969,CUST-1817,1758.16,Debit Card,Payment Gateway Timeout,11,0,1,53269.91,1
TXN-18970,CUST-2653,7922.15,Credit Card,Authentication Failed,11,1,1,27475.55,1
TXN-18971,CUST-2552,7316.98,Debit Card,Temporary Bank/Network Error,5,0,4,51898.08,0
TXN-18972,CUST-3112,4831.92,UPI,Authentication Failed,8,1,2,111243.16,1
TXN-18973,CUST-1604,27542.14,Wallet,Temporary Bank/Network Error,8,1,3,43055.59,1
TXN-18974,CUST-1005,8661.78,Wallet,Temporary Bank/Network Error,11,1,0,91364.13,1
TXN-18975,CUST-2376,4107.63,Debit Card,Temporary Bank/Network Error,9,1,0,28735.59,1
TXN-18976,CUST-1575,5437.85,Credit Card,Insufficient Funds,4,0,0,94325.53,0
TXN-18977,CUST-3271,4711.08,Net Banking,Insufficient Funds,5,1,0,69752.1,1
TXN-18978,CUST-2571,4840.74,Credit Card,Insufficient Funds,11,1,2,85218.85,1
TXN-18979,CUST-1931,3979.55,Credit Card,Temporary Bank/Network Error,8,0,0,56214.9,1
TXN-18980,CUST-3248,3491.87,Debit Card,Card Expired,6,0,0,82978.66,0
TXN-18981,CUST-1579,6846.98,Credit Card,Temporary Bank/Network Error,7,1,2,105182.26,1
TXN-18982,CUST-2854,7640.82,UPI,Insufficient Funds,6,1,1,58894.25,0
TXN-18983,CUST-2879,5846.66,UPI,Temporary Bank/Network Error,13,1,0,41178.1,1
TXN-18984,CUST-2468,3654.36,UPI,Authentication Failed,6,1,0,109825.28,1
TXN-18985,CUST-1778,22941.77,Debit Card,Temporary Bank/Network Error,9,1,3,143023.0,1
TXN-18986,CUST-1665,9576.36,Credit Card,Payment Gateway Timeout,8,0,1,110887.91,1
TXN-18987,CUST-2517,3272.38,Credit Card,Card Expired,8,1,1,80998.18,0
TXN-18988,CUST-1611,13598.88,Debit Card,Insufficient Funds,10,0,2,25602.85,0
TXN-18989,CUST-1410,3173.57,Net Banking,Authentication Failed,10,0,1,185190.07,0
TXN-18990,CUST-1742,6994.93,Debit Card,Insufficient Funds,6,1,3,85902.14,0
TXN-18991,CUST-2091,8170.65,Net Banking,Card Expired,10,1,4,130659.95,0
TXN-18992,CUST-3038,5604.46,UPI,Temporary Bank/Network Error,10,0,1,81783.09,1
TXN-18993,CUST-1985,2903.64,Debit Card,Insufficient Funds,6,1,2,41348.69,0
TXN-18994,CUST-1984,7125.83,UPI,Insufficient Funds,9,0,1,62136.46,0
TXN-18995,CUST-1245,6633.88,Net Banking,Temporary Bank/Network Error,6,0,1,46758.09,0
TXN-18996,CUST-3206,9972.78,Credit Card,Insufficient Funds,2,0,1,37425.23,0
TXN-18997,CUST-2992,12239.91,Credit Card,Temporary Bank/Network Error,6,0,0,53363.83,1
TXN-18998,CUST-2648,7649.83,Wallet,Temporary Bank/Network Error,8,0,0,69819.85,1
TXN-18999,CUST-1189,19361.83,Debit Card,Authentication Failed,6,1,4,67218.98,0
TXN-19000,CUST-1906,5054.12,UPI,Authentication Failed,8,0,0,105710.98,0
TXN-19001,CUST-1091,15284.15,UPI,Authentication Failed,10,0,3,51544.6,0
TXN-19002,CUST-3240,2387.75,Credit Card,Insufficient Funds,12,1,0,104927.08,1
TXN-19003,CUST-2508,6441.15,Debit Card,Card Expired,9,1,1,37015.14,0
TXN-19004,CUST-2065,9137.71,Net Banking,Temporary Bank/Network Error,7,1,0,86665.27,1
TXN-19005,CUST-1288,4328.63,UPI,Temporary Bank/Network Error,9,0,3,65813.96,1
TXN-19006,CUST-1875,10000.57,Wallet,Authentication Failed,11,0,2,107001.37,0
TXN-19007,CUST-3457,5059.98,Net Banking,Payment Gateway Timeout,7,0,0,42085.87,0
TXN-19008,CUST-3341,5949.23,Credit Card,Payment Gateway Timeout,4,0,0,64030.06,0
TXN-19009,CUST-3112,14428.64,UPI,Temporary Bank/Network Error,9,0,1,160744.41,1
TXN-19010,CUST-2409,6836.59,UPI,Insufficient Funds,13,1,3,134527.22,1
TXN-19011,CUST-3102,3603.4,UPI,Card Expired,3,0,4,32669.03,0
TXN-19012,CUST-1157,5884.82,Net Banking,Temporary Bank/Network Error,8,1,0,110410.93,1
TXN-19013,CUST-1290,10413.96,Debit Card,Payment Gateway Timeout,13,1,2,229464.01,1
TXN-19014,CUST-3452,7175.92,Net Banking,Card Expired,13,1,3,154024.56,1
TXN-19015,CUST-1620,10602.74,Debit Card,Temporary Bank/Network Error,4,1,1,53875.68,1
TXN-19016,CUST-3456,10585.41,Credit Card,Temporary Bank/Network Error,8,1,0,79921.73,1
TXN-19017,CUST-3131,6885.61,UPI,Temporary Bank/Network Error,4,1,2,127886.15,1
TXN-19018,CUST-1609,4332.3,UPI,Payment Gateway Timeout,11,1,1,79763.49,1
TXN-19019,CUST-3417,8612.35,UPI,Temporary Bank/Network Error,10,0,1,43552.33,1
TXN-19020,CUST-2027,8282.33,Debit Card,Insufficient Funds,8,1,1,47997.19,0
TXN-19021,CUST-3398,13901.31,UPI,Insufficient Funds,11,1,2,50560.32,1
TXN-19022,CUST-1201,10060.25,Wallet,Authentication Failed,8,0,2,136213.87,0
TXN-19023,CUST-2749,3953.16,Debit Card,Insufficient Funds,7,0,2,64704.79,0
TXN-19024,CUST-2473,8129.7,UPI,Authentication Failed,10,0,4,41951.12,0
TXN-19025,CUST-2372,3392.0,Credit Card,Authentication Failed,9,1,3,71128.21,0
TXN-19026,CUST-2402,4436.85,Wallet,Authentication Failed,2,1,1,30684.06,0
TXN-19027,CUST-3361,6613.68,Debit Card,Temporary Bank/Network Error,6,1,1,71122.87,1
TXN-19028,CUST-1308,4392.35,Debit Card,Insufficient Funds,7,1,2,168031.6,0
TXN-19029,CUST-1858,10620.26,Wallet,Temporary Bank/Network Error,11,1,0,124371.25,1
TXN-19030,CUST-1248,9450.4,UPI,Card Expired,7,1,2,45478.9,0
TXN-19031,CUST-3428,6725.14,Wallet,Temporary Bank/Network Error,9,0,0,86134.34,1
TXN-19032,CUST-1801,6368.91,Debit Card,Insufficient Funds,19,0,0,64795.0,1
TXN-19033,CUST-1167,7886.72,Debit Card,Payment Gateway Timeout,8,0,2,63824.63,0
TXN-19034,CUST-2836,2736.67,Credit Card,Insufficient Funds,11,0,0,49479.99,0
TXN-19035,CUST-1961,6071.5,Credit Card,Temporary Bank/Network Error,8,1,0,53714.47,1
TXN-19036,CUST-1519,4218.49,UPI,Authentication Failed,11,1,4,56149.37,0
TXN-19037,CUST-2179,4838.85,Credit Card,Temporary Bank/Network Error,12,1,0,82519.46,1
TXN-19038,CUST-1408,2304.68,Credit Card,Temporary Bank/Network Error,12,0,2,92451.53,1
TXN-19039,CUST-3222,5184.66,Credit Card,Temporary Bank/Network Error,12,1,1,62672.99,1
TXN-19040,CUST-3281,12547.79,Net Banking,Temporary Bank/Network Error,9,0,2,81790.74,1
TXN-19041,CUST-3434,6549.42,UPI,Temporary Bank/Network Error,7,1,2,99596.35,1
TXN-19042,CUST-1287,12072.78,Credit Card,Temporary Bank/Network Error,10,0,1,42400.52,1
TXN-19043,CUST-1289,5567.44,Credit Card,Insufficient Funds,7,1,5,53504.13,0
TXN-19044,CUST-1691,4803.27,Wallet,Insufficient Funds,8,1,1,101350.92,1
TXN-19045,CUST-3207,3585.44,Debit Card,Authentication Failed,3,0,0,28505.07,0
TXN-19046,CUST-1801,9883.47,Wallet,Insufficient Funds,7,0,3,53927.22,0
TXN-19047,CUST-1498,15397.92,Debit Card,Insufficient Funds,9,0,0,27676.55,0
TXN-19048,CUST-2557,6855.82,Debit Card,Insufficient Funds,11,1,3,167064.8,1
TXN-19049,CUST-1355,6999.0,UPI,Authentication Failed,8,1,4,72432.23,0
TXN-19050,CUST-2770,3588.54,Credit Card,Insufficient Funds,8,0,2,92500.03,0
TXN-19051,CUST-1474,10899.87,Wallet,Payment Gateway Timeout,11,1,1,61011.67,1
TXN-19052,CUST-1017,24962.84,Debit Card,Authentication Failed,9,0,3,51811.71,0
TXN-19053,CUST-3010,7652.53,Wallet,Insufficient Funds,4,0,2,99988.5,0
TXN-19054,CUST-2202,4528.17,Net Banking,Temporary Bank/Network Error,5,1,2,142932.49,1
TXN-19055,CUST-2556,7554.55,Debit Card,Temporary Bank/Network Error,5,0,0,149931.6,1
TXN-19056,CUST-2699,7953.02,UPI,Payment Gateway Timeout,7,0,0,54417.06,1
TXN-19057,CUST-2099,11733.18,Debit Card,Authentication Failed,5,0,0,108634.34,0
TXN-19058,CUST-1992,3686.93,UPI,Payment Gateway Timeout,8,1,1,107629.78,1
TXN-19059,CUST-3348,9704.07,UPI,Insufficient Funds,7,0,1,83352.1,0
TXN-19060,CUST-2648,5672.11,UPI,Authentication Failed,9,0,1,101484.72,0
TXN-19061,CUST-1539,6976.08,UPI,Authentication Failed,5,0,1,74990.01,0
TXN-19062,CUST-1523,5306.96,Credit Card,Payment Gateway Timeout,8,1,1,48660.93,1
TXN-19063,CUST-2168,2765.67,Net Banking,Authentication Failed,4,1,0,81900.34,0
TXN-19064,CUST-1361,4788.11,UPI,Temporary Bank/Network Error,10,1,2,47034.8,1
TXN-19065,CUST-2396,6975.6,Debit Card,Temporary Bank/Network Error,8,1,1,89087.37,1
TXN-19066,CUST-1063,6249.26,Credit Card,Payment Gateway Timeout,4,1,1,86490.58,1
TXN-19067,CUST-2264,17692.0,UPI,Card Expired,7,1,3,73413.76,0
TXN-19068,CUST-1109,7966.79,Debit Card,Payment Gateway Timeout,7,0,1,53277.7,0
TXN-19069,CUST-3371,5561.7,UPI,Payment Gateway Timeout,7,0,0,97236.2,1
TXN-19070,CUST-1967,2251.42,Credit Card,Payment Gateway Timeout,5,1,0,36209.4,1
TXN-19071,CUST-2962,4156.97,UPI,Authentication Failed,5,0,2,64406.69,0
TXN-19072,CUST-2787,7579.79,Credit Card,Temporary Bank/Network Error,7,1,2,181235.42,1
TXN-19073,CUST-3131,5562.8,UPI,Temporary Bank/Network Error,8,1,1,75121.01,1
TXN-19074,CUST-1455,5692.97,UPI,Insufficient Funds,8,1,2,55308.4,0
TXN-19075,CUST-1262,2885.52,UPI,Payment Gateway Timeout,8,1,2,56221.12,1
TXN-19076,CUST-1403,6693.42,UPI,Insufficient Funds,9,1,1,85552.8,1
TXN-19077,CUST-2274,2913.22,Credit Card,Card Expired,7,1,2,89698.4,0
TXN-19078,CUST-1232,10453.68,Net Banking,Authentication Failed,10,1,2,86020.12,1
TXN-19079,CUST-1963,9093.96,Wallet,Card Expired,9,0,0,63517.41,0
TXN-19080,CUST-1280,3604.42,Net Banking,Authentication Failed,8,1,1,99847.06,1
TXN-19081,CUST-1856,6436.4,UPI,Payment Gateway Timeout,10,1,3,99942.96,1
TXN-19082,CUST-2013,13120.73,Debit Card,Temporary Bank/Network Error,10,0,2,96458.84,1
TXN-19083,CUST-2631,9271.36,Debit Card,Temporary Bank/Network Error,10,1,1,86491.68,1
TXN-19084,CUST-1326,7702.94,Debit Card,Insufficient Funds,12,0,2,52500.24,0
TXN-19085,CUST-1483,4405.66,Net Banking,Temporary Bank/Network Error,4,1,0,73096.72,1
TXN-19086,CUST-1315,4484.79,Credit Card,Insufficient Funds,9,1,1,70438.36,1
TXN-19087,CUST-1472,9158.51,Credit Card,Temporary Bank/Network Error,9,1,0,33969.72,1
TXN-19088,CUST-1150,5902.25,UPI,Payment Gateway Timeout,8,1,0,80467.85,1
TXN-19089,CUST-1155,21735.29,Wallet,Payment Gateway Timeout,5,0,0,50784.51,0
TXN-19090,CUST-2181,1829.07,UPI,Authentication Failed,9,0,4,38569.06,0
TXN-19091,CUST-2648,4873.08,Debit Card,Authentication Failed,7,0,1,72889.79,0
TXN-19092,CUST-1558,4028.31,Wallet,Payment Gateway Timeout,8,1,1,59157.9,1
TXN-19093,CUST-2637,6382.54,Debit Card,Insufficient Funds,10,1,2,46062.67,0
TXN-19094,CUST-2476,5146.76,Credit Card,Payment Gateway Timeout,7,0,0,130003.14,1
TXN-19095,CUST-2104,11150.08,UPI,Insufficient Funds,7,1,0,39101.35,1
TXN-19096,CUST-1632,13289.82,Net Banking,Insufficient Funds,4,1,3,51325.15,0
TXN-19097,CUST-2584,16629.56,Net Banking,Payment Gateway Timeout,12,1,2,54554.46,1
TXN-19098,CUST-1552,20502.04,UPI,Insufficient Funds,4,0,0,159057.35,0
TXN-19099,CUST-1403,3290.3,UPI,Authentication Failed,6,0,1,80866.19,0
TXN-19100,CUST-1908,4330.39,Net Banking,Insufficient Funds,5,0,1,153876.55,0
TXN-19101,CUST-2629,18052.83,Debit Card,Temporary Bank/Network Error,10,0,1,56912.61,1
TXN-19102,CUST-3117,10706.7,Wallet,Temporary Bank/Network Error,10,0,4,48785.34,0
TXN-19103,CUST-3470,6596.03,Credit Card,Insufficient Funds,8,1,1,105598.46,1
TXN-19104,CUST-2641,8417.76,UPI,Temporary Bank/Network Error,6,0,2,50957.29,0
TXN-19105,CUST-1219,4028.07,Wallet,Temporary Bank/Network Error,14,1,1,189355.65,1
TXN-19106,CUST-3116,7719.77,UPI,Temporary Bank/Network Error,9,1,1,237055.59,1
TXN-19107,CUST-1047,7715.65,UPI,Authentication Failed,6,1,0,120226.1,1
TXN-19108,CUST-2439,13637.93,Net Banking,Payment Gateway Timeout,12,1,5,174120.42,1
TXN-19109,CUST-2161,9399.86,Credit Card,Temporary Bank/Network Error,8,0,2,39848.94,1
TXN-19110,CUST-2549,10967.02,Credit Card,Temporary Bank/Network Error,10,1,1,80129.62,1
TXN-19111,CUST-3145,6333.69,Credit Card,Temporary Bank/Network Error,12,0,1,158772.02,1
TXN-19112,CUST-3422,6741.52,Debit Card,Payment Gateway Timeout,9,1,1,90788.78,1
TXN-19113,CUST-1606,4657.95,UPI,Payment Gateway Timeout,10,1,0,104623.65,1
TXN-19114,CUST-3457,8414.99,UPI,Card Expired,9,1,2,84831.76,0
TXN-19115,CUST-2299,6050.56,Credit Card,Payment Gateway Timeout,5,0,2,138201.11,0
TXN-19116,CUST-2815,5888.31,Wallet,Temporary Bank/Network Error,6,0,3,21180.53,0
TXN-19117,CUST-1624,9114.84,Credit Card,Temporary Bank/Network Error,7,0,2,96146.99,0
TXN-19118,CUST-3134,3251.38,Credit Card,Temporary Bank/Network Error,7,0,3,36478.87,0
TXN-19119,CUST-1178,11246.15,UPI,Temporary Bank/Network Error,9,1,1,57500.75,1
TXN-19120,CUST-1299,14399.56,Credit Card,Insufficient Funds,16,0,2,61032.15,1
TXN-19121,CUST-2326,11337.56,Credit Card,Insufficient Funds,3,0,1,108192.1,0
TXN-19122,CUST-2151,3387.16,Debit Card,Payment Gateway Timeout,5,1,0,89287.09,1
TXN-19123,CUST-3137,11373.1,UPI,Insufficient Funds,9,1,3,83170.65,0
TXN-19124,CUST-1431,16998.7,Net Banking,Card Expired,9,0,1,101484.49,0
TXN-19125,CUST-1399,4028.99,UPI,Authentication Failed,5,1,1,95038.72,0
TXN-19126,CUST-3165,6943.1,Debit Card,Authentication Failed,8,1,0,65198.93,1
TXN-19127,CUST-1675,11735.54,UPI,Card Expired,9,0,1,66087.15,0
TXN-19128,CUST-1894,20380.9,UPI,Payment Gateway Timeout,10,1,1,61775.09,1
TXN-19129,CUST-3485,14586.01,Debit Card,Authentication Failed,11,1,2,87835.06,1
TXN-19130,CUST-3284,5226.59,Net Banking,Temporary Bank/Network Error,7,0,3,69136.25,0
TXN-19131,CUST-3413,9519.23,UPI,Temporary Bank/Network Error,3,1,3,73167.44,0
TXN-19132,CUST-3279,12093.71,Credit Card,Payment Gateway Timeout,11,0,0,75687.22,1
TXN-19133,CUST-3060,8722.34,Credit Card,Insufficient Funds,3,0,2,35670.55,0
TXN-19134,CUST-1823,6210.48,Wallet,Payment Gateway Timeout,11,0,1,63673.56,1
TXN-19135,CUST-3387,8009.17,Debit Card,Authentication Failed,4,1,4,51267.24,0
TXN-19136,CUST-3161,14322.83,UPI,Payment Gateway Timeout,5,1,2,77466.76,1
TXN-19137,CUST-2407,3423.42,UPI,Authentication Failed,9,0,1,92011.52,0
TXN-19138,CUST-1708,28093.01,UPI,Temporary Bank/Network Error,12,0,1,61914.13,1
TXN-19139,CUST-1317,7494.45,Debit Card,Insufficient Funds,3,0,2,74758.7,0
TXN-19140,CUST-1421,2846.28,Debit Card,Payment Gateway Timeout,11,0,3,103077.89,1
TXN-19141,CUST-3376,8974.84,Debit Card,Insufficient Funds,8,1,2,63975.93,0
TXN-19142,CUST-1792,8681.05,Net Banking,Authentication Failed,7,1,1,85696.7,0
TXN-19143,CUST-1745,5045.62,Credit Card,Temporary Bank/Network Error,11,0,2,48957.94,1
TXN-19144,CUST-3140,10259.41,Credit Card,Card Expired,9,1,0,61799.7,1
TXN-19145,CUST-2141,5613.4,UPI,Insufficient Funds,8,1,0,85517.98,1
TXN-19146,CUST-2416,13708.67,Wallet,Payment Gateway Timeout,10,0,1,45138.39,1
TXN-19147,CUST-2756,3644.59,UPI,Payment Gateway Timeout,10,1,2,133560.8,1
TXN-19148,CUST-2696,4347.8,UPI,Temporary Bank/Network Error,7,0,0,77002.64,1
TXN-19149,CUST-1560,5559.71,UPI,Payment Gateway Timeout,4,0,3,86471.08,0
TXN-19150,CUST-1336,10783.74,Debit Card,Insufficient Funds,5,0,1,91447.75,0
TXN-19151,CUST-1478,10058.55,Net Banking,Temporary Bank/Network Error,11,1,1,64258.6,1
TXN-19152,CUST-3293,6122.79,Net Banking,Insufficient Funds,8,0,4,74121.85,0
TXN-19153,CUST-2065,5504.49,Credit Card,Insufficient Funds,3,1,0,59102.87,0
TXN-19154,CUST-1712,10351.66,Credit Card,Card Expired,4,0,0,41062.67,0
TXN-19155,CUST-2621,3173.58,UPI,Payment Gateway Timeout,8,0,2,109832.66,0
TXN-19156,CUST-1938,5142.12,Wallet,Temporary Bank/Network Error,7,1,1,169657.19,1
TXN-19157,CUST-2083,5027.41,UPI,Authentication Failed,8,1,1,104614.61,1
TXN-19158,CUST-1516,2877.3,Credit Card,Card Expired,10,0,3,88620.9,0
TXN-19159,CUST-2013,13861.27,Credit Card,Insufficient Funds,8,0,1,83124.38,0
TXN-19160,CUST-1885,5072.0,Credit Card,Insufficient Funds,11,0,5,81137.2,0
TXN-19161,CUST-1557,12586.73,Debit Card,Temporary Bank/Network Error,5,1,0,44417.73,1
TXN-19162,CUST-2722,6607.19,Credit Card,Temporary Bank/Network Error,10,0,5,30139.89,0
TXN-19163,CUST-2796,7819.88,Credit Card,Insufficient Funds,8,1,6,224265.45,0
TXN-19164,CUST-1110,6994.62,Net Banking,Temporary Bank/Network Error,10,1,0,72729.04,1
TXN-19165,CUST-2829,16577.59,UPI,Insufficient Funds,5,0,3,68357.29,0
TXN-19166,CUST-1400,4613.57,Credit Card,Temporary Bank/Network Error,3,0,0,102043.83,0
TXN-19167,CUST-2063,3614.93,Credit Card,Temporary Bank/Network Error,8,0,5,97652.49,0
TXN-19168,CUST-1309,5402.6,UPI,Insufficient Funds,8,0,1,71839.98,0
TXN-19169,CUST-2961,4942.75,Credit Card,Insufficient Funds,11,1,2,117352.75,1
TXN-19170,CUST-3482,5019.58,Net Banking,Authentication Failed,4,0,4,43511.97,0
TXN-19171,CUST-1913,8287.45,Credit Card,Authentication Failed,10,0,1,34189.81,0
TXN-19172,CUST-1797,4693.82,Credit Card,Temporary Bank/Network Error,7,1,5,107304.13,1
TXN-19173,CUST-2621,9986.41,Credit Card,Temporary Bank/Network Error,8,0,0,128646.02,1
TXN-19174,CUST-2685,2367.7,Debit Card,Payment Gateway Timeout,11,0,1,72324.41,1
TXN-19175,CUST-3127,3419.87,Credit Card,Payment Gateway Timeout,13,1,3,38275.71,1
TXN-19176,CUST-2472,9905.69,Net Banking,Card Expired,13,0,3,42720.31,0
TXN-19177,CUST-3432,8930.56,Credit Card,Authentication Failed,5,1,0,135974.56,1
TXN-19178,CUST-1672,5333.12,Credit Card,Temporary Bank/Network Error,9,1,1,102314.54,1
TXN-19179,CUST-1810,6843.11,UPI,Temporary Bank/Network Error,5,0,0,48147.49,1
TXN-19180,CUST-1935,6553.75,Wallet,Temporary Bank/Network Error,6,0,1,80310.92,0
TXN-19181,CUST-1857,7628.37,Net Banking,Temporary Bank/Network Error,5,0,0,85850.87,0
TXN-19182,CUST-3334,9369.45,UPI,Temporary Bank/Network Error,7,1,1,162234.66,1
TXN-19183,CUST-2438,10113.09,UPI,Temporary Bank/Network Error,12,1,0,139292.02,1
TXN-19184,CUST-2325,6408.2,Debit Card,Temporary Bank/Network Error,6,0,5,64594.37,0
TXN-19185,CUST-3474,8046.44,UPI,Temporary Bank/Network Error,6,1,1,61441.82,1
TXN-19186,CUST-2867,10290.45,UPI,Temporary Bank/Network Error,12,0,5,68761.29,1
TXN-19187,CUST-1910,6039.45,Debit Card,Authentication Failed,7,0,0,54322.9,0
TXN-19188,CUST-2563,12503.31,Credit Card,Payment Gateway Timeout,10,0,0,46536.8,1
TXN-19189,CUST-2596,10368.09,UPI,Card Expired,9,1,2,112977.57,0
TXN-19190,CUST-2444,4687.52,Debit Card,Authentication Failed,5,1,2,65404.58,0
TXN-19191,CUST-3329,8546.36,UPI,Temporary Bank/Network Error,9,1,1,95496.84,1
TXN-19192,CUST-1175,5338.9,UPI,Card Expired,7,0,3,54449.84,0
TXN-19193,CUST-2837,3716.93,UPI,Insufficient Funds,11,1,2,166978.92,1
TXN-19194,CUST-3376,4176.21,Wallet,Payment Gateway Timeout,5,1,1,107398.42,1
TXN-19195,CUST-2580,3332.76,Credit Card,Authentication Failed,7,0,1,51544.15,0
TXN-19196,CUST-2791,20241.78,Credit Card,Temporary Bank/Network Error,4,0,0,59725.02,0
TXN-19197,CUST-2568,8953.22,UPI,Payment Gateway Timeout,8,1,2,161005.17,1
TXN-19198,CUST-2419,5375.16,UPI,Temporary Bank/Network Error,9,1,4,83445.54,1
TXN-19199,CUST-2032,5523.69,UPI,Payment Gateway Timeout,12,1,3,74591.68,1
TXN-19200,CUST-2636,3975.09,Credit Card,Insufficient Funds,6,1,2,105964.77,0
TXN-19201,CUST-1131,3063.27,Net Banking,Payment Gateway Timeout,8,0,0,89330.99,1
TXN-19202,CUST-1169,2614.17,UPI,Temporary Bank/Network Error,8,1,0,84663.35,1
TXN-19203,CUST-1567,13353.96,Debit Card,Insufficient Funds,8,1,1,77470.25,0
TXN-19204,CUST-3130,12491.9,Debit Card,Insufficient Funds,7,1,1,99602.47,0
TXN-19205,CUST-3267,11269.78,Credit Card,Insufficient Funds,8,1,2,35480.54,0
TXN-19206,CUST-1247,19742.29,UPI,Insufficient Funds,9,1,1,50981.15,1
TXN-19207,CUST-1749,4406.7,Credit Card,Insufficient Funds,7,0,0,79125.67,0
TXN-19208,CUST-3084,6177.88,Wallet,Payment Gateway Timeout,8,0,2,45849.38,0
TXN-19209,CUST-3109,5538.39,UPI,Authentication Failed,8,1,0,54225.42,1
TXN-19210,CUST-2601,4144.67,Debit Card,Temporary Bank/Network Error,10,1,1,32615.64,1
TXN-19211,CUST-2542,10077.83,UPI,Authentication Failed,8,0,1,71760.74,0
TXN-19212,CUST-2197,8069.66,Debit Card,Payment Gateway Timeout,9,0,1,82577.32,1
TXN-19213,CUST-2091,10248.75,Wallet,Temporary Bank/Network Error,13,0,1,92517.92,1
TXN-19214,CUST-2709,12737.67,Credit Card,Temporary Bank/Network Error,5,0,0,137884.82,1
TXN-19215,CUST-2635,6740.15,UPI,Insufficient Funds,10,0,2,33420.38,0
TXN-19216,CUST-1356,6668.06,Wallet,Temporary Bank/Network Error,6,0,1,51915.48,0
TXN-19217,CUST-3409,10631.57,Net Banking,Authentication Failed,12,0,0,31537.84,0
TXN-19218,CUST-2594,23318.68,Debit Card,Card Expired,10,1,0,39725.0,1
TXN-19219,CUST-3180,2898.28,Debit Card,Insufficient Funds,13,1,1,89028.17,1
TXN-19220,CUST-2921,5566.08,UPI,Authentication Failed,4,1,1,72895.9,0
TXN-19221,CUST-2255,3900.58,Debit Card,Payment Gateway Timeout,5,0,1,100239.7,0
TXN-19222,CUST-1539,6783.98,Credit Card,Insufficient Funds,7,0,0,166972.77,0
TXN-19223,CUST-1744,6043.12,UPI,Insufficient Funds,10,0,0,49512.38,0
TXN-19224,CUST-2208,13847.37,Debit Card,Temporary Bank/Network Error,4,1,2,248978.69,1
TXN-19225,CUST-3213,3068.74,Debit Card,Authentication Failed,5,1,0,65455.14,0
TXN-19226,CUST-1324,8693.77,Credit Card,Authentication Failed,13,1,1,111587.29,1
TXN-19227,CUST-3211,2812.64,Net Banking,Insufficient Funds,4,1,0,124080.61,0
TXN-19228,CUST-3132,3732.18,Wallet,Insufficient Funds,11,1,2,73548.53,1
TXN-19229,CUST-3245,5582.56,UPI,Temporary Bank/Network Error,5,0,1,153217.88,1
TXN-19230,CUST-1402,15820.94,UPI,Temporary Bank/Network Error,8,0,3,76169.79,0
TXN-19231,CUST-2728,15083.66,Debit Card,Payment Gateway Timeout,8,0,0,100806.26,1
TXN-19232,CUST-2305,4602.23,Wallet,Payment Gateway Timeout,9,1,2,88566.53,1
TXN-19233,CUST-2514,3944.04,Credit Card,Temporary Bank/Network Error,12,1,3,113851.46,1
TXN-19234,CUST-1343,2822.57,UPI,Authentication Failed,12,1,2,94068.78,1
TXN-19235,CUST-2922,10207.29,Credit Card,Authentication Failed,6,0,0,84887.39,0
TXN-19236,CUST-1160,10335.92,UPI,Temporary Bank/Network Error,16,1,2,244290.51,1
TXN-19237,CUST-2218,2894.32,Wallet,Temporary Bank/Network Error,9,0,1,109326.32,1
TXN-19238,CUST-1547,10559.15,Credit Card,Payment Gateway Timeout,6,1,2,52447.15,1
TXN-19239,CUST-2492,5723.46,UPI,Insufficient Funds,8,1,5,54665.18,0
TXN-19240,CUST-2930,10617.97,Debit Card,Payment Gateway Timeout,2,0,1,123833.67,0
TXN-19241,CUST-2900,9347.11,UPI,Authentication Failed,9,1,1,126252.06,1
TXN-19242,CUST-2496,5939.28,Credit Card,Insufficient Funds,10,0,2,162330.03,0
TXN-19243,CUST-2758,4831.71,Debit Card,Payment Gateway Timeout,7,0,0,70535.16,1
TXN-19244,CUST-1115,7160.3,Net Banking,Authentication Failed,11,0,0,100442.04,0
TXN-19245,CUST-2405,10955.16,UPI,Payment Gateway Timeout,4,1,6,85128.29,0
TXN-19246,CUST-1823,4185.93,UPI,Authentication Failed,13,0,1,69713.27,1
TXN-19247,CUST-2487,2849.27,UPI,Card Expired,7,1,2,69094.8,0
TXN-19248,CUST-1665,2971.24,UPI,Insufficient Funds,6,0,0,107204.46,0
TXN-19249,CUST-2732,14192.52,Credit Card,Temporary Bank/Network Error,5,0,2,123065.24,0
TXN-19250,CUST-3019,3375.5,UPI,Temporary Bank/Network Error,10,0,1,34042.32,1
TXN-19251,CUST-1946,5340.38,Credit Card,Temporary Bank/Network Error,5,1,2,123636.26,1
TXN-19252,CUST-1720,16163.54,Credit Card,Payment Gateway Timeout,13,1,0,85902.25,1
TXN-19253,CUST-3483,12084.22,Wallet,Card Expired,12,1,3,80734.74,1
TXN-19254,CUST-1323,5046.41,UPI,Insufficient Funds,7,0,0,71660.06,0
TXN-19255,CUST-2210,7709.48,Debit Card,Insufficient Funds,7,0,2,48822.76,0
TXN-19256,CUST-1642,5113.54,Debit Card,Insufficient Funds,5,0,1,33098.51,0
TXN-19257,CUST-3157,6528.62,UPI,Payment Gateway Timeout,8,1,0,62574.64,1
TXN-19258,CUST-2367,7919.6,UPI,Temporary Bank/Network Error,7,1,1,116735.12,1
TXN-19259,CUST-2777,9142.29,Debit Card,Insufficient Funds,12,1,1,103276.34,1
TXN-19260,CUST-1223,10819.28,UPI,Insufficient Funds,7,0,2,94000.89,0
TXN-19261,CUST-3135,4027.24,UPI,Insufficient Funds,4,1,1,73167.7,0
TXN-19262,CUST-1639,7365.65,Credit Card,Insufficient Funds,10,1,4,193655.57,0
TXN-19263,CUST-2617,4597.88,UPI,Insufficient Funds,8,1,1,228355.87,1
TXN-19264,CUST-3079,5436.81,UPI,Payment Gateway Timeout,4,0,1,85914.47,0
TXN-19265,CUST-2117,6494.02,UPI,Authentication Failed,8,0,2,60748.25,0
TXN-19266,CUST-2472,5526.41,Debit Card,Temporary Bank/Network Error,12,1,1,53569.35,1
TXN-19267,CUST-2422,9905.32,Wallet,Insufficient Funds,9,0,3,63176.23,0
TXN-19268,CUST-1826,2398.91,Net Banking,Insufficient Funds,9,1,1,46483.06,0
TXN-19269,CUST-3101,6601.14,UPI,Payment Gateway Timeout,9,0,2,133764.6,1
TXN-19270,CUST-2441,9363.43,Debit Card,Payment Gateway Timeout,6,0,1,215197.0,0
TXN-19271,CUST-2817,4806.63,Debit Card,Payment Gateway Timeout,5,1,2,86819.16,1
TXN-19272,CUST-1358,7407.93,UPI,Temporary Bank/Network Error,11,1,1,88173.0,1
TXN-19273,CUST-1965,3676.36,UPI,Payment Gateway Timeout,11,1,0,99883.02,1
TXN-19274,CUST-2115,3009.26,Debit Card,Authentication Failed,6,0,1,91498.47,0
TXN-19275,CUST-3345,5293.35,Net Banking,Temporary Bank/Network Error,10,1,0,142817.91,1
TXN-19276,CUST-2649,4330.85,UPI,Authentication Failed,7,0,0,78360.68,0
TXN-19277,CUST-2609,4427.94,UPI,Payment Gateway Timeout,13,1,2,73754.0,1
TXN-19278,CUST-2888,14918.41,UPI,Authentication Failed,5,0,0,63818.2,0
TXN-19279,CUST-3168,7228.78,Net Banking,Insufficient Funds,9,1,1,95163.64,1
TXN-19280,CUST-2978,3520.92,Credit Card,Card Expired,5,0,0,51958.53,0
TXN-19281,CUST-1791,14445.17,Credit Card,Temporary Bank/Network Error,10,0,0,48328.48,1
TXN-19282,CUST-2912,1869.71,Debit Card,Authentication Failed,9,0,4,57053.05,0
TXN-19283,CUST-2722,5036.03,Net Banking,Payment Gateway Timeout,7,0,2,29667.19,0
TXN-19284,CUST-1346,12061.99,Net Banking,Insufficient Funds,12,0,4,72730.11,0
TXN-19285,CUST-1671,15607.35,UPI,Card Expired,11,0,1,104227.04,0
TXN-19286,CUST-2120,12944.04,UPI,Payment Gateway Timeout,7,0,3,68574.12,0
TXN-19287,CUST-1976,4446.89,Credit Card,Temporary Bank/Network Error,8,1,2,43334.79,1
TXN-19288,CUST-2814,5981.82,Wallet,Insufficient Funds,10,0,0,55739.86,0
TXN-19289,CUST-2402,10006.77,Credit Card,Authentication Failed,4,1,0,53056.93,0
TXN-19290,CUST-3068,8582.89,Credit Card,Temporary Bank/Network Error,12,0,3,36366.28,1
TXN-19291,CUST-1575,12461.63,UPI,Insufficient Funds,8,1,1,68149.8,1
TXN-19292,CUST-2802,7065.48,Wallet,Temporary Bank/Network Error,7,1,0,84532.8,1
TXN-19293,CUST-2335,2343.84,UPI,Payment Gateway Timeout,14,1,2,19270.65,1
TXN-19294,CUST-2325,10778.65,Debit Card,Authentication Failed,7,0,0,70181.43,0
TXN-19295,CUST-1021,3185.49,UPI,Temporary Bank/Network Error,9,0,2,65178.86,1
TXN-19296,CUST-1734,5996.56,Credit Card,Authentication Failed,9,1,3,57642.75,0
TXN-19297,CUST-1464,5566.32,Debit Card,Temporary Bank/Network Error,6,0,2,300000.0,1
TXN-19298,CUST-1068,11621.52,Credit Card,Payment Gateway Timeout,10,1,0,42851.03,1
TXN-19299,CUST-3106,12530.22,Net Banking,Temporary Bank/Network Error,7,0,0,26803.69,1
TXN-19300,CUST-2113,4610.98,Wallet,Insufficient Funds,3,1,4,45320.43,0
TXN-19301,CUST-3054,2828.33,Credit Card,Insufficient Funds,9,1,3,78730.66,0
TXN-19302,CUST-1482,17239.35,UPI,Insufficient Funds,9,0,1,179223.05,0
TXN-19303,CUST-2681,8182.42,Debit Card,Insufficient Funds,8,0,3,38373.59,0
TXN-19304,CUST-1797,14509.02,Credit Card,Authentication Failed,8,0,3,42343.85,0
TXN-19305,CUST-3191,7994.88,Credit Card,Card Expired,7,1,2,141462.48,0
TXN-19306,CUST-3262,14851.07,Net Banking,Insufficient Funds,4,0,2,103646.39,0
TXN-19307,CUST-2565,8008.58,Wallet,Insufficient Funds,7,0,1,135791.27,0
TXN-19308,CUST-3470,5646.24,Credit Card,Temporary Bank/Network Error,3,0,1,67053.64,0
TXN-19309,CUST-2483,12724.38,Debit Card,Card Expired,9,1,1,42337.87,0
TXN-19310,CUST-2241,6921.31,UPI,Temporary Bank/Network Error,8,1,0,116077.19,1
TXN-19311,CUST-3352,3843.65,Debit Card,Temporary Bank/Network Error,11,1,1,58053.21,1
TXN-19312,CUST-3116,3182.48,Credit Card,Payment Gateway Timeout,10,0,3,77397.31,0
TXN-19313,CUST-2157,5409.02,Credit Card,Temporary Bank/Network Error,8,1,1,58498.11,1
TXN-19314,CUST-2130,5000.3,UPI,Insufficient Funds,7,0,2,33497.69,0
TXN-19315,CUST-2832,3605.83,Credit Card,Insufficient Funds,9,1,3,210849.95,1
TXN-19316,CUST-1633,6237.92,Credit Card,Insufficient Funds,4,1,5,59657.48,0
TXN-19317,CUST-2597,12869.45,UPI,Insufficient Funds,7,1,1,64435.46,0
TXN-19318,CUST-1207,19209.21,Net Banking,Insufficient Funds,5,0,1,56057.9,0
TXN-19319,CUST-2816,6998.48,Wallet,Insufficient Funds,5,1,1,70720.75,0
TXN-19320,CUST-2063,2903.26,Net Banking,Temporary Bank/Network Error,5,1,2,52374.36,1
TXN-19321,CUST-1367,5206.13,Credit Card,Insufficient Funds,10,1,1,34234.42,1
TXN-19322,CUST-2363,15364.0,Wallet,Card Expired,7,1,1,58562.64,0
TXN-19323,CUST-1075,5436.05,Debit Card,Insufficient Funds,11,0,2,21412.79,0
TXN-19324,CUST-2416,5602.08,Wallet,Authentication Failed,7,1,4,44960.0,0
TXN-19325,CUST-2146,8145.0,UPI,Payment Gateway Timeout,8,0,1,63194.65,1
TXN-19326,CUST-3463,16097.87,UPI,Temporary Bank/Network Error,3,1,1,108581.5,1
TXN-19327,CUST-1831,11352.41,UPI,Insufficient Funds,15,1,1,57525.6,1
TXN-19328,CUST-2100,3123.36,Debit Card,Temporary Bank/Network Error,8,1,4,58538.21,1
TXN-19329,CUST-1758,3187.21,UPI,Payment Gateway Timeout,9,0,2,36616.07,1
TXN-19330,CUST-1762,4360.86,UPI,Payment Gateway Timeout,14,1,1,46362.0,1
TXN-19331,CUST-1958,8727.39,Credit Card,Authentication Failed,6,1,4,64266.32,0
TXN-19332,CUST-2027,6413.23,Credit Card,Payment Gateway Timeout,6,1,2,66284.11,1
TXN-19333,CUST-3160,8108.36,Net Banking,Insufficient Funds,7,1,2,42943.43,0
TXN-19334,CUST-1902,7399.84,Debit Card,Temporary Bank/Network Error,6,0,1,40102.01,0
TXN-19335,CUST-2065,5476.9,Debit Card,Authentication Failed,8,0,1,227923.92,0
TXN-19336,CUST-1351,14574.44,UPI,Temporary Bank/Network Error,4,1,0,177528.51,1
TXN-19337,CUST-1162,5433.87,UPI,Temporary Bank/Network Error,14,0,3,53850.65,1
TXN-19338,CUST-1505,11783.31,Credit Card,Insufficient Funds,5,1,4,57558.19,0
TXN-19339,CUST-3328,5199.27,UPI,Temporary Bank/Network Error,8,0,2,116433.52,1
TXN-19340,CUST-1298,8212.14,Debit Card,Payment Gateway Timeout,7,1,1,118490.76,1
TXN-19341,CUST-3150,10290.12,UPI,Card Expired,14,0,3,72662.82,0
TXN-19342,CUST-1933,4427.03,Debit Card,Insufficient Funds,8,1,1,128650.71,1
TXN-19343,CUST-2603,10994.27,UPI,Payment Gateway Timeout,7,0,2,15184.83,0
TXN-19344,CUST-2260,8894.03,Credit Card,Authentication Failed,4,1,3,160457.07,0
TXN-19345,CUST-3062,2843.69,Credit Card,Temporary Bank/Network Error,5,0,4,123551.46,0
TXN-19346,CUST-3430,6283.37,Wallet,Payment Gateway Timeout,4,0,2,161976.24,0
TXN-19347,CUST-1283,5105.97,UPI,Temporary Bank/Network Error,9,1,3,85767.01,1
TXN-19348,CUST-2248,5696.71,UPI,Insufficient Funds,8,1,3,72216.64,0
TXN-19349,CUST-2970,3063.94,Debit Card,Authentication Failed,8,0,1,106949.08,0
TXN-19350,CUST-3129,12957.93,UPI,Payment Gateway Timeout,12,1,2,49858.91,1
TXN-19351,CUST-2190,13466.45,Credit Card,Temporary Bank/Network Error,11,1,2,60371.61,1
TXN-19352,CUST-3183,6058.21,Debit Card,Payment Gateway Timeout,9,0,4,32617.39,0
TXN-19353,CUST-2501,5326.15,Credit Card,Temporary Bank/Network Error,10,1,3,78047.12,1
TXN-19354,CUST-2950,9874.6,UPI,Payment Gateway Timeout,12,0,2,187127.79,1
TXN-19355,CUST-1772,10505.12,Debit Card,Payment Gateway Timeout,7,0,2,53627.77,0
TXN-19356,CUST-2838,5614.24,Credit Card,Card Expired,13,0,2,76648.73,0
TXN-19357,CUST-2148,9928.86,UPI,Payment Gateway Timeout,11,1,5,55204.78,1
TXN-19358,CUST-1222,8243.27,UPI,Card Expired,8,0,1,39765.71,0
TXN-19359,CUST-2106,5582.14,Credit Card,Temporary Bank/Network Error,11,1,2,70530.52,1
TXN-19360,CUST-1322,9866.74,UPI,Authentication Failed,4,1,2,58758.12,0
TXN-19361,CUST-2345,19907.76,UPI,Temporary Bank/Network Error,5,0,2,105220.33,0
TXN-19362,CUST-2849,9509.7,UPI,Temporary Bank/Network Error,8,1,0,83400.93,1
TXN-19363,CUST-1663,8541.77,UPI,Payment Gateway Timeout,6,1,0,101190.74,1
TXN-19364,CUST-1954,10098.46,Net Banking,Temporary Bank/Network Error,7,0,3,90053.96,0
TXN-19365,CUST-2395,3885.37,UPI,Insufficient Funds,9,0,1,39975.54,0
TXN-19366,CUST-2759,19213.44,UPI,Insufficient Funds,10,1,1,50377.22,1
TXN-19367,CUST-1469,5474.77,UPI,Insufficient Funds,6,1,0,108991.45,1
TXN-19368,CUST-2759,8849.61,UPI,Authentication Failed,5,1,4,46764.56,0
TXN-19369,CUST-1758,9412.82,Wallet,Authentication Failed,12,0,2,47952.74,0
TXN-19370,CUST-1574,4616.42,UPI,Insufficient Funds,15,1,1,74336.92,1
TXN-19371,CUST-3104,9805.67,Credit Card,Temporary Bank/Network Error,5,0,1,49618.6,0
TXN-19372,CUST-1943,7129.34,Credit Card,Authentication Failed,5,1,2,216249.13,0
TXN-19373,CUST-2720,6009.12,Credit Card,Authentication Failed,8,0,4,81906.5,0
TXN-19374,CUST-3321,4568.8,Credit Card,Insufficient Funds,15,0,4,85348.21,0
TXN-19375,CUST-1628,8377.95,UPI,Temporary Bank/Network Error,12,1,1,122677.12,1
TXN-19376,CUST-1396,15104.71,Net Banking,Temporary Bank/Network Error,6,1,2,120148.53,1
TXN-19377,CUST-2835,14956.59,Debit Card,Insufficient Funds,9,0,1,129169.66,0
TXN-19378,CUST-1020,8472.42,UPI,Insufficient Funds,6,1,1,54338.43,0
TXN-19379,CUST-3362,16661.21,UPI,Insufficient Funds,6,1,0,150980.61,1
TXN-19380,CUST-3335,15553.45,Wallet,Temporary Bank/Network Error,8,1,1,78848.15,1
TXN-19381,CUST-2969,8288.64,UPI,Authentication Failed,8,1,1,72926.51,1
TXN-19382,CUST-3111,5418.33,UPI,Temporary Bank/Network Error,5,1,0,81541.89,1
TXN-19383,CUST-1748,3882.83,Credit Card,Temporary Bank/Network Error,9,0,3,61823.1,0
TXN-19384,CUST-3303,8222.77,Credit Card,Temporary Bank/Network Error,7,0,1,83414.32,1
TXN-19385,CUST-1183,3962.57,UPI,Authentication Failed,7,1,0,195770.56,1
TXN-19386,CUST-2468,4420.91,Net Banking,Insufficient Funds,7,1,1,64638.66,0
TXN-19387,CUST-1188,4305.53,Credit Card,Authentication Failed,9,1,2,138051.74,1
TXN-19388,CUST-2347,4431.14,UPI,Temporary Bank/Network Error,10,1,1,122743.08,1
TXN-19389,CUST-2879,3900.14,UPI,Insufficient Funds,8,0,4,79343.22,0
TXN-19390,CUST-2972,6626.77,Debit Card,Card Expired,6,1,2,153601.72,0
TXN-19391,CUST-1404,11021.55,UPI,Temporary Bank/Network Error,13,1,2,34594.77,1
TXN-19392,CUST-3319,2577.93,UPI,Insufficient Funds,10,1,1,53819.88,1
TXN-19393,CUST-2738,9220.4,Net Banking,Card Expired,5,0,1,120607.06,0
TXN-19394,CUST-1932,4329.63,Credit Card,Authentication Failed,10,0,2,53541.75,0
TXN-19395,CUST-1758,3186.42,Debit Card,Insufficient Funds,8,0,1,55828.72,0
TXN-19396,CUST-2783,13207.9,Credit Card,Insufficient Funds,9,0,2,70409.82,0
TXN-19397,CUST-2545,7984.67,UPI,Temporary Bank/Network Error,7,0,1,58064.45,1
TXN-19398,CUST-3038,3474.25,UPI,Payment Gateway Timeout,5,0,2,71819.91,0
TXN-19399,CUST-1415,5343.34,Debit Card,Temporary Bank/Network Error,11,1,0,59462.53,1
TXN-19400,CUST-2120,19852.44,Credit Card,Temporary Bank/Network Error,10,0,1,125054.57,1
TXN-19401,CUST-2417,6026.96,UPI,Insufficient Funds,9,1,2,55537.04,1
TXN-19402,CUST-2676,13492.29,UPI,Temporary Bank/Network Error,6,0,4,71558.63,0
TXN-19403,CUST-3384,8470.75,Debit Card,Insufficient Funds,3,1,2,30165.77,1
TXN-19404,CUST-2602,4574.89,Credit Card,Authentication Failed,10,1,1,164171.05,1
TXN-19405,CUST-1103,5868.28,Debit Card,Temporary Bank/Network Error,8,0,1,145041.44,1
TXN-19406,CUST-1406,16720.88,UPI,Insufficient Funds,9,0,2,130947.15,0
TXN-19407,CUST-2564,2699.12,UPI,Payment Gateway Timeout,6,1,2,75374.9,1
TXN-19408,CUST-1336,4965.57,Net Banking,Insufficient Funds,13,1,3,85228.96,1
TXN-19409,CUST-2760,6170.38,UPI,Temporary Bank/Network Error,14,1,5,55087.32,1
TXN-19410,CUST-1198,9856.86,Net Banking,Insufficient Funds,7,1,4,128998.82,0
TXN-19411,CUST-3226,44794.67,Credit Card,Card Expired,13,1,1,111142.57,1
TXN-19412,CUST-3243,7392.42,Net Banking,Payment Gateway Timeout,10,0,1,99449.38,1
TXN-19413,CUST-3057,10023.14,Wallet,Temporary Bank/Network Error,10,1,2,115893.63,1
TXN-19414,CUST-1239,25948.92,Credit Card,Card Expired,9,1,0,58086.01,1
TXN-19415,CUST-2362,4156.19,UPI,Temporary Bank/Network Error,8,1,2,115870.55,1
TXN-19416,CUST-1634,2181.46,Wallet,Insufficient Funds,13,0,1,143798.02,1
TXN-19417,CUST-2184,8754.72,Credit Card,Temporary Bank/Network Error,7,0,3,54052.59,0
TXN-19418,CUST-3318,9573.2,Credit Card,Temporary Bank/Network Error,10,1,1,87994.29,1
TXN-19419,CUST-1356,9012.03,UPI,Card Expired,10,0,0,70764.93,0
TXN-19420,CUST-2457,6137.22,Credit Card,Insufficient Funds,6,1,3,92850.21,0
TXN-19421,CUST-2140,5635.5,UPI,Card Expired,8,0,1,23367.85,0
TXN-19422,CUST-2270,7720.22,Wallet,Temporary Bank/Network Error,8,1,2,49581.04,1
TXN-19423,CUST-1024,3079.56,Debit Card,Authentication Failed,7,1,3,54302.6,0
TXN-19424,CUST-1099,3751.05,Credit Card,Insufficient Funds,9,0,0,70979.06,0
TXN-19425,CUST-3472,11523.61,Credit Card,Insufficient Funds,8,1,2,83789.44,0
TXN-19426,CUST-2758,2105.9,UPI,Temporary Bank/Network Error,9,1,0,98756.76,1
TXN-19427,CUST-1458,5798.76,Wallet,Insufficient Funds,5,0,1,81066.56,0
TXN-19428,CUST-1461,9679.85,Debit Card,Payment Gateway Timeout,9,0,1,60985.04,1
TXN-19429,CUST-1899,5336.32,Credit Card,Payment Gateway Timeout,7,0,0,130202.03,1
TXN-19430,CUST-1713,6662.47,Net Banking,Authentication Failed,6,1,1,84168.21,0
TXN-19431,CUST-2460,7918.2,UPI,Insufficient Funds,8,1,2,60489.85,0
TXN-19432,CUST-1619,6711.2,Credit Card,Payment Gateway Timeout,11,0,1,27900.55,1
TXN-19433,CUST-2770,2811.99,Credit Card,Temporary Bank/Network Error,10,0,0,124882.86,1
TXN-19434,CUST-2690,4593.83,Credit Card,Insufficient Funds,8,1,0,130313.38,1
TXN-19435,CUST-2031,8905.62,Debit Card,Authentication Failed,9,0,1,32348.67,0
TXN-19436,CUST-1445,5647.38,Debit Card,Insufficient Funds,9,1,0,64810.39,1
TXN-19437,CUST-3345,8226.5,Credit Card,Authentication Failed,9,1,2,49759.42,0
TXN-19438,CUST-1053,5937.81,Debit Card,Payment Gateway Timeout,14,1,0,75126.42,1
TXN-19439,CUST-1142,11808.65,Credit Card,Insufficient Funds,7,0,0,35086.22,0
TXN-19440,CUST-2354,5118.52,UPI,Authentication Failed,7,1,3,68372.13,0
TXN-19441,CUST-2249,5135.6,Debit Card,Payment Gateway Timeout,6,1,2,54399.48,1
TXN-19442,CUST-1824,10003.93,Net Banking,Temporary Bank/Network Error,7,1,2,97231.05,1
TXN-19443,CUST-1815,1476.12,Wallet,Insufficient Funds,7,0,2,87504.15,0
TXN-19444,CUST-1559,10764.02,Debit Card,Authentication Failed,7,0,2,66474.08,0
TXN-19445,CUST-2483,4060.01,UPI,Payment Gateway Timeout,8,0,2,50982.34,0
TXN-19446,CUST-2116,5399.29,Credit Card,Card Expired,7,1,3,184437.16,0
TXN-19447,CUST-1415,8352.53,UPI,Temporary Bank/Network Error,5,1,0,35525.97,1
TXN-19448,CUST-2776,9570.98,Credit Card,Insufficient Funds,9,0,0,87113.56,0
TXN-19449,CUST-2621,3151.08,UPI,Authentication Failed,8,0,2,26295.92,0
TXN-19450,CUST-2845,7362.15,Debit Card,Payment Gateway Timeout,5,1,2,83193.08,1
TXN-19451,CUST-3191,2506.75,Debit Card,Authentication Failed,9,1,2,259533.58,1
TXN-19452,CUST-2016,19531.99,Debit Card,Temporary Bank/Network Error,8,1,3,53105.4,1
TXN-19453,CUST-2888,8703.63,Net Banking,Card Expired,7,1,1,122971.7,0
TXN-19454,CUST-3473,9145.61,Net Banking,Authentication Failed,10,0,2,82482.19,0
TXN-19455,CUST-1391,20934.2,Wallet,Temporary Bank/Network Error,7,1,0,165280.28,1
TXN-19456,CUST-1915,2915.49,UPI,Payment Gateway Timeout,13,1,0,74577.92,1
TXN-19457,CUST-1664,12097.43,Debit Card,Temporary Bank/Network Error,13,0,2,91752.75,1
TXN-19458,CUST-2962,7055.28,Net Banking,Insufficient Funds,4,1,2,44850.16,0
TXN-19459,CUST-2721,16201.11,Credit Card,Authentication Failed,11,0,0,66215.81,0
TXN-19460,CUST-3197,12935.18,UPI,Temporary Bank/Network Error,7,1,3,49942.5,1
TXN-19461,CUST-2641,4389.44,UPI,Insufficient Funds,6,0,0,85077.61,0
TXN-19462,CUST-2350,7003.1,Credit Card,Authentication Failed,7,0,3,124312.9,0
TXN-19463,CUST-2994,4050.28,UPI,Card Expired,7,0,0,73331.42,0
TXN-19464,CUST-2483,6989.26,UPI,Authentication Failed,8,0,1,112956.9,0
TXN-19465,CUST-2548,7330.37,UPI,Insufficient Funds,9,1,0,31445.72,1
TXN-19466,CUST-3076,10285.63,Credit Card,Temporary Bank/Network Error,3,1,1,124166.89,1
TXN-19467,CUST-1261,3968.1,Credit Card,Temporary Bank/Network Error,5,0,3,149655.89,0
TXN-19468,CUST-1569,3373.62,Credit Card,Insufficient Funds,6,1,2,85930.64,0
TXN-19469,CUST-2209,5287.7,UPI,Insufficient Funds,6,0,1,189308.14,0
TXN-19470,CUST-1701,10574.77,Net Banking,Temporary Bank/Network Error,9,1,0,70291.3,1
TXN-19471,CUST-1305,12674.65,UPI,Insufficient Funds,9,1,1,87477.41,1
TXN-19472,CUST-1698,6489.99,UPI,Temporary Bank/Network Error,9,1,0,59278.79,1
TXN-19473,CUST-1767,12580.59,UPI,Payment Gateway Timeout,9,1,1,144761.6,1
TXN-19474,CUST-1191,20798.97,UPI,Temporary Bank/Network Error,10,1,0,74536.13,1
TXN-19475,CUST-1664,5420.43,Net Banking,Authentication Failed,11,1,0,286546.6,1
TXN-19476,CUST-1764,4391.92,UPI,Payment Gateway Timeout,7,0,4,80670.04,0
TXN-19477,CUST-2387,14055.36,Net Banking,Authentication Failed,6,0,2,45018.85,0
TXN-19478,CUST-2758,5645.05,Debit Card,Temporary Bank/Network Error,4,0,1,107945.76,0
TXN-19479,CUST-1693,2827.95,Credit Card,Temporary Bank/Network Error,4,1,1,51943.48,1
TXN-19480,CUST-3277,5754.69,Wallet,Insufficient Funds,4,1,2,33431.09,0
TXN-19481,CUST-2347,4648.67,Credit Card,Payment Gateway Timeout,6,1,3,152981.77,1
TXN-19482,CUST-3496,3759.65,Debit Card,Temporary Bank/Network Error,4,1,1,175679.84,1
TXN-19483,CUST-2803,5364.09,UPI,Insufficient Funds,6,1,2,112560.89,0
TXN-19484,CUST-2333,5515.98,Net Banking,Insufficient Funds,3,0,0,87589.35,0
TXN-19485,CUST-2514,8148.27,UPI,Card Expired,7,0,1,73379.49,0
TXN-19486,CUST-1135,6948.75,UPI,Authentication Failed,8,1,0,111512.04,1
TXN-19487,CUST-3006,4245.52,Credit Card,Temporary Bank/Network Error,8,1,1,70176.23,1
TXN-19488,CUST-1234,8711.83,Net Banking,Insufficient Funds,2,0,1,55663.49,0
TXN-19489,CUST-1135,8489.55,Debit Card,Insufficient Funds,7,1,2,41922.2,0
TXN-19490,CUST-2408,5168.67,Debit Card,Temporary Bank/Network Error,12,1,4,140524.03,1
TXN-19491,CUST-2420,4173.33,UPI,Card Expired,9,0,1,70237.12,0
TXN-19492,CUST-1156,8793.37,UPI,Authentication Failed,8,1,1,120978.67,1
TXN-19493,CUST-1920,3228.34,UPI,Temporary Bank/Network Error,9,1,1,85022.09,1
TXN-19494,CUST-1876,14061.24,UPI,Payment Gateway Timeout,8,1,1,122140.27,1
TXN-19495,CUST-1429,8765.69,Credit Card,Temporary Bank/Network Error,10,0,0,54803.79,1
TXN-19496,CUST-1443,5679.51,Debit Card,Authentication Failed,7,1,0,71364.61,1
TXN-19497,CUST-2373,3023.78,Credit Card,Payment Gateway Timeout,7,0,2,110800.57,0
TXN-19498,CUST-3086,3455.84,Credit Card,Card Expired,7,0,4,49270.73,0
TXN-19499,CUST-1183,9679.19,UPI,Payment Gateway Timeout,9,1,1,113072.71,1
TXN-19500,CUST-2249,10298.23,Wallet,Card Expired,5,1,1,65749.89,0
TXN-19501,CUST-2527,8645.79,Debit Card,Temporary Bank/Network Error,5,0,2,57965.86,0
TXN-19502,CUST-3153,2816.5,Net Banking,Payment Gateway Timeout,7,0,0,74982.71,1
TXN-19503,CUST-2707,11640.79,Credit Card,Authentication Failed,5,1,2,138900.91,0
TXN-19504,CUST-3089,5845.57,UPI,Insufficient Funds,11,0,1,159723.17,0
TXN-19505,CUST-1206,3735.54,Credit Card,Authentication Failed,6,1,5,109490.04,0
TXN-19506,CUST-1486,9588.47,UPI,Temporary Bank/Network Error,6,0,3,228692.69,0
TXN-19507,CUST-1405,9868.57,UPI,Insufficient Funds,6,1,4,181183.53,0
TXN-19508,CUST-3363,4236.84,UPI,Payment Gateway Timeout,7,0,0,57278.61,1
TXN-19509,CUST-3431,4466.39,Credit Card,Temporary Bank/Network Error,11,1,3,82046.83,1
TXN-19510,CUST-1521,2759.7,Credit Card,Card Expired,8,0,1,72276.25,0
TXN-19511,CUST-2930,8037.33,Credit Card,Insufficient Funds,7,0,1,166547.25,0
TXN-19512,CUST-3066,5824.22,Net Banking,Authentication Failed,9,0,0,93284.3,0
TXN-19513,CUST-2356,6232.59,UPI,Payment Gateway Timeout,8,1,3,139474.04,1
TXN-19514,CUST-1788,9982.9,UPI,Authentication Failed,7,0,0,97786.16,0
TXN-19515,CUST-3195,13098.36,UPI,Temporary Bank/Network Error,11,1,1,57487.79,1
TXN-19516,CUST-1989,9737.63,Debit Card,Authentication Failed,4,0,1,66754.11,0
TXN-19517,CUST-1571,4259.83,Debit Card,Temporary Bank/Network Error,7,0,2,97268.13,0
TXN-19518,CUST-1745,6388.5,UPI,Authentication Failed,10,1,2,71868.1,1
TXN-19519,CUST-2865,4848.78,Credit Card,Insufficient Funds,8,0,2,68697.36,0
TXN-19520,CUST-2463,13127.89,Credit Card,Authentication Failed,6,0,0,92341.72,0
TXN-19521,CUST-1817,4751.53,Net Banking,Card Expired,10,0,3,90708.01,1
TXN-19522,CUST-3416,8394.39,Net Banking,Temporary Bank/Network Error,8,0,1,38984.93,1
TXN-19523,CUST-3227,6477.57,UPI,Insufficient Funds,3,1,2,62620.29,0
TXN-19524,CUST-3134,7231.28,Debit Card,Payment Gateway Timeout,5,0,1,78190.16,0
TXN-19525,CUST-1805,5953.32,UPI,Temporary Bank/Network Error,5,1,1,102318.24,1
TXN-19526,CUST-2712,8286.69,Credit Card,Authentication Failed,6,1,2,108820.7,0
TXN-19527,CUST-2816,8279.64,Debit Card,Payment Gateway Timeout,5,0,1,190914.64,0
TXN-19528,CUST-2276,6121.61,UPI,Authentication Failed,4,1,0,40172.32,0
TXN-19529,CUST-1098,4340.5,Net Banking,Temporary Bank/Network Error,3,0,3,30165.16,0
TXN-19530,CUST-1526,12390.35,Net Banking,Temporary Bank/Network Error,6,1,2,300000.0,1
TXN-19531,CUST-2529,12658.78,Debit Card,Temporary Bank/Network Error,10,0,3,79605.77,1
TXN-19532,CUST-2631,4317.57,Net Banking,Payment Gateway Timeout,11,1,4,77133.53,1
TXN-19533,CUST-2487,9483.86,Net Banking,Insufficient Funds,6,1,0,132178.08,0
TXN-19534,CUST-1382,12430.17,UPI,Insufficient Funds,7,0,1,76570.19,0
TXN-19535,CUST-2123,9074.13,Credit Card,Payment Gateway Timeout,5,0,1,76033.84,0
TXN-19536,CUST-1487,7714.06,Debit Card,Temporary Bank/Network Error,10,0,2,43253.79,1
TXN-19537,CUST-2681,3378.95,UPI,Insufficient Funds,5,0,0,78968.26,0
TXN-19538,CUST-3377,14286.09,UPI,Temporary Bank/Network Error,7,1,0,56290.35,1
TXN-19539,CUST-1397,5652.39,UPI,Authentication Failed,6,0,2,102326.08,0
TXN-19540,CUST-1273,5833.72,Net Banking,Insufficient Funds,9,1,0,17566.67,1
TXN-19541,CUST-1259,4378.46,UPI,Payment Gateway Timeout,10,0,1,52427.95,1
TXN-19542,CUST-2430,5515.76,Debit Card,Temporary Bank/Network Error,10,1,2,30529.75,1
TXN-19543,CUST-2471,5516.96,Credit Card,Authentication Failed,9,1,2,116718.42,1
TXN-19544,CUST-3355,16337.03,UPI,Payment Gateway Timeout,8,0,4,88730.57,0
TXN-19545,CUST-1520,4622.49,UPI,Payment Gateway Timeout,6,1,3,104351.82,1
TXN-19546,CUST-2603,13667.28,Net Banking,Card Expired,6,1,0,81441.27,0
TXN-19547,CUST-3063,7523.16,Credit Card,Temporary Bank/Network Error,6,0,3,36690.69,0
TXN-19548,CUST-2104,8880.95,Credit Card,Insufficient Funds,14,0,1,134204.9,1
TXN-19549,CUST-1867,9215.31,Net Banking,Temporary Bank/Network Error,6,1,2,78764.48,1
TXN-19550,CUST-1993,5374.91,UPI,Card Expired,7,1,3,56676.93,0
TXN-19551,CUST-1976,6011.68,Net Banking,Payment Gateway Timeout,6,1,1,47236.35,1
TXN-19552,CUST-1461,10961.23,Net Banking,Temporary Bank/Network Error,5,1,2,86767.57,1
TXN-19553,CUST-1067,26224.08,UPI,Insufficient Funds,8,1,2,57882.46,0
TXN-19554,CUST-1673,6377.89,Credit Card,Temporary Bank/Network Error,4,0,0,41955.69,0
TXN-19555,CUST-3186,15358.31,Debit Card,Card Expired,15,1,1,79309.3,1
TXN-19556,CUST-3401,10515.0,Wallet,Authentication Failed,7,1,1,90987.01,0
TXN-19557,CUST-2755,4397.38,Credit Card,Authentication Failed,8,1,2,79544.4,0
TXN-19558,CUST-1021,6772.3,Net Banking,Temporary Bank/Network Error,7,1,1,95924.68,1
TXN-19559,CUST-1993,15092.24,UPI,Insufficient Funds,13,0,1,83145.75,0
TXN-19560,CUST-1605,4173.26,Wallet,Card Expired,10,0,0,64008.57,0
TXN-19561,CUST-1508,11963.16,Wallet,Insufficient Funds,10,0,2,35446.93,0
TXN-19562,CUST-3361,3353.01,Credit Card,Temporary Bank/Network Error,11,1,6,63163.31,1
TXN-19563,CUST-3448,10650.97,UPI,Authentication Failed,11,0,0,99449.4,0
TXN-19564,CUST-3094,14803.01,Debit Card,Payment Gateway Timeout,12,1,0,37713.55,1
TXN-19565,CUST-3282,6078.09,Debit Card,Temporary Bank/Network Error,11,1,3,62215.11,1
TXN-19566,CUST-1723,5078.15,Debit Card,Authentication Failed,7,1,2,56952.63,0
TXN-19567,CUST-1434,12487.59,Credit Card,Insufficient Funds,10,0,1,72018.32,0
TXN-19568,CUST-1949,2095.1,UPI,Authentication Failed,10,0,3,100461.57,0
TXN-19569,CUST-3158,10428.75,UPI,Temporary Bank/Network Error,6,0,0,44104.84,1
TXN-19570,CUST-3032,8723.75,UPI,Payment Gateway Timeout,12,1,0,298352.67,1
TXN-19571,CUST-1421,14029.71,UPI,Insufficient Funds,6,0,3,60492.95,0
TXN-19572,CUST-2947,5059.95,Wallet,Temporary Bank/Network Error,6,0,2,58367.17,0
TXN-19573,CUST-3404,2480.66,Wallet,Payment Gateway Timeout,9,1,1,79099.08,1
TXN-19574,CUST-2252,20613.12,Net Banking,Authentication Failed,11,1,3,168975.99,1
TXN-19575,CUST-1311,9535.52,UPI,Payment Gateway Timeout,11,1,1,59074.82,1
TXN-19576,CUST-1316,4931.65,Net Banking,Authentication Failed,7,1,0,60611.19,0
TXN-19577,CUST-1177,5323.87,Debit Card,Insufficient Funds,7,1,1,81050.37,0
TXN-19578,CUST-1822,16969.46,Credit Card,Temporary Bank/Network Error,5,0,1,118361.43,0
TXN-19579,CUST-3163,2901.69,UPI,Payment Gateway Timeout,10,0,0,62569.25,1
TXN-19580,CUST-2901,14529.64,Credit Card,Temporary Bank/Network Error,3,0,2,85423.62,0
TXN-19581,CUST-1810,4109.07,Credit Card,Payment Gateway Timeout,4,1,1,120470.61,1
TXN-19582,CUST-2697,18307.14,Credit Card,Temporary Bank/Network Error,10,0,1,66902.58,1
TXN-19583,CUST-2075,3098.01,UPI,Insufficient Funds,11,1,0,102735.79,1
TXN-19584,CUST-2421,7541.75,Credit Card,Authentication Failed,10,1,5,109658.32,1
TXN-19585,CUST-3415,5493.9,Credit Card,Insufficient Funds,9,1,0,76683.23,1
TXN-19586,CUST-1188,4473.13,Credit Card,Insufficient Funds,8,0,1,32079.18,0
TXN-19587,CUST-1761,6478.46,Debit Card,Authentication Failed,6,0,1,62900.57,0
TXN-19588,CUST-2697,6645.45,Net Banking,Insufficient Funds,6,0,1,49049.28,0
TXN-19589,CUST-2865,18258.85,Credit Card,Insufficient Funds,11,1,1,20974.8,1
TXN-19590,CUST-1448,4798.37,Credit Card,Payment Gateway Timeout,8,0,2,84808.39,0
TXN-19591,CUST-2680,12036.53,UPI,Insufficient Funds,9,0,3,54769.84,0
TXN-19592,CUST-1536,6025.85,UPI,Temporary Bank/Network Error,10,1,3,51509.18,1
TXN-19593,CUST-3500,4329.14,UPI,Insufficient Funds,7,0,0,29095.71,0
TXN-19594,CUST-1193,6103.21,Credit Card,Temporary Bank/Network Error,5,0,1,76255.93,0
TXN-19595,CUST-3255,3998.59,Credit Card,Temporary Bank/Network Error,8,0,2,116111.38,1
TXN-19596,CUST-2506,11301.99,UPI,Insufficient Funds,9,0,2,52519.91,0
TXN-19597,CUST-1099,7420.85,Debit Card,Temporary Bank/Network Error,6,0,1,70386.13,0
TXN-19598,CUST-1866,4559.84,Credit Card,Temporary Bank/Network Error,7,0,2,93793.57,0
TXN-19599,CUST-2269,3586.98,Net Banking,Temporary Bank/Network Error,12,0,1,33946.37,1
TXN-19600,CUST-1135,4896.4,Debit Card,Authentication Failed,11,1,1,154993.82,1
TXN-19601,CUST-3496,8125.42,Credit Card,Authentication Failed,13,1,2,87387.24,1
TXN-19602,CUST-1707,6920.55,UPI,Insufficient Funds,8,1,2,227208.87,1
TXN-19603,CUST-2234,7890.48,Net Banking,Temporary Bank/Network Error,9,1,2,123568.29,1
TXN-19604,CUST-1974,5141.17,UPI,Card Expired,10,1,0,109063.52,1
TXN-19605,CUST-1098,5109.67,Credit Card,Payment Gateway Timeout,7,1,2,45740.86,0
TXN-19606,CUST-1443,4806.57,Debit Card,Payment Gateway Timeout,6,0,2,42438.35,0
TXN-19607,CUST-1361,5917.29,Wallet,Card Expired,4,1,1,107787.4,0
TXN-19608,CUST-2106,7757.81,Debit Card,Card Expired,15,0,3,73755.88,0
TXN-19609,CUST-2993,7426.32,Credit Card,Insufficient Funds,8,1,2,55540.83,0
TXN-19610,CUST-1035,5912.21,Net Banking,Payment Gateway Timeout,11,1,2,69263.25,1
TXN-19611,CUST-1736,13438.58,UPI,Temporary Bank/Network Error,9,0,0,51920.64,1
TXN-19612,CUST-2662,3347.61,Wallet,Authentication Failed,7,0,2,125078.47,0
TXN-19613,CUST-2191,4770.27,UPI,Insufficient Funds,6,0,1,28184.92,0
TXN-19614,CUST-1339,17064.35,Net Banking,Temporary Bank/Network Error,6,1,0,42741.4,1
TXN-19615,CUST-2586,5925.4,Credit Card,Insufficient Funds,8,1,2,52208.56,0
TXN-19616,CUST-2836,13738.37,Net Banking,Insufficient Funds,10,1,0,77352.17,1
TXN-19617,CUST-3286,9330.88,Debit Card,Temporary Bank/Network Error,5,1,1,29634.33,1
TXN-19618,CUST-3358,7208.12,Credit Card,Insufficient Funds,13,0,1,87422.26,1
TXN-19619,CUST-1437,3255.87,Credit Card,Temporary Bank/Network Error,7,0,2,66527.4,0
TXN-19620,CUST-3247,8317.45,UPI,Authentication Failed,10,0,3,99389.24,0
TXN-19621,CUST-2821,15730.7,Credit Card,Temporary Bank/Network Error,7,0,4,46316.37,0
TXN-19622,CUST-2138,9650.51,UPI,Temporary Bank/Network Error,6,1,2,104206.07,1
TXN-19623,CUST-3353,3639.75,Debit Card,Temporary Bank/Network Error,7,0,1,108130.99,1
TXN-19624,CUST-2195,2499.28,Credit Card,Payment Gateway Timeout,6,1,2,58472.59,1
TXN-19625,CUST-2110,6927.36,UPI,Insufficient Funds,13,0,1,61437.72,0
TXN-19626,CUST-3156,7707.76,Credit Card,Temporary Bank/Network Error,8,1,2,64742.87,1
TXN-19627,CUST-1398,4942.38,Debit Card,Temporary Bank/Network Error,9,1,0,83297.14,1
TXN-19628,CUST-1754,14455.89,Net Banking,Insufficient Funds,2,1,0,148309.08,0
TXN-19629,CUST-2259,1974.36,Net Banking,Insufficient Funds,8,0,1,27392.45,0
TXN-19630,CUST-3413,6274.38,UPI,Temporary Bank/Network Error,5,0,1,38355.32,0
TXN-19631,CUST-1336,12271.76,Net Banking,Insufficient Funds,5,1,1,50598.08,0
TXN-19632,CUST-2340,5959.52,Credit Card,Insufficient Funds,7,1,1,57036.96,0
TXN-19633,CUST-1735,6956.69,Wallet,Temporary Bank/Network Error,6,1,0,160927.5,1
TXN-19634,CUST-1324,3953.78,Credit Card,Temporary Bank/Network Error,13,1,1,85425.03,1
TXN-19635,CUST-2928,6886.76,Credit Card,Insufficient Funds,8,1,3,37356.34,0
TXN-19636,CUST-2663,10505.24,Wallet,Card Expired,9,1,2,44991.98,0
TXN-19637,CUST-1654,5338.26,UPI,Temporary Bank/Network Error,8,0,4,87680.99,0
TXN-19638,CUST-2321,5774.5,UPI,Authentication Failed,5,1,1,112311.11,0
TXN-19639,CUST-3274,8306.92,Debit Card,Temporary Bank/Network Error,5,0,1,53511.14,0
TXN-19640,CUST-3011,7245.13,Debit Card,Payment Gateway Timeout,10,0,0,116927.91,1
TXN-19641,CUST-3197,6610.86,Debit Card,Insufficient Funds,9,1,3,54573.83,0
TXN-19642,CUST-3020,11716.91,Credit Card,Card Expired,11,0,3,246176.0,0
TXN-19643,CUST-1401,13379.6,Credit Card,Temporary Bank/Network Error,9,1,1,48149.6,1
TXN-19644,CUST-2507,6962.94,Net Banking,Payment Gateway Timeout,11,0,1,116968.37,1
TXN-19645,CUST-1461,7105.13,Net Banking,Temporary Bank/Network Error,8,1,3,28208.23,1
TXN-19646,CUST-1949,11799.04,Credit Card,Authentication Failed,9,1,1,149949.06,1
TXN-19647,CUST-2665,3489.99,Debit Card,Temporary Bank/Network Error,6,1,2,119880.42,1
TXN-19648,CUST-2655,6655.69,UPI,Authentication Failed,13,0,3,59993.37,0
TXN-19649,CUST-1211,6705.95,UPI,Temporary Bank/Network Error,11,0,0,54576.56,1
TXN-19650,CUST-1298,13934.26,Credit Card,Authentication Failed,7,0,1,63153.17,0
TXN-19651,CUST-3100,19206.36,Wallet,Authentication Failed,12,0,2,54173.36,0
TXN-19652,CUST-2047,4946.73,UPI,Temporary Bank/Network Error,6,0,1,160192.41,1
TXN-19653,CUST-3197,4602.8,Net Banking,Temporary Bank/Network Error,7,1,2,132592.17,1
TXN-19654,CUST-2880,9965.8,UPI,Temporary Bank/Network Error,9,1,3,88733.52,1
TXN-19655,CUST-2067,9121.26,UPI,Temporary Bank/Network Error,10,1,0,28576.72,1
TXN-19656,CUST-1353,6115.97,UPI,Card Expired,10,0,4,141795.02,0
TXN-19657,CUST-2824,11223.87,Wallet,Authentication Failed,8,0,1,24968.97,0
TXN-19658,CUST-2876,4853.31,UPI,Temporary Bank/Network Error,7,0,0,76717.89,1
TXN-19659,CUST-2159,9024.45,Credit Card,Payment Gateway Timeout,10,1,1,87474.18,1
TXN-19660,CUST-2178,5847.7,Credit Card,Insufficient Funds,7,0,0,121316.99,0
TXN-19661,CUST-2838,9153.62,Credit Card,Authentication Failed,6,0,1,45396.3,0
TXN-19662,CUST-2172,3733.21,UPI,Payment Gateway Timeout,7,1,0,43204.46,1
TXN-19663,CUST-1265,3255.64,Credit Card,Temporary Bank/Network Error,7,1,2,66227.02,1
TXN-19664,CUST-1098,15145.88,Debit Card,Payment Gateway Timeout,11,1,0,50188.3,1
TXN-19665,CUST-3184,7917.66,UPI,Insufficient Funds,11,1,1,26613.72,1
TXN-19666,CUST-2756,2293.94,Net Banking,Payment Gateway Timeout,20,1,3,118220.69,1
TXN-19667,CUST-2005,7682.77,UPI,Payment Gateway Timeout,6,0,2,45072.96,0
TXN-19668,CUST-1561,7821.44,Net Banking,Card Expired,7,1,1,51086.57,0
TXN-19669,CUST-1751,7782.59,UPI,Temporary Bank/Network Error,3,0,3,37578.41,0
TXN-19670,CUST-3495,8448.98,Wallet,Temporary Bank/Network Error,11,1,2,70451.83,1
TXN-19671,CUST-2632,6606.26,Wallet,Authentication Failed,8,1,1,81830.35,1
TXN-19672,CUST-2988,4402.93,UPI,Insufficient Funds,4,1,1,29373.49,0
TXN-19673,CUST-2576,5868.71,Debit Card,Temporary Bank/Network Error,6,0,1,84150.89,0
TXN-19674,CUST-1847,5331.15,UPI,Insufficient Funds,4,1,4,110419.6,0
TXN-19675,CUST-2031,1656.54,Net Banking,Authentication Failed,8,1,3,78083.29,0
TXN-19676,CUST-2291,13782.99,Debit Card,Authentication Failed,11,1,0,49828.35,1
TXN-19677,CUST-1582,4970.79,Credit Card,Temporary Bank/Network Error,4,0,1,91078.75,0
TXN-19678,CUST-1281,8029.06,UPI,Payment Gateway Timeout,11,1,1,91071.52,1
TXN-19679,CUST-3183,8490.52,UPI,Temporary Bank/Network Error,11,0,3,194599.44,1
TXN-19680,CUST-1593,6539.39,UPI,Card Expired,7,0,1,114581.41,0
TXN-19681,CUST-3310,8870.94,UPI,Card Expired,18,0,0,84664.74,1
TXN-19682,CUST-1989,3624.32,Credit Card,Insufficient Funds,9,0,3,62782.6,0
TXN-19683,CUST-3120,5140.9,Credit Card,Card Expired,7,0,3,66700.9,1
TXN-19684,CUST-1878,13770.09,Net Banking,Insufficient Funds,9,0,1,79690.6,0
TXN-19685,CUST-1847,5439.69,UPI,Authentication Failed,9,1,1,91895.98,1
TXN-19686,CUST-2139,16108.32,UPI,Authentication Failed,4,1,3,50958.98,0
TXN-19687,CUST-1817,7178.06,UPI,Temporary Bank/Network Error,8,1,2,106378.47,1
TXN-19688,CUST-1753,7719.58,UPI,Authentication Failed,10,1,2,49686.35,1
TXN-19689,CUST-2246,3029.88,Debit Card,Authentication Failed,4,1,5,101895.86,0
TXN-19690,CUST-1182,4532.13,Credit Card,Temporary Bank/Network Error,8,1,2,71668.19,1
TXN-19691,CUST-1133,3269.21,Net Banking,Temporary Bank/Network Error,10,0,0,46431.26,1
TXN-19692,CUST-1243,5694.79,Debit Card,Insufficient Funds,5,1,0,67541.29,0
TXN-19693,CUST-3110,8073.76,Debit Card,Insufficient Funds,9,1,0,65730.82,1
TXN-19694,CUST-1212,3297.11,Credit Card,Card Expired,16,0,0,88026.64,1
TXN-19695,CUST-3068,11692.13,Credit Card,Temporary Bank/Network Error,6,1,1,99104.12,1
TXN-19696,CUST-2871,9064.63,UPI,Payment Gateway Timeout,12,1,3,49448.12,1
TXN-19697,CUST-2071,6703.35,UPI,Card Expired,8,0,0,40335.81,0
TXN-19698,CUST-2378,8581.79,UPI,Temporary Bank/Network Error,4,1,1,78900.49,1
TXN-19699,CUST-1890,8302.51,UPI,Card Expired,9,1,2,300000.0,1
TXN-19700,CUST-2597,8844.77,Wallet,Temporary Bank/Network Error,8,1,1,63746.48,1
TXN-19701,CUST-3220,10175.55,UPI,Temporary Bank/Network Error,9,0,2,33504.59,1
TXN-19702,CUST-1232,5043.26,UPI,Card Expired,10,1,3,31156.77,0
TXN-19703,CUST-1473,7603.43,Debit Card,Payment Gateway Timeout,5,0,2,44792.16,0
TXN-19704,CUST-1814,5402.61,Net Banking,Authentication Failed,14,0,1,32701.14,0
TXN-19705,CUST-1120,8592.4,Credit Card,Temporary Bank/Network Error,9,1,2,71282.7,1
TXN-19706,CUST-1465,3596.15,UPI,Authentication Failed,8,0,1,97170.16,0
TXN-19707,CUST-2909,4301.39,Debit Card,Insufficient Funds,11,1,3,77936.2,0
TXN-19708,CUST-1686,6882.59,Credit Card,Card Expired,6,1,1,55531.14,0
TXN-19709,CUST-1126,10739.89,UPI,Payment Gateway Timeout,8,0,0,99821.63,1
TXN-19710,CUST-1156,24258.28,Net Banking,Insufficient Funds,7,0,0,45488.47,0
TXN-19711,CUST-1524,10507.23,Net Banking,Insufficient Funds,9,0,2,90795.68,0
TXN-19712,CUST-3415,6247.49,UPI,Authentication Failed,8,1,1,57982.51,1
TXN-19713,CUST-1032,2882.46,Credit Card,Temporary Bank/Network Error,11,1,1,31785.11,1
TXN-19714,CUST-1507,7140.97,UPI,Payment Gateway Timeout,9,0,1,94611.36,1
TXN-19715,CUST-1816,4689.12,UPI,Card Expired,11,0,1,73328.48,0
TXN-19716,CUST-2591,8432.08,UPI,Payment Gateway Timeout,9,1,5,67533.13,1
TXN-19717,CUST-2099,2589.93,UPI,Payment Gateway Timeout,11,1,0,83377.04,1
TXN-19718,CUST-1779,6613.62,Net Banking,Insufficient Funds,13,1,1,46891.03,1
TXN-19719,CUST-1564,10730.65,UPI,Insufficient Funds,2,1,0,79855.91,0
TXN-19720,CUST-2618,10442.69,Credit Card,Insufficient Funds,3,1,0,58059.41,0
TXN-19721,CUST-3053,13848.84,Debit Card,Card Expired,13,1,2,167846.14,1
TXN-19722,CUST-3063,10118.67,Net Banking,Insufficient Funds,3,1,5,120272.82,0
TXN-19723,CUST-1760,10938.39,UPI,Authentication Failed,10,1,0,113350.38,1
TXN-19724,CUST-2924,5062.49,Credit Card,Temporary Bank/Network Error,10,0,2,156278.84,1
TXN-19725,CUST-1664,10274.04,Credit Card,Authentication Failed,7,1,1,222749.53,1
TXN-19726,CUST-1722,3395.18,Credit Card,Payment Gateway Timeout,8,1,2,46430.65,1
TXN-19727,CUST-2144,6632.79,UPI,Insufficient Funds,8,0,3,102365.21,0
TXN-19728,CUST-3472,9975.48,Credit Card,Payment Gateway Timeout,3,0,2,41927.37,0
TXN-19729,CUST-1430,12023.23,UPI,Payment Gateway Timeout,10,1,3,99429.26,1
TXN-19730,CUST-3031,9502.57,Credit Card,Temporary Bank/Network Error,5,0,2,61809.64,0
TXN-19731,CUST-2804,7141.16,UPI,Insufficient Funds,11,0,0,62496.94,0
TXN-19732,CUST-2711,16002.98,Credit Card,Temporary Bank/Network Error,6,1,4,72505.76,1
TXN-19733,CUST-2142,5215.41,Net Banking,Insufficient Funds,9,1,4,81342.92,0
TXN-19734,CUST-2299,9429.34,Credit Card,Insufficient Funds,9,0,3,79259.55,0
TXN-19735,CUST-2055,3769.29,Credit Card,Temporary Bank/Network Error,5,1,3,51075.39,1
TXN-19736,CUST-3158,5091.09,Net Banking,Authentication Failed,12,1,2,89864.49,1
TXN-19737,CUST-1420,17786.48,UPI,Insufficient Funds,4,1,2,117225.17,0
TXN-19738,CUST-2402,4471.38,Credit Card,Temporary Bank/Network Error,7,0,2,85038.7,0
TXN-19739,CUST-2475,10189.74,UPI,Authentication Failed,6,0,1,52972.05,0
TXN-19740,CUST-3160,4709.17,Debit Card,Payment Gateway Timeout,14,0,3,77818.18,1
TXN-19741,CUST-3451,10836.68,Net Banking,Temporary Bank/Network Error,10,0,4,40887.42,0
TXN-19742,CUST-2099,4611.08,UPI,Insufficient Funds,7,1,1,120876.22,1
TXN-19743,CUST-1579,24035.0,Credit Card,Insufficient Funds,8,0,4,39625.08,0
TXN-19744,CUST-1151,10065.32,UPI,Temporary Bank/Network Error,7,1,2,116613.33,1
TXN-19745,CUST-2005,10006.61,Credit Card,Card Expired,6,0,2,74566.57,0
TXN-19746,CUST-3191,6022.07,Wallet,Temporary Bank/Network Error,14,0,0,110784.59,1
TXN-19747,CUST-2630,6305.74,Credit Card,Payment Gateway Timeout,4,1,4,108666.91,0
TXN-19748,CUST-3197,4065.16,Credit Card,Insufficient Funds,11,1,0,48166.83,1
TXN-19749,CUST-1795,7889.07,Credit Card,Card Expired,7,0,2,66764.36,0
TXN-19750,CUST-2777,5594.89,Net Banking,Insufficient Funds,8,1,0,101570.53,1
TXN-19751,CUST-1670,7721.16,Credit Card,Temporary Bank/Network Error,11,1,2,69857.26,1
TXN-19752,CUST-2197,6790.58,Debit Card,Payment Gateway Timeout,5,0,1,69330.38,0
TXN-19753,CUST-3035,3047.1,Credit Card,Authentication Failed,11,0,4,62557.4,0
TXN-19754,CUST-3370,5650.89,Debit Card,Insufficient Funds,7,0,0,82821.77,0
TXN-19755,CUST-1133,6880.98,UPI,Insufficient Funds,6,0,0,36782.43,0
TXN-19756,CUST-1787,6874.53,Debit Card,Authentication Failed,8,0,1,58216.95,0
TXN-19757,CUST-1664,10836.83,Net Banking,Authentication Failed,6,0,2,86402.61,0
TXN-19758,CUST-2863,2483.98,Debit Card,Insufficient Funds,7,0,1,181682.98,0
TXN-19759,CUST-1976,5046.47,Credit Card,Card Expired,8,1,1,46464.43,0
TXN-19760,CUST-1372,7228.88,UPI,Card Expired,13,1,2,69900.46,1
TXN-19761,CUST-1798,9357.27,Credit Card,Authentication Failed,5,1,2,46348.51,0
TXN-19762,CUST-2451,6397.61,Credit Card,Card Expired,8,1,3,100104.15,0
TXN-19763,CUST-3312,13515.09,Credit Card,Insufficient Funds,10,1,1,47330.42,1
TXN-19764,CUST-1410,7357.23,Net Banking,Card Expired,8,0,1,89981.32,0
TXN-19765,CUST-3058,17882.08,Credit Card,Card Expired,5,0,2,203001.21,0
TXN-19766,CUST-2867,13765.18,Wallet,Authentication Failed,9,0,3,97535.44,0
TXN-19767,CUST-2826,7768.06,UPI,Payment Gateway Timeout,7,0,1,69961.69,0
TXN-19768,CUST-2757,8537.78,UPI,Temporary Bank/Network Error,5,0,1,104412.37,1
TXN-19769,CUST-2624,3562.8,UPI,Payment Gateway Timeout,8,1,1,247979.07,1
TXN-19770,CUST-2214,6705.98,Credit Card,Payment Gateway Timeout,6,0,4,69785.43,0
TXN-19771,CUST-2876,7463.28,Debit Card,Card Expired,11,0,1,29874.13,0
TXN-19772,CUST-1794,6484.72,UPI,Payment Gateway Timeout,8,1,0,28270.91,1
TXN-19773,CUST-2576,8375.45,UPI,Authentication Failed,6,1,2,67115.85,0
TXN-19774,CUST-3297,10745.94,UPI,Temporary Bank/Network Error,9,1,1,96120.03,1
TXN-19775,CUST-2244,14114.77,Credit Card,Authentication Failed,6,1,1,64055.12,0
TXN-19776,CUST-2968,6755.84,UPI,Authentication Failed,5,0,3,145791.96,0
TXN-19777,CUST-1559,10137.43,Debit Card,Authentication Failed,10,1,2,60498.52,1
TXN-19778,CUST-3009,21975.19,Credit Card,Insufficient Funds,8,1,5,53884.12,0
TXN-19779,CUST-2875,7252.68,Wallet,Temporary Bank/Network Error,4,1,3,48080.67,0
TXN-19780,CUST-1984,8129.92,Credit Card,Payment Gateway Timeout,11,1,2,127015.85,1
TXN-19781,CUST-1722,8855.33,Debit Card,Temporary Bank/Network Error,12,1,1,81469.73,1
TXN-19782,CUST-3372,21714.41,UPI,Authentication Failed,8,0,1,100092.01,0
TXN-19783,CUST-2117,8323.82,Debit Card,Payment Gateway Timeout,7,0,1,159569.11,0
TXN-19784,CUST-2495,14128.54,Wallet,Payment Gateway Timeout,9,0,1,97962.68,1
TXN-19785,CUST-2688,5425.69,UPI,Insufficient Funds,4,0,0,42608.06,0
TXN-19786,CUST-2985,5092.39,UPI,Insufficient Funds,9,0,0,30938.1,0
TXN-19787,CUST-2052,5549.24,Credit Card,Payment Gateway Timeout,11,1,0,95174.04,1
TXN-19788,CUST-2086,5981.8,Net Banking,Payment Gateway Timeout,9,0,0,54916.35,1
TXN-19789,CUST-1549,7123.08,Credit Card,Authentication Failed,13,0,4,118244.71,0
TXN-19790,CUST-2375,15355.99,Debit Card,Insufficient Funds,7,1,2,49578.13,0
TXN-19791,CUST-3201,10107.69,Debit Card,Authentication Failed,6,0,1,123882.76,0
TXN-19792,CUST-3372,2685.38,Credit Card,Insufficient Funds,9,1,0,53469.32,1
TXN-19793,CUST-1500,9635.59,Credit Card,Authentication Failed,5,0,1,36991.38,0
TXN-19794,CUST-2064,7149.06,Debit Card,Card Expired,7,1,2,44434.07,0
TXN-19795,CUST-1764,3380.98,UPI,Temporary Bank/Network Error,8,1,1,84664.75,1
TXN-19796,CUST-1229,5063.67,Debit Card,Temporary Bank/Network Error,9,0,0,57138.77,1
TXN-19797,CUST-3326,12168.69,Credit Card,Insufficient Funds,10,0,3,87487.03,0
TXN-19798,CUST-3238,7247.75,Net Banking,Temporary Bank/Network Error,6,1,2,116295.2,1
TXN-19799,CUST-1513,8485.19,UPI,Temporary Bank/Network Error,10,1,1,114699.53,1
TXN-19800,CUST-2244,5782.7,Credit Card,Card Expired,9,1,3,106297.74,0
TXN-19801,CUST-1967,6668.67,Debit Card,Temporary Bank/Network Error,8,0,2,79175.64,1
TXN-19802,CUST-1895,9334.76,UPI,Temporary Bank/Network Error,7,1,3,106686.55,1
TXN-19803,CUST-2054,13933.85,UPI,Payment Gateway Timeout,9,1,2,49378.28,1
TXN-19804,CUST-1401,8677.42,UPI,Authentication Failed,8,0,1,85912.89,0
TXN-19805,CUST-3267,10155.15,Credit Card,Authentication Failed,11,1,1,152877.46,1
TXN-19806,CUST-2825,11295.88,Debit Card,Authentication Failed,10,0,2,79625.72,0
TXN-19807,CUST-1947,7541.55,Debit Card,Insufficient Funds,5,1,1,91655.47,0
TXN-19808,CUST-2939,3876.98,Wallet,Insufficient Funds,6,1,3,159753.88,0
TXN-19809,CUST-3147,5599.09,Credit Card,Card Expired,3,0,1,84234.0,0
TXN-19810,CUST-2211,10965.25,UPI,Insufficient Funds,6,0,1,85254.38,0
TXN-19811,CUST-1099,13492.49,Debit Card,Temporary Bank/Network Error,7,1,1,70281.32,1
TXN-19812,CUST-3490,5767.18,Debit Card,Insufficient Funds,15,1,2,122901.44,1
TXN-19813,CUST-1301,7963.15,UPI,Temporary Bank/Network Error,11,0,1,127025.18,1
TXN-19814,CUST-2134,4749.32,Wallet,Insufficient Funds,13,0,3,148789.01,0
TXN-19815,CUST-2514,4916.15,Debit Card,Payment Gateway Timeout,13,0,2,110193.16,1
TXN-19816,CUST-1376,3880.52,Credit Card,Card Expired,12,0,1,100355.64,0
TXN-19817,CUST-3115,17176.22,Credit Card,Temporary Bank/Network Error,6,1,1,47624.33,1
TXN-19818,CUST-3093,19450.07,UPI,Temporary Bank/Network Error,10,1,2,51288.01,1
TXN-19819,CUST-2859,3991.97,Debit Card,Card Expired,10,1,1,58506.76,1
TXN-19820,CUST-3200,4412.27,Net Banking,Payment Gateway Timeout,10,0,2,67386.1,0
TXN-19821,CUST-2714,6977.23,Net Banking,Temporary Bank/Network Error,6,0,2,97806.77,0
TXN-19822,CUST-1196,10074.36,Debit Card,Authentication Failed,11,1,3,56672.58,1
TXN-19823,CUST-2686,15882.76,Wallet,Card Expired,9,1,1,90067.75,0
TXN-19824,CUST-3252,9414.92,Debit Card,Insufficient Funds,4,1,2,145421.42,0
TXN-19825,CUST-3296,8032.91,UPI,Payment Gateway Timeout,11,1,0,90119.92,1
TXN-19826,CUST-1483,11037.38,Credit Card,Temporary Bank/Network Error,6,1,1,125843.83,1
TXN-19827,CUST-2438,7053.86,Debit Card,Temporary Bank/Network Error,9,0,1,36413.47,1
TXN-19828,CUST-1818,6209.63,Wallet,Insufficient Funds,6,0,0,58901.22,0
TXN-19829,CUST-2222,4222.56,UPI,Authentication Failed,8,1,4,95084.78,0
TXN-19830,CUST-2313,4539.87,UPI,Authentication Failed,10,0,4,45754.72,0
TXN-19831,CUST-2528,10348.28,Credit Card,Insufficient Funds,9,1,0,72758.31,1
TXN-19832,CUST-1849,16066.32,Debit Card,Insufficient Funds,7,1,1,149750.64,0
TXN-19833,CUST-2940,7800.34,Net Banking,Payment Gateway Timeout,10,0,0,224997.34,1
TXN-19834,CUST-2141,2262.71,Net Banking,Card Expired,4,0,1,98539.74,0
TXN-19835,CUST-2398,3990.14,Net Banking,Authentication Failed,7,1,1,62889.43,0
TXN-19836,CUST-2627,7957.0,Debit Card,Payment Gateway Timeout,6,1,3,117938.19,1
TXN-19837,CUST-1265,9010.75,UPI,Temporary Bank/Network Error,11,0,3,83917.8,1
TXN-19838,CUST-1339,7017.99,Debit Card,Card Expired,5,1,1,90128.96,0
TXN-19839,CUST-3126,5020.64,UPI,Temporary Bank/Network Error,3,1,2,72369.15,1
TXN-19840,CUST-1159,12584.25,UPI,Authentication Failed,8,0,1,130464.62,0
TXN-19841,CUST-1202,9976.76,Net Banking,Insufficient Funds,9,1,1,56342.82,0
TXN-19842,CUST-2239,3821.2,UPI,Authentication Failed,4,1,1,49491.5,0
TXN-19843,CUST-2737,5219.41,Wallet,Card Expired,5,0,1,31141.89,0
TXN-19844,CUST-3032,9829.63,Net Banking,Temporary Bank/Network Error,8,0,3,78989.93,0
TXN-19845,CUST-2931,8176.39,UPI,Insufficient Funds,11,1,2,43750.66,1
TXN-19846,CUST-1891,9199.27,Wallet,Authentication Failed,7,1,2,50075.9,0
TXN-19847,CUST-3143,5444.65,Credit Card,Card Expired,8,0,0,54371.79,0
TXN-19848,CUST-2115,10308.02,Credit Card,Temporary Bank/Network Error,4,1,2,55043.0,1
TXN-19849,CUST-1790,3124.71,Debit Card,Temporary Bank/Network Error,5,0,3,99379.59,0
TXN-19850,CUST-1999,7013.92,Credit Card,Temporary Bank/Network Error,10,1,2,34268.37,1
TXN-19851,CUST-2670,30968.96,Debit Card,Card Expired,6,0,0,98780.09,0
TXN-19852,CUST-2017,16254.74,Credit Card,Authentication Failed,14,1,1,45963.71,1
TXN-19853,CUST-2084,7323.88,UPI,Insufficient Funds,9,1,2,62155.51,0
TXN-19854,CUST-2019,4119.97,Debit Card,Payment Gateway Timeout,7,1,1,151789.66,1
TXN-19855,CUST-2282,2464.78,UPI,Temporary Bank/Network Error,7,1,2,44322.79,1
TXN-19856,CUST-3142,3536.75,Net Banking,Authentication Failed,7,1,2,96587.02,0
TXN-19857,CUST-2603,8603.6,UPI,Temporary Bank/Network Error,10,1,2,61207.43,1
TXN-19858,CUST-1217,5276.7,Credit Card,Card Expired,9,0,1,66618.99,0
TXN-19859,CUST-3227,9084.66,UPI,Insufficient Funds,6,1,0,82077.21,0
TXN-19860,CUST-3188,4755.87,Debit Card,Temporary Bank/Network Error,9,1,1,43114.43,1
TXN-19861,CUST-1297,6406.15,UPI,Temporary Bank/Network Error,10,1,0,76266.56,1
TXN-19862,CUST-2307,8292.72,Debit Card,Payment Gateway Timeout,8,0,0,92159.48,1
TXN-19863,CUST-1689,6413.93,UPI,Authentication Failed,8,0,1,54319.15,0
TXN-19864,CUST-3018,3813.96,UPI,Temporary Bank/Network Error,12,1,2,131905.4,1
TXN-19865,CUST-1265,9774.92,UPI,Temporary Bank/Network Error,5,0,0,91513.4,1
TXN-19866,CUST-1029,7534.35,Wallet,Card Expired,6,1,0,109307.24,0
TXN-19867,CUST-2029,8029.6,Credit Card,Insufficient Funds,10,1,3,44539.01,0
TXN-19868,CUST-1010,5398.79,UPI,Card Expired,7,1,2,51002.65,0
TXN-19869,CUST-1534,6978.09,Credit Card,Card Expired,7,1,1,63706.01,0
TXN-19870,CUST-1436,2784.45,Net Banking,Insufficient Funds,6,0,3,37698.8,0
TXN-19871,CUST-1489,8828.23,Credit Card,Authentication Failed,8,0,3,174453.98,0
TXN-19872,CUST-2843,3927.56,UPI,Payment Gateway Timeout,4,0,3,71300.26,0
TXN-19873,CUST-2577,6600.79,UPI,Payment Gateway Timeout,11,1,1,119012.0,1
TXN-19874,CUST-3048,2140.1,Credit Card,Insufficient Funds,11,0,3,65071.57,0
TXN-19875,CUST-3169,7826.39,Credit Card,Payment Gateway Timeout,6,0,1,25471.88,0
TXN-19876,CUST-2516,4980.58,UPI,Insufficient Funds,14,0,0,82578.65,1
TXN-19877,CUST-1519,8336.32,Credit Card,Temporary Bank/Network Error,5,1,0,260645.38,1
TXN-19878,CUST-1294,8255.37,Debit Card,Authentication Failed,7,1,2,45412.37,0
TXN-19879,CUST-2593,4540.91,Credit Card,Temporary Bank/Network Error,10,1,1,46362.12,1
TXN-19880,CUST-2139,8232.44,Credit Card,Authentication Failed,11,1,2,80277.79,1
TXN-19881,CUST-2079,9369.19,Net Banking,Payment Gateway Timeout,9,1,0,42280.85,1
TXN-19882,CUST-2851,5209.52,UPI,Temporary Bank/Network Error,3,1,1,106514.87,1
TXN-19883,CUST-2376,8917.17,Credit Card,Temporary Bank/Network Error,12,1,3,73724.2,1
TXN-19884,CUST-3499,5357.75,UPI,Insufficient Funds,10,1,1,61840.0,1
TXN-19885,CUST-2940,3383.01,Credit Card,Temporary Bank/Network Error,10,0,2,69809.38,1
TXN-19886,CUST-2036,5019.8,Wallet,Card Expired,6,0,3,184649.92,0
TXN-19887,CUST-2285,3350.77,Credit Card,Card Expired,6,1,2,54605.75,0
TXN-19888,CUST-2189,3263.1,UPI,Temporary Bank/Network Error,10,0,1,96864.43,1
TXN-19889,CUST-2564,3882.37,Credit Card,Payment Gateway Timeout,9,1,0,57008.84,1
TXN-19890,CUST-1017,5069.58,UPI,Authentication Failed,11,1,1,35191.13,1
TXN-19891,CUST-1816,4197.21,Net Banking,Insufficient Funds,9,1,2,42582.5,0
TXN-19892,CUST-2981,3383.18,Credit Card,Insufficient Funds,5,1,2,137987.61,0
TXN-19893,CUST-1647,9509.16,Net Banking,Insufficient Funds,5,0,1,77681.99,0
TXN-19894,CUST-1916,6604.52,UPI,Authentication Failed,10,1,2,76915.96,1
TXN-19895,CUST-2137,6450.75,UPI,Authentication Failed,13,1,0,77469.44,1
TXN-19896,CUST-2504,4542.92,Net Banking,Temporary Bank/Network Error,9,0,1,130962.43,1
TXN-19897,CUST-1308,12588.23,UPI,Temporary Bank/Network Error,10,1,0,27086.33,1
TXN-19898,CUST-3381,11064.75,Net Banking,Insufficient Funds,11,0,0,83534.62,0
TXN-19899,CUST-2173,6147.49,Debit Card,Card Expired,8,0,1,66043.79,0
TXN-19900,CUST-1077,4370.13,Wallet,Temporary Bank/Network Error,9,1,1,69651.56,1
TXN-19901,CUST-2421,4694.44,Credit Card,Insufficient Funds,13,0,0,105521.87,1
TXN-19902,CUST-3032,9432.17,UPI,Authentication Failed,10,0,2,33676.76,0
TXN-19903,CUST-1352,11322.16,UPI,Insufficient Funds,10,1,4,117082.12,0
TXN-19904,CUST-2543,9505.42,UPI,Insufficient Funds,15,1,1,86655.0,1
TXN-19905,CUST-2653,7337.15,Credit Card,Temporary Bank/Network Error,6,1,0,90848.68,1
TXN-19906,CUST-1840,7377.09,Debit Card,Payment Gateway Timeout,7,0,1,99951.39,0
TXN-19907,CUST-3288,5789.45,UPI,Card Expired,11,1,0,64260.95,1
TXN-19908,CUST-1154,13032.63,UPI,Temporary Bank/Network Error,5,0,2,93505.13,0
TXN-19909,CUST-3477,6246.84,UPI,Temporary Bank/Network Error,9,0,0,41355.67,1
TXN-19910,CUST-2550,9229.81,Debit Card,Authentication Failed,6,0,0,40850.33,0
TXN-19911,CUST-3284,16163.51,Credit Card,Insufficient Funds,10,0,1,139921.51,0
TXN-19912,CUST-2726,15776.69,Wallet,Authentication Failed,4,1,4,80995.86,0
TXN-19913,CUST-1308,8869.86,Credit Card,Payment Gateway Timeout,10,0,0,64477.15,1
TXN-19914,CUST-1963,17999.04,UPI,Payment Gateway Timeout,7,1,1,84921.0,1
TXN-19915,CUST-1482,3800.91,Net Banking,Temporary Bank/Network Error,6,0,2,95484.95,0
TXN-19916,CUST-1980,11476.45,UPI,Temporary Bank/Network Error,8,1,1,76998.57,1
TXN-19917,CUST-3391,8637.18,UPI,Temporary Bank/Network Error,5,1,0,119841.08,1
TXN-19918,CUST-1524,10228.26,Credit Card,Temporary Bank/Network Error,8,1,1,57334.43,1
TXN-19919,CUST-2461,3994.84,UPI,Temporary Bank/Network Error,8,1,4,116657.59,1
TXN-19920,CUST-1456,1472.39,UPI,Authentication Failed,5,1,1,106980.78,0
TXN-19921,CUST-3033,18496.9,Net Banking,Insufficient Funds,6,0,2,56016.58,0
TXN-19922,CUST-2046,12851.94,UPI,Authentication Failed,9,0,1,98849.57,0
TXN-19923,CUST-3181,6963.8,UPI,Temporary Bank/Network Error,10,1,1,117261.25,1
TXN-19924,CUST-1408,18779.09,Credit Card,Insufficient Funds,9,1,1,77080.87,1
TXN-19925,CUST-2835,2867.26,Credit Card,Payment Gateway Timeout,6,0,0,32935.79,0
TXN-19926,CUST-2643,7123.52,UPI,Temporary Bank/Network Error,9,1,1,77042.55,1
TXN-19927,CUST-3214,5863.81,UPI,Insufficient Funds,11,1,0,50557.65,1
TXN-19928,CUST-2011,6057.74,UPI,Temporary Bank/Network Error,11,1,0,41557.66,1
TXN-19929,CUST-1204,6818.3,UPI,Temporary Bank/Network Error,7,1,3,38830.39,1
TXN-19930,CUST-2550,5516.87,Debit Card,Insufficient Funds,5,0,0,152738.27,0
TXN-19931,CUST-2595,6151.51,Wallet,Insufficient Funds,5,1,0,41932.09,0
TXN-19932,CUST-1732,6545.48,Debit Card,Temporary Bank/Network Error,4,0,1,78826.15,0
TXN-19933,CUST-1906,7397.33,Credit Card,Temporary Bank/Network Error,3,1,1,92181.25,1
TXN-19934,CUST-1520,11178.09,Credit Card,Payment Gateway Timeout,7,1,1,139119.62,1
TXN-19935,CUST-3280,2893.73,Credit Card,Authentication Failed,9,1,2,123906.39,1
TXN-19936,CUST-3224,8548.75,UPI,Authentication Failed,5,0,1,58345.44,0
TXN-19937,CUST-1897,7547.85,Credit Card,Temporary Bank/Network Error,12,0,0,203219.06,1
TXN-19938,CUST-2459,6166.83,Debit Card,Insufficient Funds,7,1,3,52527.15,0
TXN-19939,CUST-3481,4631.16,Net Banking,Temporary Bank/Network Error,4,0,5,31365.06,0
TXN-19940,CUST-2550,11338.3,Debit Card,Payment Gateway Timeout,2,1,0,91298.58,1
TXN-19941,CUST-1985,7090.1,Debit Card,Payment Gateway Timeout,10,0,2,31415.76,0
TXN-19942,CUST-2365,8019.38,Net Banking,Temporary Bank/Network Error,8,1,1,96368.7,1
TXN-19943,CUST-2520,31824.49,Credit Card,Card Expired,7,1,1,65787.02,0
TXN-19944,CUST-2108,7021.34,Wallet,Authentication Failed,3,1,2,63981.03,0
TXN-19945,CUST-3312,8710.95,Credit Card,Authentication Failed,8,1,0,46238.18,1
TXN-19946,CUST-1074,7578.01,Net Banking,Authentication Failed,8,0,1,68987.37,0
TXN-19947,CUST-1703,6108.58,UPI,Temporary Bank/Network Error,8,0,3,40516.8,0
TXN-19948,CUST-3345,10188.48,Credit Card,Insufficient Funds,8,0,1,132462.62,0
TXN-19949,CUST-3000,8196.83,Wallet,Temporary Bank/Network Error,10,1,0,90291.06,1
TXN-19950,CUST-2363,13260.25,Wallet,Payment Gateway Timeout,2,0,1,127571.66,0
TXN-19951,CUST-1635,4959.44,UPI,Insufficient Funds,5,1,4,93492.17,0
TXN-19952,CUST-1951,9118.98,UPI,Temporary Bank/Network Error,9,0,3,47823.76,0
TXN-19953,CUST-3032,5785.07,Credit Card,Insufficient Funds,9,1,3,63000.05,0
TXN-19954,CUST-1372,6381.18,Debit Card,Temporary Bank/Network Error,15,1,2,79249.88,1
TXN-19955,CUST-1766,9394.31,UPI,Authentication Failed,6,0,0,108813.2,0
TXN-19956,CUST-2262,3454.34,Net Banking,Temporary Bank/Network Error,11,0,1,116407.8,1
TXN-19957,CUST-1199,16622.89,Credit Card,Temporary Bank/Network Error,14,1,0,211416.06,1
TXN-19958,CUST-3335,7260.2,Credit Card,Temporary Bank/Network Error,4,1,4,25432.98,0
TXN-19959,CUST-1370,9455.2,UPI,Authentication Failed,10,1,0,79873.93,1
TXN-19960,CUST-1076,4943.63,Wallet,Card Expired,10,1,0,68229.82,1
TXN-19961,CUST-3089,3632.2,UPI,Temporary Bank/Network Error,7,1,2,94474.35,1
TXN-19962,CUST-2135,6726.82,Credit Card,Temporary Bank/Network Error,8,1,0,87339.88,1
TXN-19963,CUST-3132,4572.73,Credit Card,Temporary Bank/Network Error,6,0,0,67906.71,1
TXN-19964,CUST-1012,1638.16,UPI,Temporary Bank/Network Error,9,0,1,48589.02,1
TXN-19965,CUST-3013,7578.26,Net Banking,Temporary Bank/Network Error,4,0,2,35665.14,0
TXN-19966,CUST-1548,4913.81,UPI,Insufficient Funds,11,0,2,178207.07,0
TXN-19967,CUST-2956,10153.47,Wallet,Temporary Bank/Network Error,9,1,1,30114.01,1
TXN-19968,CUST-2227,6131.21,Credit Card,Payment Gateway Timeout,12,1,3,182223.35,1
TXN-19969,CUST-1063,6080.83,Credit Card,Card Expired,5,1,3,35290.54,0
TXN-19970,CUST-3030,3396.76,UPI,Authentication Failed,8,0,1,55900.38,0
TXN-19971,CUST-3180,4669.26,UPI,Insufficient Funds,11,0,1,15637.87,0
TXN-19972,CUST-1360,1898.08,Net Banking,Insufficient Funds,12,0,0,79844.75,0
TXN-19973,CUST-1778,5246.72,UPI,Authentication Failed,7,1,2,30520.9,0
TXN-19974,CUST-3028,4142.78,Net Banking,Card Expired,7,1,0,41353.23,0
TXN-19975,CUST-1460,7994.33,UPI,Temporary Bank/Network Error,10,1,0,38804.87,1
TXN-19976,CUST-1010,3582.46,UPI,Insufficient Funds,9,0,2,119823.33,0
TXN-19977,CUST-1624,9046.87,Credit Card,Insufficient Funds,16,1,0,118566.01,1
TXN-19978,CUST-3384,22934.84,Wallet,Insufficient Funds,5,1,0,61382.57,0
TXN-19979,CUST-1765,3171.53,Net Banking,Insufficient Funds,8,0,2,95970.04,0
TXN-19980,CUST-1332,16356.28,UPI,Insufficient Funds,9,1,0,111725.1,1
TXN-19981,CUST-3406,9241.85,Debit Card,Temporary Bank/Network Error,7,0,4,176656.08,0
TXN-19982,CUST-2046,10320.79,Debit Card,Temporary Bank/Network Error,11,0,0,46890.09,1
TXN-19983,CUST-1767,16331.77,Credit Card,Authentication Failed,12,0,0,43225.27,0
TXN-19984,CUST-2704,4903.13,Wallet,Authentication Failed,2,1,2,69892.73,0
TXN-19985,CUST-3115,5166.68,Net Banking,Temporary Bank/Network Error,10,0,1,78519.97,1
TXN-19986,CUST-1754,3620.35,Credit Card,Temporary Bank/Network Error,9,1,1,114312.58,1
TXN-19987,CUST-2143,6816.78,Net Banking,Payment Gateway Timeout,20,1,3,31830.04,1
TXN-19988,CUST-2810,7701.8,Debit Card,Card Expired,6,1,1,203887.43,0
TXN-19989,CUST-2536,6054.52,UPI,Authentication Failed,5,1,2,88806.85,0
TXN-19990,CUST-2098,10965.08,UPI,Insufficient Funds,7,0,4,45813.19,0
TXN-19991,CUST-1689,9698.28,UPI,Card Expired,8,1,3,53217.93,0
TXN-19992,CUST-1907,12646.95,Net Banking,Card Expired,8,1,1,134691.75,0
TXN-19993,CUST-2136,10974.22,UPI,Insufficient Funds,10,1,0,106854.62,1
TXN-19994,CUST-2145,5484.0,UPI,Insufficient Funds,14,1,1,123516.04,1
TXN-19995,CUST-2774,4448.81,Credit Card,Insufficient Funds,8,0,4,161331.93,0
TXN-19996,CUST-1269,6102.85,Wallet,Insufficient Funds,6,0,2,80974.46,0
TXN-19997,CUST-3372,8682.08,Net Banking,Insufficient Funds,8,0,2,124312.8,0
TXN-19998,CUST-1968,7879.55,Credit Card,Payment Gateway Timeout,5,0,3,85130.03,0
TXN-19999,CUST-1560,6154.82,UPI,Temporary Bank/Network Error,9,0,2,130045.9,1
TXN-20000,CUST-1472,13685.98,Debit Card,Card Expired,7,1,2,83718.84,0
TXN-20001,CUST-3041,10095.21,UPI,Temporary Bank/Network Error,8,0,1,48633.34,1
TXN-20002,CUST-3400,21504.43,UPI,Payment Gateway Timeout,8,0,2,125992.17,0
TXN-20003,CUST-1369,10585.63,Wallet,Insufficient Funds,7,0,2,89017.35,0
TXN-20004,CUST-1271,7141.17,UPI,Insufficient Funds,8,0,2,36659.9,0
TXN-20005,CUST-1890,6133.9,UPI,Payment Gateway Timeout,8,0,0,53282.61,1
TXN-20006,CUST-1296,6068.03,Credit Card,Payment Gateway Timeout,4,1,1,40768.86,1
TXN-20007,CUST-1963,15284.03,Credit Card,Insufficient Funds,13,1,0,149182.47,1
TXN-20008,CUST-1492,5985.04,Wallet,Temporary Bank/Network Error,8,0,1,82952.68,1
TXN-20009,CUST-1700,7645.39,Credit Card,Temporary Bank/Network Error,9,1,1,81458.19,1
TXN-20010,CUST-2218,8133.37,UPI,Insufficient Funds,13,1,0,78819.4,1
TXN-20011,CUST-1602,3822.35,Net Banking,Authentication Failed,7,0,2,76583.14,0
TXN-20012,CUST-1736,5673.11,Debit Card,Insufficient Funds,5,0,1,135432.63,0
TXN-20013,CUST-1198,8456.18,UPI,Authentication Failed,9,1,3,58755.55,0
TXN-20014,CUST-2915,9182.84,UPI,Insufficient Funds,2,1,1,157131.07,0
TXN-20015,CUST-1390,4783.56,UPI,Card Expired,4,1,2,32038.83,0
TXN-20016,CUST-2479,6421.54,Net Banking,Insufficient Funds,7,1,4,77701.6,0
TXN-20017,CUST-2962,6510.75,UPI,Payment Gateway Timeout,4,0,3,79299.47,0
TXN-20018,CUST-1099,3333.4,UPI,Payment Gateway Timeout,10,0,4,165978.6,1
TXN-20019,CUST-1588,8966.08,UPI,Insufficient Funds,16,1,3,68905.42,1
TXN-20020,CUST-2808,3818.95,UPI,Payment Gateway Timeout,5,0,1,89153.85,0
TXN-20021,CUST-1074,8236.18,Debit Card,Card Expired,10,1,2,64424.08,0
TXN-20022,CUST-3210,9890.16,UPI,Insufficient Funds,6,0,0,67084.85,0
TXN-20023,CUST-2129,6681.97,UPI,Authentication Failed,12,0,1,101066.99,0
TXN-20024,CUST-1157,9596.74,Credit Card,Payment Gateway Timeout,4,1,2,90909.49,1
TXN-20025,CUST-1125,7166.35,UPI,Temporary Bank/Network Error,8,1,3,66639.13,1
TXN-20026,CUST-2343,6248.32,Credit Card,Authentication Failed,4,1,1,68348.04,0
TXN-20027,CUST-2715,9985.05,Debit Card,Payment Gateway Timeout,5,0,3,65776.03,0
TXN-20028,CUST-1700,2837.12,UPI,Temporary Bank/Network Error,9,0,2,46502.98,1
TXN-20029,CUST-1466,5068.63,Wallet,Payment Gateway Timeout,10,1,1,168471.85,1
TXN-20030,CUST-1179,5895.98,Credit Card,Authentication Failed,9,0,0,124897.96,0
TXN-20031,CUST-1492,9161.02,Wallet,Temporary Bank/Network Error,9,1,1,35679.06,1
TXN-20032,CUST-1034,5883.24,Debit Card,Temporary Bank/Network Error,8,1,2,45010.47,1
TXN-20033,CUST-2099,4000.75,Credit Card,Insufficient Funds,8,1,1,110163.02,1
TXN-20034,CUST-1881,13832.71,UPI,Temporary Bank/Network Error,4,0,3,80935.1,0
TXN-20035,CUST-1540,7853.01,Credit Card,Insufficient Funds,8,0,0,168761.67,0
TXN-20036,CUST-2226,5738.43,UPI,Temporary Bank/Network Error,8,1,0,36775.3,1
TXN-20037,CUST-1791,7457.08,Credit Card,Insufficient Funds,7,0,2,177728.5,0
TXN-20038,CUST-3488,5985.23,UPI,Temporary Bank/Network Error,13,1,3,38878.51,1
TXN-20039,CUST-1320,4203.65,UPI,Payment Gateway Timeout,7,1,0,35581.55,1
TXN-20040,CUST-1937,3934.81,Debit Card,Temporary Bank/Network Error,6,0,0,24596.65,1
TXN-20041,CUST-1623,10245.96,Credit Card,Temporary Bank/Network Error,8,1,1,74712.05,1
TXN-20042,CUST-1212,18156.93,UPI,Temporary Bank/Network Error,9,1,3,76970.22,1
TXN-20043,CUST-2763,9639.32,Wallet,Temporary Bank/Network Error,12,1,2,85293.51,1
TXN-20044,CUST-1180,4958.95,UPI,Authentication Failed,7,1,1,66740.25,1
TXN-20045,CUST-2583,8169.16,Credit Card,Temporary Bank/Network Error,11,1,3,91524.73,1
TXN-20046,CUST-2631,7476.59,Net Banking,Insufficient Funds,3,1,1,56001.34,0
TXN-20047,CUST-1267,1777.52,Debit Card,Payment Gateway Timeout,8,0,3,61114.95,0
TXN-20048,CUST-3005,8709.15,Credit Card,Insufficient Funds,7,0,0,43980.47,0
TXN-20049,CUST-1692,12154.58,Net Banking,Temporary Bank/Network Error,10,1,0,42742.14,1
TXN-20050,CUST-3004,16736.44,Debit Card,Card Expired,5,1,1,97470.11,0
TXN-20051,CUST-1014,12575.73,Debit Card,Temporary Bank/Network Error,9,0,1,47614.76,1
TXN-20052,CUST-1007,6765.9,Credit Card,Payment Gateway Timeout,12,0,1,64474.08,1
TXN-20053,CUST-1291,7804.18,Debit Card,Temporary Bank/Network Error,6,1,0,167263.39,1
TXN-20054,CUST-1067,8838.33,Wallet,Payment Gateway Timeout,9,1,0,71672.02,1
TXN-20055,CUST-1078,11418.23,UPI,Authentication Failed,9,0,2,69613.33,0
TXN-20056,CUST-2453,7944.23,Debit Card,Card Expired,4,1,1,127744.47,0
TXN-20057,CUST-3204,7136.74,Debit Card,Authentication Failed,11,1,1,77532.98,1
TXN-20058,CUST-3314,21113.93,Credit Card,Payment Gateway Timeout,3,0,1,52060.96,0
TXN-20059,CUST-1341,6924.61,UPI,Temporary Bank/Network Error,8,0,1,98074.01,1
TXN-20060,CUST-2516,10619.25,Credit Card,Insufficient Funds,10,0,0,39126.0,0
TXN-20061,CUST-2635,9585.91,UPI,Payment Gateway Timeout,5,1,0,70384.47,1
TXN-20062,CUST-3093,4829.86,Credit Card,Authentication Failed,10,1,4,72383.58,0
TXN-20063,CUST-2570,11078.84,Wallet,Payment Gateway Timeout,11,0,1,65002.98,1
TXN-20064,CUST-2296,3367.09,Net Banking,Payment Gateway Timeout,4,0,1,51846.54,0
TXN-20065,CUST-1835,3666.95,UPI,Temporary Bank/Network Error,7,0,2,70995.99,1
TXN-20066,CUST-1460,4935.7,Net Banking,Insufficient Funds,5,0,1,72665.8,0
TXN-20067,CUST-1975,8690.06,Wallet,Temporary Bank/Network Error,4,1,1,102400.4,1
TXN-20068,CUST-1388,10214.92,UPI,Payment Gateway Timeout,0,1,1,38624.05,0
TXN-20069,CUST-2142,7504.75,Credit Card,Temporary Bank/Network Error,8,1,2,95469.96,1
TXN-20070,CUST-2856,5403.22,UPI,Payment Gateway Timeout,8,0,2,14882.14,0
TXN-20071,CUST-1640,6466.47,Wallet,Card Expired,7,1,3,205245.94,0
TXN-20072,CUST-1983,4569.49,Wallet,Temporary Bank/Network Error,7,1,2,65676.03,1
TXN-20073,CUST-1898,5316.59,Net Banking,Payment Gateway Timeout,11,0,0,229986.41,1
TXN-20074,CUST-3001,5299.66,UPI,Temporary Bank/Network Error,9,0,1,71160.46,1
TXN-20075,CUST-2404,4364.94,Debit Card,Temporary Bank/Network Error,10,1,0,76944.32,1
TXN-20076,CUST-1251,7923.73,Net Banking,Temporary Bank/Network Error,12,1,2,58101.08,1
TXN-20077,CUST-1296,4646.77,UPI,Authentication Failed,9,0,2,42048.47,0
TXN-20078,CUST-1912,6464.79,Credit Card,Payment Gateway Timeout,13,1,1,184010.59,1
TXN-20079,CUST-2657,14352.57,Debit Card,Authentication Failed,6,0,2,57507.49,0
TXN-20080,CUST-2334,8669.46,UPI,Insufficient Funds,2,1,3,45924.43,0
TXN-20081,CUST-3490,5774.67,Net Banking,Temporary Bank/Network Error,8,0,3,45157.68,0
TXN-20082,CUST-1968,7655.31,UPI,Payment Gateway Timeout,7,1,3,38833.47,1
TXN-20083,CUST-3437,7008.95,Net Banking,Card Expired,7,1,0,82607.83,0
TXN-20084,CUST-1227,4944.63,Credit Card,Card Expired,4,1,0,89266.37,0
TXN-20085,CUST-1768,3651.6,UPI,Insufficient Funds,3,1,2,148261.92,0
TXN-20086,CUST-1652,6354.39,Credit Card,Card Expired,5,1,2,54742.82,0
TXN-20087,CUST-1673,6422.93,UPI,Insufficient Funds,2,1,0,132091.34,0
TXN-20088,CUST-2997,15792.87,Debit Card,Authentication Failed,5,0,1,43330.24,0
TXN-20089,CUST-2851,3719.6,Net Banking,Insufficient Funds,7,1,1,48282.18,0
TXN-20090,CUST-3264,8377.28,UPI,Temporary Bank/Network Error,12,0,7,138628.07,0
TXN-20091,CUST-1723,1965.23,Debit Card,Temporary Bank/Network Error,11,1,0,140775.53,1
TXN-20092,CUST-2410,4059.69,UPI,Insufficient Funds,11,1,1,58145.55,1
TXN-20093,CUST-1588,8822.76,UPI,Payment Gateway Timeout,9,1,1,106636.32,1
TXN-20094,CUST-1890,8770.35,UPI,Insufficient Funds,14,1,1,129399.13,1
TXN-20095,CUST-2611,5705.57,Wallet,Insufficient Funds,11,0,1,71689.56,0
TXN-20096,CUST-2285,4559.74,UPI,Insufficient Funds,15,1,1,30631.28,1
TXN-20097,CUST-3432,10229.26,Debit Card,Temporary Bank/Network Error,17,0,4,50421.45,1
TXN-20098,CUST-3310,5926.71,Debit Card,Temporary Bank/Network Error,15,0,1,97844.45,1
TXN-20099,CUST-1038,14604.31,UPI,Card Expired,8,0,3,47350.49,0
TXN-20100,CUST-2296,12244.58,UPI,Authentication Failed,13,1,0,86440.28,1
TXN-20101,CUST-1726,4359.91,Debit Card,Temporary Bank/Network Error,6,0,3,67527.9,0
TXN-20102,CUST-2457,12433.96,Net Banking,Card Expired,6,1,1,65383.41,0
TXN-20103,CUST-1304,4525.48,UPI,Temporary Bank/Network Error,9,1,1,93712.56,1
TXN-20104,CUST-1760,8014.61,UPI,Temporary Bank/Network Error,8,1,2,285284.6,1
TXN-20105,CUST-2824,9033.44,Wallet,Temporary Bank/Network Error,11,0,2,47053.72,1
TXN-20106,CUST-1988,7622.65,UPI,Payment Gateway Timeout,4,1,0,80139.17,1
TXN-20107,CUST-2104,6938.28,Debit Card,Temporary Bank/Network Error,7,1,2,86079.26,1
TXN-20108,CUST-1871,5586.67,UPI,Insufficient Funds,5,1,2,68012.25,0
TXN-20109,CUST-1270,3689.34,Credit Card,Insufficient Funds,5,0,0,102400.49,0
TXN-20110,CUST-2034,15306.98,Debit Card,Temporary Bank/Network Error,6,1,3,62860.71,1
TXN-20111,CUST-2213,9946.85,Net Banking,Temporary Bank/Network Error,9,0,0,67717.52,1
TXN-20112,CUST-1995,6481.7,UPI,Insufficient Funds,10,0,4,29240.7,0
TXN-20113,CUST-2552,11361.41,Debit Card,Card Expired,7,1,2,127773.17,0
TXN-20114,CUST-1335,1901.2,UPI,Payment Gateway Timeout,11,1,3,88988.15,1
TXN-20115,CUST-2617,21244.38,Credit Card,Temporary Bank/Network Error,10,0,0,69376.17,1
TXN-20116,CUST-1468,3051.17,Net Banking,Card Expired,11,1,4,123610.13,0
TXN-20117,CUST-2306,10409.47,Credit Card,Temporary Bank/Network Error,8,1,2,88379.77,1
TXN-20118,CUST-1817,4374.04,Credit Card,Temporary Bank/Network Error,11,0,0,150694.3,1
TXN-20119,CUST-3416,5818.63,Net Banking,Card Expired,7,0,0,86425.29,0
TXN-20120,CUST-1702,4971.11,Net Banking,Authentication Failed,8,0,2,162031.94,0
TXN-20121,CUST-2234,4450.61,Credit Card,Payment Gateway Timeout,4,1,0,137875.82,1
TXN-20122,CUST-3118,3939.2,UPI,Payment Gateway Timeout,7,1,1,88232.36,1
TXN-20123,CUST-2938,7084.51,Net Banking,Insufficient Funds,9,0,1,102611.46,0
TXN-20124,CUST-1536,6953.1,UPI,Temporary Bank/Network Error,4,1,1,75496.32,1
TXN-20125,CUST-1557,4311.32,Wallet,Payment Gateway Timeout,10,0,2,65037.42,1
TXN-20126,CUST-2099,2168.02,UPI,Insufficient Funds,6,1,2,41711.68,0
TXN-20127,CUST-3072,12829.94,Credit Card,Authentication Failed,8,1,2,123292.92,0
TXN-20128,CUST-1342,4634.07,UPI,Temporary Bank/Network Error,2,1,2,122720.65,1
TXN-20129,CUST-1139,2942.04,Debit Card,Payment Gateway Timeout,5,1,2,82015.36,1
TXN-20130,CUST-1464,14600.65,Net Banking,Authentication Failed,7,1,4,61256.89,0
TXN-20131,CUST-3166,11766.3,Wallet,Temporary Bank/Network Error,5,0,0,63260.18,0
TXN-20132,CUST-1416,15084.34,Credit Card,Temporary Bank/Network Error,8,0,1,46857.65,1
TXN-20133,CUST-2499,5634.31,Credit Card,Temporary Bank/Network Error,8,0,1,125521.69,1
TXN-20134,CUST-2507,5606.12,UPI,Insufficient Funds,11,1,3,48445.21,1
TXN-20135,CUST-2840,13190.95,Debit Card,Temporary Bank/Network Error,5,0,0,295230.78,1
TXN-20136,CUST-2645,5655.81,UPI,Card Expired,11,1,3,102267.52,1
TXN-20137,CUST-2279,5457.28,Credit Card,Temporary Bank/Network Error,9,0,1,133299.48,1
TXN-20138,CUST-1187,7898.39,UPI,Authentication Failed,8,1,0,70406.97,1
TXN-20139,CUST-3336,8015.03,Net Banking,Temporary Bank/Network Error,9,1,3,64146.63,1
TXN-20140,CUST-1453,3888.81,UPI,Insufficient Funds,13,0,1,35139.56,0
TXN-20141,CUST-3014,3528.6,UPI,Temporary Bank/Network Error,8,0,0,28807.74,1
TXN-20142,CUST-3119,6622.85,Credit Card,Insufficient Funds,11,0,0,50259.36,0
TXN-20143,CUST-1413,6493.46,UPI,Temporary Bank/Network Error,13,0,4,77309.38,1
TXN-20144,CUST-1546,5972.72,Debit Card,Payment Gateway Timeout,9,1,6,79000.65,0
TXN-20145,CUST-2430,9903.02,Credit Card,Temporary Bank/Network Error,12,1,2,156163.48,1
TXN-20146,CUST-1461,11351.86,UPI,Temporary Bank/Network Error,12,1,4,53864.66,1
TXN-20147,CUST-1439,7944.99,Net Banking,Authentication Failed,7,0,1,67146.39,0
TXN-20148,CUST-2891,12932.02,UPI,Insufficient Funds,4,1,3,106270.62,0
TXN-20149,CUST-2128,4536.43,Wallet,Temporary Bank/Network Error,5,0,4,47232.19,0
TXN-20150,CUST-2321,17375.38,Credit Card,Temporary Bank/Network Error,5,0,0,145807.53,1
TXN-20151,CUST-1880,9529.21,Credit Card,Authentication Failed,5,1,1,217656.5,0
TXN-20152,CUST-1321,6773.34,UPI,Insufficient Funds,11,1,1,133361.51,1
TXN-20153,CUST-1801,5741.28,Debit Card,Temporary Bank/Network Error,7,1,1,35736.03,1
TXN-20154,CUST-3500,7869.22,Credit Card,Payment Gateway Timeout,11,1,2,38527.8,1
TXN-20155,CUST-1107,8699.08,Net Banking,Authentication Failed,12,0,4,80575.32,0
TXN-20156,CUST-2215,4664.01,Net Banking,Authentication Failed,5,0,2,228367.29,0
TXN-20157,CUST-2145,5372.8,UPI,Temporary Bank/Network Error,7,1,0,45595.15,1
TXN-20158,CUST-3335,14586.72,Wallet,Payment Gateway Timeout,9,0,2,139494.64,1
TXN-20159,CUST-2170,4442.21,Credit Card,Authentication Failed,8,1,2,78836.9,0
TXN-20160,CUST-2914,2812.72,Debit Card,Insufficient Funds,10,0,0,47036.66,0
TXN-20161,CUST-2516,5560.71,UPI,Payment Gateway Timeout,10,1,1,125422.92,1
TXN-20162,CUST-1421,7462.16,Debit Card,Payment Gateway Timeout,5,1,1,141362.48,1
TXN-20163,CUST-3422,19503.0,Debit Card,Insufficient Funds,7,1,2,29672.37,0
TXN-20164,CUST-2458,4469.89,Debit Card,Insufficient Funds,8,0,4,56413.24,0
TXN-20165,CUST-3011,2453.77,Credit Card,Card Expired,7,0,2,37934.94,0
TXN-20166,CUST-1907,4953.82,UPI,Card Expired,6,1,2,121230.46,0
TXN-20167,CUST-1432,5850.18,UPI,Insufficient Funds,12,0,2,34592.52,0
TXN-20168,CUST-2179,3935.18,Net Banking,Insufficient Funds,9,1,0,66384.19,1
TXN-20169,CUST-1703,7598.36,UPI,Authentication Failed,8,0,2,17499.08,0
TXN-20170,CUST-2153,6816.23,Debit Card,Authentication Failed,5,0,0,69934.75,0
TXN-20171,CUST-2913,8383.82,Debit Card,Insufficient Funds,10,1,2,118186.66,1
TXN-20172,CUST-1601,8883.9,Credit Card,Temporary Bank/Network Error,2,1,2,92310.18,0
TXN-20173,CUST-2092,3371.17,Wallet,Insufficient Funds,9,1,2,62763.41,0
TXN-20174,CUST-1670,7067.91,Wallet,Temporary Bank/Network Error,6,1,1,160438.5,0
TXN-20175,CUST-3252,3800.9,Credit Card,Card Expired,8,1,0,92217.99,1
TXN-20176,CUST-2304,10398.28,Net Banking,Authentication Failed,9,0,2,68936.82,0
TXN-20177,CUST-3201,13308.54,Net Banking,Authentication Failed,9,1,3,42958.02,0
TXN-20178,CUST-3278,5349.38,UPI,Insufficient Funds,8,0,2,78015.86,0
TXN-20179,CUST-2943,3824.59,UPI,Insufficient Funds,7,0,1,145291.2,0
TXN-20180,CUST-2354,10183.47,Debit Card,Insufficient Funds,11,1,1,74288.23,1
TXN-20181,CUST-1238,6737.54,UPI,Temporary Bank/Network Error,5,1,1,79311.22,1
TXN-20182,CUST-2611,9800.75,Debit Card,Insufficient Funds,14,1,0,103185.49,1
TXN-20183,CUST-1311,3332.11,UPI,Temporary Bank/Network Error,11,1,2,101733.5,1
TXN-20184,CUST-2758,8446.51,Net Banking,Temporary Bank/Network Error,7,1,2,164246.61,1
TXN-20185,CUST-2848,6850.51,Credit Card,Insufficient Funds,6,0,0,69072.22,0
TXN-20186,CUST-2747,6847.02,Credit Card,Authentication Failed,7,1,3,108803.09,0
TXN-20187,CUST-2159,6217.96,UPI,Payment Gateway Timeout,15,1,2,91413.73,1
TXN-20188,CUST-1889,6505.83,Debit Card,Authentication Failed,6,1,0,52439.16,0
TXN-20189,CUST-1211,2379.61,UPI,Insufficient Funds,10,1,1,69867.44,1
TXN-20190,CUST-3259,3341.66,Net Banking,Card Expired,8,0,4,85259.31,0
TXN-20191,CUST-2202,7379.38,UPI,Insufficient Funds,12,0,1,130569.95,0
TXN-20192,CUST-3317,9527.78,Credit Card,Payment Gateway Timeout,5,1,1,52243.39,1
TXN-20193,CUST-1453,6151.82,Debit Card,Authentication Failed,7,1,1,104475.26,0
TXN-20194,CUST-1510,4400.58,Net Banking,Temporary Bank/Network Error,7,0,1,35530.19,0
TXN-20195,CUST-2067,8560.55,UPI,Payment Gateway Timeout,9,0,2,86371.85,1
TXN-20196,CUST-2419,11152.75,UPI,Temporary Bank/Network Error,8,0,2,48266.13,1
TXN-20197,CUST-1327,12215.72,Wallet,Temporary Bank/Network Error,13,1,4,46338.1,1
TXN-20198,CUST-2729,15298.91,Credit Card,Temporary Bank/Network Error,8,1,4,98559.13,1
TXN-20199,CUST-2301,3814.34,Credit Card,Authentication Failed,7,1,1,97078.51,1
TXN-20200,CUST-1307,6225.54,Net Banking,Insufficient Funds,8,1,1,61737.87,0
TXN-20201,CUST-1527,5978.96,Credit Card,Payment Gateway Timeout,9,1,2,49564.75,1
TXN-20202,CUST-3074,7695.03,Net Banking,Payment Gateway Timeout,7,0,0,76362.96,1
TXN-20203,CUST-1258,2315.4,UPI,Payment Gateway Timeout,5,1,2,86883.8,1
TXN-20204,CUST-1946,5386.07,UPI,Insufficient Funds,10,1,2,41205.46,1
TXN-20205,CUST-2961,8016.59,Debit Card,Card Expired,9,0,1,183557.62,0
TXN-20206,CUST-1615,12591.35,UPI,Payment Gateway Timeout,6,1,1,37274.45,1
TXN-20207,CUST-3085,5986.03,Net Banking,Card Expired,12,1,0,82114.99,1
TXN-20208,CUST-1476,3279.9,UPI,Insufficient Funds,5,1,2,56761.7,0
TXN-20209,CUST-2011,12020.07,UPI,Insufficient Funds,7,0,1,89630.45,0
TXN-20210,CUST-3007,2422.2,Credit Card,Insufficient Funds,8,0,3,104518.81,0
TXN-20211,CUST-1771,12410.59,Debit Card,Authentication Failed,8,0,2,99955.57,0
TXN-20212,CUST-2473,12185.73,Debit Card,Temporary Bank/Network Error,8,1,2,160166.17,1
TXN-20213,CUST-2368,10328.02,UPI,Payment Gateway Timeout,5,0,3,80896.61,0
TXN-20214,CUST-2536,8741.44,Net Banking,Insufficient Funds,11,0,2,70087.69,0
TXN-20215,CUST-1096,13574.53,UPI,Payment Gateway Timeout,7,0,3,81481.98,0
TXN-20216,CUST-2254,8003.8,UPI,Insufficient Funds,4,1,1,117536.13,0
TXN-20217,CUST-1725,6535.56,Credit Card,Authentication Failed,11,0,2,126734.16,0
TXN-20218,CUST-3072,14828.26,Credit Card,Insufficient Funds,9,0,1,64622.28,0
TXN-20219,CUST-1461,4355.25,Net Banking,Authentication Failed,11,0,1,58390.61,0
TXN-20220,CUST-1899,11953.27,Debit Card,Payment Gateway Timeout,11,1,2,76898.67,1
TXN-20221,CUST-1133,3236.72,Net Banking,Temporary Bank/Network Error,12,1,1,74604.94,1
TXN-20222,CUST-1943,6379.71,Wallet,Temporary Bank/Network Error,11,0,1,103171.46,1
TXN-20223,CUST-2741,3835.84,Debit Card,Temporary Bank/Network Error,10,0,2,97997.44,1
TXN-20224,CUST-2064,6030.9,Wallet,Payment Gateway Timeout,6,0,1,93961.05,0
TXN-20225,CUST-3209,7350.85,Credit Card,Insufficient Funds,6,1,0,63176.57,0
TXN-20226,CUST-1732,6145.51,Credit Card,Payment Gateway Timeout,10,1,2,153272.48,1
TXN-20227,CUST-1479,9763.11,Net Banking,Card Expired,4,1,3,106099.71,0
TXN-20228,CUST-3064,4750.28,Net Banking,Card Expired,4,1,0,60277.24,0
TXN-20229,CUST-3161,6274.92,Debit Card,Authentication Failed,13,1,1,154274.39,1
TXN-20230,CUST-1628,5410.39,Net Banking,Authentication Failed,8,0,1,49947.14,0
TXN-20231,CUST-1706,12476.06,Credit Card,Temporary Bank/Network Error,14,1,1,127661.24,1
TXN-20232,CUST-2750,11231.74,UPI,Payment Gateway Timeout,5,1,1,95305.5,1
TXN-20233,CUST-2159,4233.08,Net Banking,Temporary Bank/Network Error,14,1,2,133956.22,1
TXN-20234,CUST-3045,9001.21,Credit Card,Temporary Bank/Network Error,13,1,3,66636.74,1
TXN-20235,CUST-2578,6573.26,Net Banking,Card Expired,8,1,1,62358.39,0
TXN-20236,CUST-2111,5961.38,Wallet,Insufficient Funds,10,0,3,113647.34,0
TXN-20237,CUST-1577,6324.11,Credit Card,Card Expired,14,1,2,87001.45,1
TXN-20238,CUST-2329,8838.74,UPI,Insufficient Funds,12,1,3,83471.09,1
TXN-20239,CUST-1013,11056.83,UPI,Payment Gateway Timeout,5,1,1,55500.96,1
TXN-20240,CUST-2168,9268.51,UPI,Temporary Bank/Network Error,13,0,3,48871.05,1
TXN-20241,CUST-1908,5665.42,Debit Card,Authentication Failed,9,1,2,166145.09,1
TXN-20242,CUST-2678,5669.71,Wallet,Temporary Bank/Network Error,7,1,0,91285.82,1
TXN-20243,CUST-2208,9298.94,Debit Card,Authentication Failed,7,1,5,96817.33,0
TXN-20244,CUST-1270,5643.34,Credit Card,Temporary Bank/Network Error,5,0,4,188949.97,0
TXN-20245,CUST-2199,7545.88,Credit Card,Payment Gateway Timeout,6,0,1,18716.45,0
TXN-20246,CUST-1611,2760.98,UPI,Authentication Failed,7,1,1,42958.31,0
TXN-20247,CUST-3444,4070.31,Debit Card,Insufficient Funds,10,0,3,59361.3,0
TXN-20248,CUST-1586,9645.96,UPI,Authentication Failed,5,1,2,70428.27,0
TXN-20249,CUST-1002,6136.5,Net Banking,Insufficient Funds,6,1,0,59776.38,0
TXN-20250,CUST-2898,4075.11,Debit Card,Temporary Bank/Network Error,5,1,3,40353.7,1
TXN-20251,CUST-3022,9131.18,Credit Card,Card Expired,6,1,1,74483.19,0
TXN-20252,CUST-1707,7247.53,Debit Card,Temporary Bank/Network Error,5,1,1,88595.06,1
TXN-20253,CUST-2951,14339.1,Net Banking,Card Expired,6,0,0,102031.69,0
TXN-20254,CUST-1579,7691.88,Debit Card,Authentication Failed,6,0,0,80922.88,0
TXN-20255,CUST-2870,6441.54,UPI,Temporary Bank/Network Error,5,1,1,122921.7,1
TXN-20256,CUST-1481,6651.29,UPI,Insufficient Funds,6,1,0,39683.04,0
TXN-20257,CUST-2433,6761.34,UPI,Payment Gateway Timeout,10,1,2,51630.28,1
TXN-20258,CUST-1834,7038.23,UPI,Payment Gateway Timeout,9,1,1,80517.13,1
TXN-20259,CUST-2983,7764.89,Credit Card,Payment Gateway Timeout,6,0,0,85843.64,0
TXN-20260,CUST-2281,8436.48,UPI,Card Expired,8,1,2,61878.51,0
TXN-20261,CUST-1315,5196.0,Debit Card,Authentication Failed,8,0,0,110827.33,0
TXN-20262,CUST-2441,8519.5,Net Banking,Insufficient Funds,7,0,2,39209.79,0
TXN-20263,CUST-2152,9425.95,Debit Card,Insufficient Funds,5,1,0,81325.76,0
TXN-20264,CUST-3470,3639.96,Credit Card,Card Expired,13,0,1,108742.11,0
TXN-20265,CUST-2242,16624.99,Credit Card,Temporary Bank/Network Error,2,0,1,149801.64,0
TXN-20266,CUST-1704,18238.09,UPI,Insufficient Funds,7,1,2,61303.95,0
TXN-20267,CUST-2333,7834.32,UPI,Temporary Bank/Network Error,6,1,2,50078.05,1
TXN-20268,CUST-1012,7876.04,Debit Card,Insufficient Funds,11,0,1,61768.41,0
TXN-20269,CUST-1356,3138.48,UPI,Temporary Bank/Network Error,10,0,2,31248.28,1
TXN-20270,CUST-1244,10390.48,Credit Card,Insufficient Funds,9,1,0,87965.21,1
TXN-20271,CUST-1279,7111.64,UPI,Payment Gateway Timeout,7,1,3,41197.57,1
TXN-20272,CUST-1409,11131.05,UPI,Temporary Bank/Network Error,5,1,3,109976.07,1
TXN-20273,CUST-3130,10005.38,UPI,Card Expired,10,0,1,61064.04,0
TXN-20274,CUST-2111,21524.06,UPI,Insufficient Funds,5,0,2,57690.82,0
TXN-20275,CUST-3245,7156.14,Credit Card,Authentication Failed,8,1,1,84203.96,1
TXN-20276,CUST-3130,5339.8,Debit Card,Temporary Bank/Network Error,5,1,1,78657.25,1
TXN-20277,CUST-2471,10652.25,Net Banking,Temporary Bank/Network Error,9,0,3,70461.99,0
TXN-20278,CUST-1342,5700.69,Debit Card,Authentication Failed,8,1,0,83812.56,1
TXN-20279,CUST-1687,5269.98,Net Banking,Payment Gateway Timeout,7,0,2,61901.93,0
TXN-20280,CUST-2825,8567.08,Credit Card,Card Expired,11,0,0,74151.19,0
TXN-20281,CUST-2314,4769.35,UPI,Temporary Bank/Network Error,11,0,0,276467.5,1
TXN-20282,CUST-2705,6110.77,UPI,Insufficient Funds,5,1,0,32363.13,0
TXN-20283,CUST-3158,11283.0,UPI,Authentication Failed,10,1,3,26685.66,0
TXN-20284,CUST-1488,5679.32,UPI,Temporary Bank/Network Error,8,1,4,112957.42,1
TXN-20285,CUST-2192,10982.38,Debit Card,Insufficient Funds,5,1,0,101543.06,0
TXN-20286,CUST-2911,5443.03,UPI,Card Expired,5,0,3,145420.04,0
TXN-20287,CUST-2201,4029.34,UPI,Temporary Bank/Network Error,11,1,0,59439.31,1
TXN-20288,CUST-2196,8869.69,Net Banking,Insufficient Funds,7,0,1,143658.72,0
TXN-20289,CUST-2653,8817.21,Net Banking,Payment Gateway Timeout,7,0,0,82743.03,1
TXN-20290,CUST-1620,5069.61,UPI,Authentication Failed,9,1,0,33775.73,1
TXN-20291,CUST-1024,13513.85,Credit Card,Card Expired,5,0,1,75247.49,0
TXN-20292,CUST-1973,7178.43,UPI,Insufficient Funds,15,0,1,63695.29,1
TXN-20293,CUST-2711,2767.51,Credit Card,Insufficient Funds,10,0,0,56655.7,0
TXN-20294,CUST-1512,7306.26,Debit Card,Card Expired,6,0,1,47156.75,0
TXN-20295,CUST-3473,7303.66,Debit Card,Authentication Failed,8,1,1,75855.5,0
TXN-20296,CUST-3405,5326.69,Debit Card,Temporary Bank/Network Error,8,0,1,98338.32,1
TXN-20297,CUST-3237,3628.4,Debit Card,Insufficient Funds,9,0,2,21586.06,0
TXN-20298,CUST-3395,6455.88,Credit Card,Authentication Failed,6,0,2,75953.38,0
TXN-20299,CUST-3352,6490.36,UPI,Card Expired,9,1,3,38344.43,0
TXN-20300,CUST-1085,11925.83,Net Banking,Temporary Bank/Network Error,12,0,2,46884.19,1
TXN-20301,CUST-2185,7173.95,UPI,Insufficient Funds,4,1,3,59477.65,0
TXN-20302,CUST-2913,4985.58,Debit Card,Authentication Failed,6,1,1,68925.36,0
TXN-20303,CUST-2561,6156.45,UPI,Payment Gateway Timeout,14,0,1,56399.84,1
TXN-20304,CUST-3348,3219.86,UPI,Temporary Bank/Network Error,9,1,1,154650.48,1
TXN-20305,CUST-1303,17577.0,Debit Card,Temporary Bank/Network Error,9,0,0,122158.66,1
TXN-20306,CUST-1557,9172.6,Debit Card,Insufficient Funds,10,0,3,34498.54,0
TXN-20307,CUST-2459,14496.6,Debit Card,Payment Gateway Timeout,9,0,4,82993.49,0
TXN-20308,CUST-2629,6554.65,UPI,Card Expired,10,0,1,52101.0,0
TXN-20309,CUST-3025,7259.0,Debit Card,Insufficient Funds,7,0,2,67927.25,0
TXN-20310,CUST-1603,7609.89,Debit Card,Insufficient Funds,10,1,2,73778.12,0
TXN-20311,CUST-3038,5710.55,UPI,Insufficient Funds,5,0,2,99313.8,0
TXN-20312,CUST-3473,8565.94,Credit Card,Payment Gateway Timeout,6,1,2,122080.31,1
TXN-20313,CUST-2737,14417.21,Credit Card,Temporary Bank/Network Error,6,1,2,77794.2,1
TXN-20314,CUST-1347,2285.45,UPI,Insufficient Funds,9,1,2,106557.03,1
TXN-20315,CUST-2625,8928.64,Debit Card,Temporary Bank/Network Error,2,0,3,65464.17,0
TXN-20316,CUST-3033,13063.69,Credit Card,Temporary Bank/Network Error,10,1,2,82229.95,1
TXN-20317,CUST-1877,11282.03,Net Banking,Authentication Failed,12,1,1,92759.05,1
TXN-20318,CUST-2580,5816.75,UPI,Card Expired,6,0,1,77516.99,0
TXN-20319,CUST-1178,11851.94,Credit Card,Insufficient Funds,7,0,4,107673.85,0
TXN-20320,CUST-3002,5964.38,UPI,Payment Gateway Timeout,9,1,2,58673.25,1
TXN-20321,CUST-1519,5358.01,Debit Card,Temporary Bank/Network Error,2,0,1,35700.2,0
TXN-20322,CUST-1911,6832.66,UPI,Insufficient Funds,13,0,1,150535.57,1
TXN-20323,CUST-2129,3275.66,Credit Card,Payment Gateway Timeout,6,1,3,110804.16,1
TXN-20324,CUST-2905,4069.6,UPI,Card Expired,6,1,1,172430.08,0
TXN-20325,CUST-2546,18070.22,Credit Card,Authentication Failed,9,1,1,219929.37,1
TXN-20326,CUST-3209,12196.45,UPI,Authentication Failed,5,1,3,109028.34,0
TXN-20327,CUST-3354,7871.18,Credit Card,Payment Gateway Timeout,11,0,0,102946.53,1
TXN-20328,CUST-1098,2720.29,Debit Card,Card Expired,5,1,0,110532.8,0
TXN-20329,CUST-1223,10585.62,Credit Card,Temporary Bank/Network Error,7,1,3,89924.53,1
TXN-20330,CUST-2857,2286.37,UPI,Payment Gateway Timeout,8,0,4,49529.85,0
TXN-20331,CUST-1975,10416.39,UPI,Insufficient Funds,9,1,1,42167.46,1
TXN-20332,CUST-2797,5776.97,Credit Card,Payment Gateway Timeout,10,1,1,80745.4,1
TXN-20333,CUST-1110,4714.55,Credit Card,Temporary Bank/Network Error,9,1,1,46370.86,1
TXN-20334,CUST-1766,9831.03,Credit Card,Card Expired,10,0,0,166191.24,0
TXN-20335,CUST-1549,5171.46,Net Banking,Insufficient Funds,9,1,2,90128.28,0
TXN-20336,CUST-1474,6377.39,Credit Card,Authentication Failed,7,0,1,83634.61,0
TXN-20337,CUST-3111,9110.92,Credit Card,Card Expired,11,1,0,77394.42,1
TXN-20338,CUST-2678,4465.04,Wallet,Card Expired,4,0,2,55023.55,0
TXN-20339,CUST-2832,11170.57,Net Banking,Temporary Bank/Network Error,9,1,1,51205.21,1
TXN-20340,CUST-1856,12349.86,Credit Card,Authentication Failed,3,1,0,69362.74,0
TXN-20341,CUST-1768,6662.0,UPI,Authentication Failed,5,0,3,79771.85,0
TXN-20342,CUST-1170,3918.51,Debit Card,Insufficient Funds,12,1,1,132826.57,1
TXN-20343,CUST-1320,3020.01,UPI,Insufficient Funds,7,0,2,92646.7,0
TXN-20344,CUST-1080,2722.97,UPI,Temporary Bank/Network Error,12,0,2,72535.49,1
TXN-20345,CUST-3385,11304.16,Net Banking,Payment Gateway Timeout,8,1,2,64970.53,1
TXN-20346,CUST-2654,7640.73,Wallet,Temporary Bank/Network Error,8,1,1,67049.25,1
TXN-20347,CUST-3496,6107.81,Debit Card,Payment Gateway Timeout,8,0,1,63628.8,0
TXN-20348,CUST-3045,8833.22,Credit Card,Temporary Bank/Network Error,3,0,1,29571.67,0
TXN-20349,CUST-2803,8154.11,Debit Card,Temporary Bank/Network Error,7,0,1,134910.31,1
TXN-20350,CUST-1419,7879.42,Wallet,Insufficient Funds,9,1,4,37891.77,0
TXN-20351,CUST-2928,3849.24,Net Banking,Payment Gateway Timeout,4,0,1,64800.79,0
TXN-20352,CUST-3396,5646.02,Net Banking,Card Expired,11,1,3,27420.97,0
TXN-20353,CUST-3098,5268.48,Wallet,Authentication Failed,3,0,2,120362.31,0
TXN-20354,CUST-1926,7926.47,Wallet,Temporary Bank/Network Error,8,0,5,99002.26,0
TXN-20355,CUST-1742,8519.18,Debit Card,Temporary Bank/Network Error,11,0,2,103186.96,1
TXN-20356,CUST-1511,6747.83,UPI,Insufficient Funds,6,0,0,157496.74,0
TXN-20357,CUST-1834,3207.8,Net Banking,Insufficient Funds,6,1,4,77093.16,0
TXN-20358,CUST-2149,10552.59,Wallet,Payment Gateway Timeout,5,1,1,68320.85,1
TXN-20359,CUST-1077,4828.25,UPI,Insufficient Funds,12,0,4,58515.55,0
TXN-20360,CUST-2509,23907.45,UPI,Authentication Failed,9,1,1,124683.19,1
TXN-20361,CUST-2670,17127.66,Debit Card,Authentication Failed,10,0,2,88873.01,0
TXN-20362,CUST-1704,11959.38,Wallet,Insufficient Funds,7,0,2,78522.64,0
TXN-20363,CUST-1548,15161.18,Net Banking,Temporary Bank/Network Error,9,0,2,49541.52,0
TXN-20364,CUST-2315,15447.85,Net Banking,Payment Gateway Timeout,9,1,0,100888.85,1
TXN-20365,CUST-1806,27272.0,UPI,Insufficient Funds,13,0,1,57285.54,0
TXN-20366,CUST-2496,11596.29,UPI,Insufficient Funds,12,1,1,49563.97,1
TXN-20367,CUST-2056,7152.29,Wallet,Authentication Failed,9,0,2,66812.2,0
TXN-20368,CUST-2466,4548.01,Wallet,Temporary Bank/Network Error,6,1,0,63339.5,1
TXN-20369,CUST-2446,11990.13,Net Banking,Authentication Failed,6,0,1,62500.9,0
TXN-20370,CUST-2104,10296.39,UPI,Card Expired,13,1,1,51149.26,1
TXN-20371,CUST-2709,17314.42,Credit Card,Payment Gateway Timeout,5,1,0,91783.12,1
TXN-20372,CUST-2589,6290.53,UPI,Insufficient Funds,7,1,4,55479.09,0
TXN-20373,CUST-3232,4721.37,Debit Card,Temporary Bank/Network Error,9,1,1,79383.86,1
TXN-20374,CUST-3179,3798.53,UPI,Insufficient Funds,6,0,2,76307.56,0
TXN-20375,CUST-1969,2002.2,Credit Card,Insufficient Funds,4,1,1,74548.43,0
TXN-20376,CUST-1643,4777.83,UPI,Temporary Bank/Network Error,8,0,2,34616.19,1
TXN-20377,CUST-2032,7568.03,UPI,Card Expired,10,0,2,64288.0,0
TXN-20378,CUST-2444,5762.34,Net Banking,Temporary Bank/Network Error,4,1,2,25548.41,1
TXN-20379,CUST-2676,7974.03,Wallet,Insufficient Funds,9,1,1,153690.53,1
TXN-20380,CUST-2015,10772.72,UPI,Authentication Failed,8,1,4,76511.99,0
TXN-20381,CUST-3470,8007.6,UPI,Authentication Failed,7,1,1,62387.66,0
TXN-20382,CUST-2922,4724.88,Wallet,Temporary Bank/Network Error,7,0,2,77078.45,0
TXN-20383,CUST-1652,12694.21,Wallet,Insufficient Funds,5,1,1,96158.93,0
TXN-20384,CUST-2122,7347.65,Credit Card,Insufficient Funds,11,1,0,87563.68,1
TXN-20385,CUST-1965,4874.94,Credit Card,Insufficient Funds,9,1,4,76434.74,0
TXN-20386,CUST-2971,5018.8,Wallet,Card Expired,5,1,3,71376.75,0
TXN-20387,CUST-1918,12179.18,Credit Card,Card Expired,8,0,2,117028.29,0
TXN-20388,CUST-2896,4102.63,Debit Card,Temporary Bank/Network Error,12,1,5,85988.0,1
TXN-20389,CUST-1477,20908.47,UPI,Insufficient Funds,7,1,3,73999.28,0
TXN-20390,CUST-2128,2940.84,Credit Card,Temporary Bank/Network Error,4,1,2,53382.16,1
TXN-20391,CUST-3207,9198.65,UPI,Insufficient Funds,9,0,1,119102.9,0
TXN-20392,CUST-2097,12956.36,Debit Card,Insufficient Funds,7,0,2,67121.97,0
TXN-20393,CUST-2121,6883.51,Debit Card,Card Expired,9,1,1,83415.79,0
TXN-20394,CUST-1511,5654.09,UPI,Temporary Bank/Network Error,6,1,2,120885.2,1
TXN-20395,CUST-2256,7060.21,Credit Card,Insufficient Funds,12,1,0,67052.48,1
TXN-20396,CUST-1273,10358.08,Credit Card,Temporary Bank/Network Error,12,1,1,83381.7,1
TXN-20397,CUST-2156,6162.65,Net Banking,Insufficient Funds,3,0,2,60440.97,0
TXN-20398,CUST-1609,7310.45,Credit Card,Payment Gateway Timeout,5,0,3,34762.76,0
TXN-20399,CUST-3458,5937.75,Credit Card,Temporary Bank/Network Error,4,1,3,123573.83,1
TXN-20400,CUST-1729,3229.49,UPI,Insufficient Funds,8,1,0,134650.5,1
TXN-20401,CUST-3429,5962.86,UPI,Card Expired,12,1,0,190495.55,1
TXN-20402,CUST-2129,5568.15,Debit Card,Payment Gateway Timeout,9,0,3,105411.54,0
TXN-20403,CUST-2956,15575.37,Net Banking,Temporary Bank/Network Error,7,0,1,58361.26,0
TXN-20404,CUST-2368,11123.12,Credit Card,Authentication Failed,12,0,0,129511.21,1
TXN-20405,CUST-2929,15019.3,UPI,Authentication Failed,4,1,4,94734.75,0
TXN-20406,CUST-2005,8171.11,Wallet,Authentication Failed,7,1,1,47638.52,0
TXN-20407,CUST-3018,12557.39,Net Banking,Card Expired,4,1,2,60073.6,0
TXN-20408,CUST-1154,4344.52,Credit Card,Temporary Bank/Network Error,7,1,0,50283.08,1
TXN-20409,CUST-2809,9185.92,Wallet,Authentication Failed,8,1,0,90298.26,1
TXN-20410,CUST-1610,6526.47,Debit Card,Payment Gateway Timeout,8,0,3,80059.13,0
TXN-20411,CUST-2489,9633.88,UPI,Authentication Failed,12,1,1,38798.75,1
TXN-20412,CUST-3333,8809.45,UPI,Authentication Failed,9,1,0,206774.45,1
TXN-20413,CUST-1125,3533.05,Credit Card,Payment Gateway Timeout,7,0,2,89492.82,0
TXN-20414,CUST-2901,13714.47,Debit Card,Insufficient Funds,11,1,3,69814.08,0
TXN-20415,CUST-1037,7461.16,Credit Card,Card Expired,3,0,1,48852.89,0
TXN-20416,CUST-3264,23735.83,UPI,Authentication Failed,6,1,3,78383.39,0
TXN-20417,CUST-2594,14499.79,UPI,Insufficient Funds,5,1,2,41561.97,0
TXN-20418,CUST-2552,5200.79,Net Banking,Insufficient Funds,7,1,0,143997.66,1
TXN-20419,CUST-3216,5917.14,UPI,Temporary Bank/Network Error,6,0,5,121114.86,0
TXN-20420,CUST-1919,7272.68,Credit Card,Temporary Bank/Network Error,7,1,1,54937.59,1
TXN-20421,CUST-1292,16682.01,UPI,Authentication Failed,8,1,2,110511.9,0
TXN-20422,CUST-2061,9872.82,Net Banking,Insufficient Funds,9,1,0,62243.37,1
TXN-20423,CUST-1187,4329.93,UPI,Payment Gateway Timeout,3,0,1,153843.59,0
TXN-20424,CUST-2085,3083.15,Net Banking,Card Expired,7,1,0,96344.98,0
TXN-20425,CUST-3230,22495.44,Debit Card,Payment Gateway Timeout,9,0,2,144153.55,0
TXN-20426,CUST-2354,20127.4,Credit Card,Insufficient Funds,14,0,0,54832.0,1
TXN-20427,CUST-3349,5996.46,Debit Card,Temporary Bank/Network Error,8,1,0,18291.08,1
TXN-20428,CUST-3265,12146.54,UPI,Payment Gateway Timeout,10,1,1,74841.74,1
TXN-20429,CUST-1437,3641.8,UPI,Authentication Failed,6,1,2,46529.71,0
TXN-20430,CUST-1069,8120.5,Debit Card,Temporary Bank/Network Error,8,1,1,113498.55,1
TXN-20431,CUST-2021,6894.59,UPI,Card Expired,13,0,1,139970.33,1
TXN-20432,CUST-1159,11419.89,UPI,Payment Gateway Timeout,4,1,2,45209.1,1
TXN-20433,CUST-3215,7690.33,UPI,Payment Gateway Timeout,10,1,0,87527.7,1
TXN-20434,CUST-2047,3274.16,UPI,Payment Gateway Timeout,14,0,2,44152.09,1
TXN-20435,CUST-1300,6051.46,Debit Card,Insufficient Funds,5,0,4,48279.22,0
TXN-20436,CUST-1889,9603.46,Credit Card,Temporary Bank/Network Error,11,1,1,114136.21,1
TXN-20437,CUST-3115,4589.22,Credit Card,Temporary Bank/Network Error,7,0,1,169628.4,1
TXN-20438,CUST-3319,7547.86,Credit Card,Card Expired,6,0,1,79269.93,0
TXN-20439,CUST-1625,9432.85,UPI,Payment Gateway Timeout,8,1,0,100137.71,1
TXN-20440,CUST-3360,4053.28,Credit Card,Insufficient Funds,4,0,1,88250.3,0
TXN-20441,CUST-3105,7169.12,UPI,Payment Gateway Timeout,9,1,2,79587.24,1
TXN-20442,CUST-3289,9048.68,UPI,Payment Gateway Timeout,9,1,0,95577.14,1
TXN-20443,CUST-1982,4130.8,Credit Card,Authentication Failed,12,0,3,133250.75,0
TXN-20444,CUST-1326,3947.03,UPI,Temporary Bank/Network Error,9,0,2,48513.72,1
TXN-20445,CUST-2571,4162.0,Net Banking,Temporary Bank/Network Error,6,0,3,115253.02,0
TXN-20446,CUST-1301,3411.76,UPI,Payment Gateway Timeout,9,1,1,55589.4,1
TXN-20447,CUST-2060,4852.12,Net Banking,Temporary Bank/Network Error,10,0,1,43907.11,1
TXN-20448,CUST-3241,6724.81,Debit Card,Insufficient Funds,7,0,1,89623.14,0
TXN-20449,CUST-1798,2424.19,Debit Card,Payment Gateway Timeout,3,1,2,62957.2,0
TXN-20450,CUST-1517,5654.8,Credit Card,Authentication Failed,9,0,1,143581.78,0
TXN-20451,CUST-1416,5104.02,UPI,Temporary Bank/Network Error,4,1,3,53080.74,1
TXN-20452,CUST-2682,10886.73,Debit Card,Insufficient Funds,9,0,1,30144.98,0
TXN-20453,CUST-2888,12104.8,Credit Card,Payment Gateway Timeout,5,1,1,79580.58,1
TXN-20454,CUST-1990,8735.28,UPI,Insufficient Funds,6,0,1,80897.27,0
TXN-20455,CUST-1352,3848.24,Debit Card,Card Expired,6,1,1,40600.09,0
TXN-20456,CUST-2203,7648.07,Credit Card,Temporary Bank/Network Error,9,1,0,135202.0,1
TXN-20457,CUST-2983,11171.93,Wallet,Card Expired,4,0,1,30825.62,0
TXN-20458,CUST-2369,13413.5,UPI,Temporary Bank/Network Error,11,0,1,33188.94,1
TXN-20459,CUST-3286,6160.12,UPI,Insufficient Funds,7,0,0,32181.94,0
TXN-20460,CUST-1694,6472.34,Credit Card,Insufficient Funds,6,1,0,131056.55,1
TXN-20461,CUST-3479,8199.93,UPI,Payment Gateway Timeout,10,1,1,59870.23,1
TXN-20462,CUST-2576,3942.14,Net Banking,Card Expired,7,1,0,58736.95,0
TXN-20463,CUST-1646,7733.71,UPI,Insufficient Funds,13,0,0,82931.77,1
TXN-20464,CUST-3061,8720.16,Debit Card,Payment Gateway Timeout,9,0,0,127636.2,1
TXN-20465,CUST-2759,6405.94,UPI,Payment Gateway Timeout,9,1,0,82085.33,1
TXN-20466,CUST-2675,6781.47,Net Banking,Temporary Bank/Network Error,9,1,2,182811.13,1
TXN-20467,CUST-2481,16315.13,UPI,Temporary Bank/Network Error,7,1,0,86913.4,1
TXN-20468,CUST-2165,2654.42,Credit Card,Temporary Bank/Network Error,10,1,0,182601.99,1
TXN-20469,CUST-1058,23641.32,Wallet,Temporary Bank/Network Error,7,0,1,111734.16,1
TXN-20470,CUST-2929,12482.55,Credit Card,Insufficient Funds,7,1,2,54404.78,0
TXN-20471,CUST-1964,8044.01,UPI,Authentication Failed,7,1,3,66812.67,0
TXN-20472,CUST-2478,11669.81,Net Banking,Temporary Bank/Network Error,4,1,2,84696.26,1
TXN-20473,CUST-1534,6652.04,Credit Card,Card Expired,8,1,1,62054.87,0
TXN-20474,CUST-3108,4848.28,Net Banking,Authentication Failed,10,1,0,78743.73,1
TXN-20475,CUST-2033,8800.05,Wallet,Temporary Bank/Network Error,9,0,1,94485.13,1
TXN-20476,CUST-2492,11215.96,Net Banking,Authentication Failed,19,1,2,91764.89,1
TXN-20477,CUST-2609,7041.37,Credit Card,Temporary Bank/Network Error,11,0,1,46175.81,1
TXN-20478,CUST-1172,8316.68,UPI,Insufficient Funds,3,0,4,46364.07,0
TXN-20479,CUST-2716,4938.04,Credit Card,Payment Gateway Timeout,6,0,1,79420.4,0
TXN-20480,CUST-1929,4882.81,Credit Card,Temporary Bank/Network Error,8,1,3,223928.97,1
TXN-20481,CUST-1471,7534.65,UPI,Payment Gateway Timeout,11,1,0,56917.76,1
TXN-20482,CUST-1004,3855.03,UPI,Payment Gateway Timeout,9,0,0,93160.8,1
TXN-20483,CUST-1202,17747.03,UPI,Insufficient Funds,4,1,1,160890.91,0
TXN-20484,CUST-3436,9766.85,Credit Card,Insufficient Funds,6,0,1,98418.6,0
TXN-20485,CUST-3250,6579.59,Net Banking,Authentication Failed,4,0,1,77827.43,0
TXN-20486,CUST-1827,11154.44,Wallet,Insufficient Funds,8,0,0,35040.13,0
TXN-20487,CUST-1313,7673.38,Credit Card,Payment Gateway Timeout,6,1,0,56371.32,1
TXN-20488,CUST-1046,20214.51,Debit Card,Temporary Bank/Network Error,11,0,2,58601.13,1
TXN-20489,CUST-3453,4445.52,UPI,Insufficient Funds,8,1,0,96518.2,1
TXN-20490,CUST-1237,4004.09,Credit Card,Insufficient Funds,10,1,4,36040.64,0
TXN-20491,CUST-2392,7173.12,Credit Card,Temporary Bank/Network Error,7,0,2,188947.9,1
TXN-20492,CUST-2242,10694.79,UPI,Payment Gateway Timeout,8,1,1,100298.79,1
TXN-20493,CUST-2090,5083.22,Credit Card,Authentication Failed,11,0,0,58153.65,0
TXN-20494,CUST-1967,4298.06,Wallet,Temporary Bank/Network Error,7,0,0,135902.13,1
TXN-20495,CUST-1957,5728.26,Credit Card,Temporary Bank/Network Error,11,1,0,62216.88,1
TXN-20496,CUST-2865,9653.17,Credit Card,Payment Gateway Timeout,4,0,0,180810.39,0
TXN-20497,CUST-2779,4450.35,Wallet,Payment Gateway Timeout,8,0,3,76886.41,0
TXN-20498,CUST-2804,4575.19,Credit Card,Insufficient Funds,5,1,1,115672.63,0
TXN-20499,CUST-3299,7980.09,Net Banking,Temporary Bank/Network Error,10,1,5,212742.4,0
TXN-20500,CUST-3386,15026.12,UPI,Insufficient Funds,5,1,2,68212.01,0
TXN-20501,CUST-1561,5568.81,Debit Card,Payment Gateway Timeout,6,1,3,111819.57,1
TXN-20502,CUST-2223,5564.19,UPI,Temporary Bank/Network Error,9,1,2,57772.48,1
TXN-20503,CUST-2882,14747.3,UPI,Payment Gateway Timeout,6,1,2,103817.2,1
TXN-20504,CUST-2997,1898.07,Credit Card,Payment Gateway Timeout,4,1,2,47011.29,1
TXN-20505,CUST-1848,9225.95,UPI,Payment Gateway Timeout,7,0,2,51518.45,0
TXN-20506,CUST-3258,16659.43,Debit Card,Temporary Bank/Network Error,4,0,2,111069.1,0
TXN-20507,CUST-1694,7488.32,UPI,Temporary Bank/Network Error,8,1,1,218822.42,1
TXN-20508,CUST-1345,11057.42,UPI,Authentication Failed,7,0,0,97950.79,0
TXN-20509,CUST-1425,4342.17,Credit Card,Temporary Bank/Network Error,5,1,4,102464.87,1
TXN-20510,CUST-1911,9268.39,UPI,Temporary Bank/Network Error,8,1,2,60570.96,1
TXN-20511,CUST-3147,8949.41,Credit Card,Insufficient Funds,13,0,0,59914.17,1
TXN-20512,CUST-2099,6584.67,UPI,Insufficient Funds,4,1,1,57442.88,0
TXN-20513,CUST-2847,13339.06,UPI,Insufficient Funds,11,1,0,179380.69,1
TXN-20514,CUST-1280,3247.53,Debit Card,Authentication Failed,1,1,1,90110.39,0
TXN-20515,CUST-1103,12685.99,Credit Card,Insufficient Funds,5,0,1,152595.92,0
TXN-20516,CUST-2655,4992.76,Debit Card,Temporary Bank/Network Error,7,0,0,77558.44,1
TXN-20517,CUST-2790,8470.48,Net Banking,Card Expired,12,0,1,34991.39,0
TXN-20518,CUST-3292,4062.99,Net Banking,Temporary Bank/Network Error,8,1,0,42050.49,1
TXN-20519,CUST-1469,9407.13,Debit Card,Insufficient Funds,14,0,0,57619.3,1
TXN-20520,CUST-1643,13732.05,Credit Card,Temporary Bank/Network Error,4,1,0,97557.06,1
TXN-20521,CUST-3201,4269.51,Net Banking,Insufficient Funds,11,1,0,36358.16,1
TXN-20522,CUST-3308,7722.49,UPI,Temporary Bank/Network Error,10,0,4,170726.78,1
TXN-20523,CUST-1836,7612.09,Debit Card,Insufficient Funds,8,1,2,129668.38,0
TXN-20524,CUST-3081,3930.47,Wallet,Temporary Bank/Network Error,13,1,3,163894.46,1
TXN-20525,CUST-3073,2587.77,Net Banking,Authentication Failed,10,1,2,66853.82,1
TXN-20526,CUST-1901,4429.79,Credit Card,Insufficient Funds,7,1,1,118239.16,1
TXN-20527,CUST-2608,7868.83,UPI,Authentication Failed,7,1,2,154795.12,1
TXN-20528,CUST-2553,3304.56,UPI,Payment Gateway Timeout,7,1,1,65148.92,1
TXN-20529,CUST-1371,3093.05,UPI,Temporary Bank/Network Error,10,0,2,134857.0,1
TXN-20530,CUST-2825,8575.07,Credit Card,Card Expired,6,1,5,162076.98,0
TXN-20531,CUST-1829,12752.0,UPI,Card Expired,1,1,2,32562.91,0
TXN-20532,CUST-3092,7671.91,Credit Card,Temporary Bank/Network Error,2,0,4,57225.32,0
TXN-20533,CUST-3190,4677.62,Net Banking,Insufficient Funds,10,0,3,40292.15,0
TXN-20534,CUST-2330,14604.25,UPI,Insufficient Funds,13,0,0,118840.91,1
TXN-20535,CUST-2713,7923.74,Credit Card,Authentication Failed,8,0,2,55601.88,0
TXN-20536,CUST-1715,4874.56,UPI,Payment Gateway Timeout,9,1,0,62769.62,1
TXN-20537,CUST-1463,5319.76,Wallet,Authentication Failed,16,0,5,82887.87,0
TXN-20538,CUST-1254,8413.53,Credit Card,Insufficient Funds,6,1,2,222019.71,0
TXN-20539,CUST-2166,5984.04,UPI,Temporary Bank/Network Error,6,1,0,107061.07,1
TXN-20540,CUST-3150,7980.41,UPI,Authentication Failed,5,1,1,40134.64,0
TXN-20541,CUST-2654,10505.61,UPI,Temporary Bank/Network Error,9,1,4,59704.59,1
TXN-20542,CUST-1501,2029.72,Debit Card,Temporary Bank/Network Error,12,0,1,103250.55,1
TXN-20543,CUST-3245,9438.37,UPI,Payment Gateway Timeout,8,0,3,36480.45,0
TXN-20544,CUST-2307,9563.27,Debit Card,Card Expired,9,0,5,98306.08,0
TXN-20545,CUST-1341,3442.4,Credit Card,Insufficient Funds,6,0,2,127207.82,0
TXN-20546,CUST-2181,5783.09,UPI,Insufficient Funds,8,1,0,46964.67,1
TXN-20547,CUST-1391,6062.92,UPI,Authentication Failed,12,1,4,44703.42,1
TXN-20548,CUST-2757,4101.78,UPI,Insufficient Funds,8,0,0,101164.76,0
TXN-20549,CUST-1525,6146.08,Debit Card,Temporary Bank/Network Error,7,1,2,105759.68,1
TXN-20550,CUST-3473,2910.03,UPI,Payment Gateway Timeout,8,0,1,62239.59,1
TXN-20551,CUST-3381,6903.59,Net Banking,Temporary Bank/Network Error,8,1,2,74711.8,1
TXN-20552,CUST-1716,9662.64,Credit Card,Temporary Bank/Network Error,7,1,2,56193.74,1
TXN-20553,CUST-3259,10173.37,Credit Card,Temporary Bank/Network Error,4,0,2,87132.8,0
TXN-20554,CUST-2848,12309.66,Debit Card,Insufficient Funds,11,1,3,67961.72,0
TXN-20555,CUST-1372,7144.08,Credit Card,Insufficient Funds,4,1,2,35418.49,0
TXN-20556,CUST-2349,7632.31,UPI,Payment Gateway Timeout,10,0,0,59823.97,1
TXN-20557,CUST-2450,6219.56,Debit Card,Insufficient Funds,12,1,2,91296.54,1
TXN-20558,CUST-3250,5656.48,Net Banking,Authentication Failed,10,1,2,35580.47,0
TXN-20559,CUST-2105,7860.62,Net Banking,Payment Gateway Timeout,5,0,2,63394.55,0
TXN-20560,CUST-3075,10137.16,UPI,Payment Gateway Timeout,7,1,1,60237.22,1
TXN-20561,CUST-1689,2341.28,Credit Card,Authentication Failed,8,1,1,246739.23,1
TXN-20562,CUST-2613,8932.87,Wallet,Insufficient Funds,7,0,1,65727.47,0
TXN-20563,CUST-2756,14785.55,UPI,Insufficient Funds,8,1,1,141058.19,1
TXN-20564,CUST-2641,7037.32,Credit Card,Temporary Bank/Network Error,5,1,2,42352.67,1
TXN-20565,CUST-2075,8620.16,Net Banking,Authentication Failed,8,0,4,46605.62,0
TXN-20566,CUST-3173,8085.86,UPI,Payment Gateway Timeout,7,1,0,71189.38,1
TXN-20567,CUST-1928,7466.07,UPI,Payment Gateway Timeout,3,1,1,97586.68,1
TXN-20568,CUST-1387,4453.34,Debit Card,Authentication Failed,6,1,2,77713.7,0
TXN-20569,CUST-3327,18196.39,Credit Card,Temporary Bank/Network Error,16,1,1,120197.83,1
TXN-20570,CUST-1084,6705.98,Credit Card,Temporary Bank/Network Error,4,1,2,56678.49,1
TXN-20571,CUST-1484,15071.11,UPI,Insufficient Funds,5,1,5,63752.82,0
TXN-20572,CUST-1931,7657.55,UPI,Authentication Failed,11,1,1,47721.46,1
TXN-20573,CUST-1807,5354.86,Credit Card,Insufficient Funds,5,0,2,94579.26,0
TXN-20574,CUST-3436,14036.27,Credit Card,Insufficient Funds,9,1,2,102720.89,0
TXN-20575,CUST-2866,2439.67,UPI,Insufficient Funds,8,1,2,66342.67,0
TXN-20576,CUST-1032,9166.38,UPI,Insufficient Funds,9,1,2,182748.96,1
TXN-20577,CUST-1317,4492.75,Net Banking,Authentication Failed,4,0,0,99992.62,0
TXN-20578,CUST-1142,4289.1,Credit Card,Temporary Bank/Network Error,6,1,1,36501.89,1
TXN-20579,CUST-1138,6423.02,UPI,Payment Gateway Timeout,8,1,1,127944.29,1
TXN-20580,CUST-2653,5274.89,Credit Card,Authentication Failed,7,0,2,210809.34,0
TXN-20581,CUST-1544,2117.74,UPI,Temporary Bank/Network Error,6,1,2,114124.52,1
TXN-20582,CUST-3312,7324.06,UPI,Temporary Bank/Network Error,8,0,0,94552.25,1
TXN-20583,CUST-1443,7470.83,Credit Card,Temporary Bank/Network Error,15,0,0,55712.91,1
TXN-20584,CUST-2418,4497.07,Credit Card,Insufficient Funds,12,1,0,94514.03,1
TXN-20585,CUST-2245,3976.03,UPI,Authentication Failed,8,0,1,70189.79,0
TXN-20586,CUST-2274,4446.45,UPI,Temporary Bank/Network Error,11,1,2,48126.48,1
TXN-20587,CUST-3059,15794.89,Credit Card,Temporary Bank/Network Error,9,0,2,64052.48,1
TXN-20588,CUST-3032,13327.43,Debit Card,Authentication Failed,13,0,0,121646.02,1
TXN-20589,CUST-1436,3294.12,Debit Card,Authentication Failed,5,0,1,73256.31,0
TXN-20590,CUST-1315,8104.94,Net Banking,Authentication Failed,10,0,1,42913.54,0
TXN-20591,CUST-2060,4663.77,UPI,Insufficient Funds,10,1,0,95973.35,1
TXN-20592,CUST-1943,18152.14,Wallet,Authentication Failed,7,1,2,97697.32,0
TXN-20593,CUST-2751,6653.32,Credit Card,Temporary Bank/Network Error,10,1,0,107265.05,1
TXN-20594,CUST-1055,10388.86,UPI,Card Expired,9,1,1,49385.87,1
TXN-20595,CUST-3268,3668.39,UPI,Payment Gateway Timeout,10,0,1,53377.65,1
TXN-20596,CUST-2961,2371.24,UPI,Card Expired,4,0,2,77664.08,0
TXN-20597,CUST-1028,9501.07,UPI,Temporary Bank/Network Error,8,0,1,93862.72,1
TXN-20598,CUST-2005,7052.54,Net Banking,Payment Gateway Timeout,10,1,3,36533.71,1
TXN-20599,CUST-1516,13430.8,Credit Card,Insufficient Funds,7,0,0,138092.21,0
TXN-20600,CUST-2834,4731.64,Debit Card,Insufficient Funds,11,0,3,40308.13,0
TXN-20601,CUST-1175,5361.6,UPI,Temporary Bank/Network Error,11,1,1,95131.81,1
TXN-20602,CUST-1881,5914.17,Debit Card,Payment Gateway Timeout,3,1,4,55736.3,0
TXN-20603,CUST-2517,9864.05,Debit Card,Payment Gateway Timeout,7,1,2,68758.54,1
TXN-20604,CUST-1907,3050.52,Debit Card,Authentication Failed,4,0,2,44805.78,0
TXN-20605,CUST-2995,6119.05,Credit Card,Card Expired,9,1,1,39024.82,0
TXN-20606,CUST-1266,8684.83,Net Banking,Insufficient Funds,11,1,0,29847.64,1
TXN-20607,CUST-2466,6549.18,Net Banking,Card Expired,7,1,3,116801.37,0
TXN-20608,CUST-2035,9796.35,Credit Card,Insufficient Funds,9,0,0,69752.38,0
TXN-20609,CUST-3305,4839.27,Debit Card,Authentication Failed,10,1,2,172247.72,1
TXN-20610,CUST-2397,3997.51,Credit Card,Payment Gateway Timeout,6,0,0,182295.1,1
TXN-20611,CUST-1583,15751.71,UPI,Temporary Bank/Network Error,6,1,2,67290.27,1
TXN-20612,CUST-1624,9541.16,UPI,Authentication Failed,8,0,2,51562.08,0
TXN-20613,CUST-1894,7037.18,Debit Card,Temporary Bank/Network Error,10,1,0,63442.42,1
TXN-20614,CUST-1829,7096.76,UPI,Payment Gateway Timeout,11,0,2,40293.94,1
TXN-20615,CUST-1183,5112.28,UPI,Authentication Failed,9,0,0,22504.98,0
TXN-20616,CUST-2635,12330.69,Net Banking,Temporary Bank/Network Error,6,0,1,100041.56,0
TXN-20617,CUST-3361,4166.41,UPI,Insufficient Funds,11,0,2,50045.75,0
TXN-20618,CUST-3410,3458.56,Credit Card,Card Expired,14,1,1,43504.38,1
TXN-20619,CUST-1678,2982.81,Debit Card,Authentication Failed,4,1,0,71710.88,0
TXN-20620,CUST-3249,4278.99,Net Banking,Payment Gateway Timeout,11,0,1,46826.15,1
TXN-20621,CUST-2275,4768.02,UPI,Insufficient Funds,6,0,1,32553.12,0
TXN-20622,CUST-2572,14169.85,Credit Card,Temporary Bank/Network Error,8,1,1,59110.62,1
TXN-20623,CUST-2930,6253.71,Net Banking,Payment Gateway Timeout,6,0,0,103178.7,0
TXN-20624,CUST-3112,1642.39,Credit Card,Authentication Failed,7,1,3,74576.62,0
TXN-20625,CUST-1872,11935.07,Credit Card,Card Expired,11,1,2,60820.78,1
TXN-20626,CUST-3375,7405.52,Wallet,Payment Gateway Timeout,11,0,3,96694.47,1
TXN-20627,CUST-3269,9119.33,UPI,Authentication Failed,5,1,4,65934.9,0
TXN-20628,CUST-3110,9669.83,Debit Card,Payment Gateway Timeout,5,1,0,90615.34,1
TXN-20629,CUST-2623,9666.38,Net Banking,Insufficient Funds,11,1,2,104069.83,1
TXN-20630,CUST-2560,11640.31,Net Banking,Temporary Bank/Network Error,9,1,3,140610.81,1
TXN-20631,CUST-3017,5486.09,UPI,Temporary Bank/Network Error,8,0,1,156027.38,1
TXN-20632,CUST-1275,22566.75,UPI,Payment Gateway Timeout,4,1,2,55462.33,0
TXN-20633,CUST-1944,5067.37,Debit Card,Temporary Bank/Network Error,9,0,1,99221.42,1
TXN-20634,CUST-2042,3285.94,Credit Card,Temporary Bank/Network Error,9,1,2,115967.39,1
TXN-20635,CUST-1008,10563.18,Net Banking,Authentication Failed,3,0,3,50101.68,0
TXN-20636,CUST-2225,6739.99,Credit Card,Authentication Failed,7,0,2,43325.79,0
TXN-20637,CUST-1539,6519.34,UPI,Payment Gateway Timeout,7,1,1,83757.76,1
TXN-20638,CUST-1685,9696.53,Credit Card,Temporary Bank/Network Error,13,1,4,62586.08,1
TXN-20639,CUST-2865,11410.64,UPI,Insufficient Funds,9,1,3,95342.16,0
TXN-20640,CUST-2902,6480.33,UPI,Temporary Bank/Network Error,8,1,0,48346.68,1
TXN-20641,CUST-1759,5614.43,Credit Card,Temporary Bank/Network Error,11,0,2,40351.89,1
TXN-20642,CUST-2832,4818.22,UPI,Temporary Bank/Network Error,14,0,3,48870.51,1
TXN-20643,CUST-2461,1974.12,UPI,Temporary Bank/Network Error,9,1,0,58938.76,1
TXN-20644,CUST-2919,8322.35,UPI,Temporary Bank/Network Error,9,0,2,74394.96,1
TXN-20645,CUST-2489,6058.94,Debit Card,Temporary Bank/Network Error,9,0,2,76945.44,1
TXN-20646,CUST-1511,9311.17,Credit Card,Temporary Bank/Network Error,5,0,0,46874.21,0
TXN-20647,CUST-1368,7962.88,Credit Card,Authentication Failed,8,0,1,82133.65,0
TXN-20648,CUST-1013,4893.73,Debit Card,Temporary Bank/Network Error,6,1,1,55541.6,1
TXN-20649,CUST-1369,8000.44,UPI,Payment Gateway Timeout,8,1,3,41574.59,1
TXN-20650,CUST-1912,5843.17,Debit Card,Authentication Failed,15,1,1,39324.62,1
TXN-20651,CUST-1752,7360.12,Net Banking,Payment Gateway Timeout,14,1,0,62972.74,1
TXN-20652,CUST-2774,6312.35,UPI,Temporary Bank/Network Error,7,0,2,95317.01,1
TXN-20653,CUST-3043,6381.36,UPI,Temporary Bank/Network Error,10,1,2,43097.13,1
TXN-20654,CUST-1887,7295.71,Wallet,Insufficient Funds,11,1,3,131031.66,1
TXN-20655,CUST-1891,5561.08,UPI,Insufficient Funds,11,1,6,96350.74,0
TXN-20656,CUST-1360,7582.61,Wallet,Temporary Bank/Network Error,8,0,1,58711.25,1
TXN-20657,CUST-2949,10965.86,Credit Card,Insufficient Funds,12,0,2,41756.08,0
TXN-20658,CUST-1402,17370.33,UPI,Temporary Bank/Network Error,8,0,4,89414.77,0
TXN-20659,CUST-1022,5153.7,Credit Card,Temporary Bank/Network Error,10,1,4,51175.45,1
TXN-20660,CUST-2149,2793.65,Net Banking,Insufficient Funds,9,1,0,82621.67,1
TXN-20661,CUST-1210,5611.11,Credit Card,Insufficient Funds,8,0,1,70688.01,0
TXN-20662,CUST-2982,12143.54,UPI,Insufficient Funds,7,0,0,97853.89,0
TXN-20663,CUST-2184,2119.81,Credit Card,Card Expired,6,0,1,91375.42,0
TXN-20664,CUST-1945,6565.47,Wallet,Card Expired,10,1,2,67518.74,0
TXN-20665,CUST-1747,5277.16,Credit Card,Insufficient Funds,13,1,1,88697.83,1
TXN-20666,CUST-2965,8324.86,Debit Card,Insufficient Funds,9,1,1,44881.04,1
TXN-20667,CUST-1151,8532.3,UPI,Insufficient Funds,9,1,2,81016.69,0
TXN-20668,CUST-2040,6600.87,UPI,Payment Gateway Timeout,6,1,0,48917.9,1
TXN-20669,CUST-1305,4602.23,Net Banking,Insufficient Funds,9,1,2,54933.1,0
TXN-20670,CUST-3131,5285.58,UPI,Payment Gateway Timeout,10,0,2,65352.26,1
TXN-20671,CUST-2245,11223.13,UPI,Authentication Failed,11,1,2,176415.48,1
TXN-20672,CUST-1284,3727.4,Credit Card,Card Expired,11,0,3,78611.55,0
TXN-20673,CUST-1628,6210.29,UPI,Payment Gateway Timeout,4,1,0,68288.85,1
TXN-20674,CUST-2448,4282.22,UPI,Temporary Bank/Network Error,4,1,0,102231.29,1
TXN-20675,CUST-1635,10408.74,Net Banking,Insufficient Funds,6,1,1,126433.37,0
TXN-20676,CUST-1732,5335.69,UPI,Payment Gateway Timeout,5,1,2,187518.88,1
TXN-20677,CUST-2609,6193.48,UPI,Insufficient Funds,11,1,1,63341.43,1
TXN-20678,CUST-1013,30333.64,Credit Card,Insufficient Funds,11,0,2,111858.22,0
TXN-20679,CUST-3300,2956.06,UPI,Temporary Bank/Network Error,10,1,1,56816.54,1
TXN-20680,CUST-1642,9651.46,Credit Card,Temporary Bank/Network Error,1,0,2,100040.92,0
TXN-20681,CUST-3041,7124.72,UPI,Card Expired,6,1,2,73466.12,0
TXN-20682,CUST-2856,14483.52,UPI,Payment Gateway Timeout,8,1,2,100373.22,1
TXN-20683,CUST-1429,7372.64,Net Banking,Temporary Bank/Network Error,10,1,3,103235.05,1
TXN-20684,CUST-3038,44350.34,UPI,Insufficient Funds,6,1,0,90413.64,0
TXN-20685,CUST-3009,5909.92,Debit Card,Authentication Failed,10,0,2,76523.25,0
TXN-20686,CUST-2369,7594.87,Credit Card,Insufficient Funds,12,1,2,37612.4,1
TXN-20687,CUST-1812,6483.8,Debit Card,Payment Gateway Timeout,12,1,1,120562.01,1
TXN-20688,CUST-1057,5518.7,UPI,Insufficient Funds,9,1,1,31948.84,1
TXN-20689,CUST-1624,6374.63,Net Banking,Temporary Bank/Network Error,6,1,0,53381.29,1
TXN-20690,CUST-3008,5556.66,UPI,Payment Gateway Timeout,3,0,1,66654.65,0
TXN-20691,CUST-2542,37372.57,Wallet,Temporary Bank/Network Error,12,1,1,56910.17,1
TXN-20692,CUST-1045,13584.0,Debit Card,Payment Gateway Timeout,11,0,1,82344.91,1
TXN-20693,CUST-2727,5739.15,UPI,Insufficient Funds,9,1,5,194021.73,0
TXN-20694,CUST-2690,10414.25,Debit Card,Temporary Bank/Network Error,8,0,1,43180.43,1
TXN-20695,CUST-2767,2806.07,UPI,Payment Gateway Timeout,7,0,2,55329.66,0
TXN-20696,CUST-2812,19152.7,Wallet,Insufficient Funds,8,0,0,87504.49,0
TXN-20697,CUST-1346,7652.39,Debit Card,Authentication Failed,5,1,3,87998.03,0
TXN-20698,CUST-1276,4415.41,Wallet,Authentication Failed,7,1,1,43542.69,0
TXN-20699,CUST-2530,7031.01,UPI,Payment Gateway Timeout,15,0,1,65939.44,1
TXN-20700,CUST-2957,3020.15,Debit Card,Card Expired,7,0,0,86339.39,0
TXN-20701,CUST-2563,2412.68,UPI,Payment Gateway Timeout,4,0,0,54328.44,0
TXN-20702,CUST-3122,8048.71,UPI,Insufficient Funds,6,1,2,35314.58,0
TXN-20703,CUST-2738,6075.81,Wallet,Temporary Bank/Network Error,8,1,0,144611.25,1
TXN-20704,CUST-1986,4983.67,Credit Card,Payment Gateway Timeout,9,1,1,89057.06,1
TXN-20705,CUST-2248,12819.58,Wallet,Authentication Failed,11,0,4,178000.32,0
TXN-20706,CUST-3223,10970.15,Debit Card,Temporary Bank/Network Error,6,1,0,113469.42,1
TXN-20707,CUST-1662,5517.54,UPI,Payment Gateway Timeout,3,1,2,51456.34,0
TXN-20708,CUST-1221,4163.65,Debit Card,Temporary Bank/Network Error,9,1,3,62998.46,1
TXN-20709,CUST-1754,9985.38,UPI,Insufficient Funds,12,1,1,33649.27,1
TXN-20710,CUST-1970,6463.61,Wallet,Insufficient Funds,9,1,1,101033.05,1
TXN-20711,CUST-1852,7976.72,Wallet,Temporary Bank/Network Error,9,1,3,147634.65,1
TXN-20712,CUST-2209,6548.3,UPI,Authentication Failed,9,0,2,43889.98,0
TXN-20713,CUST-3348,14848.26,Credit Card,Insufficient Funds,10,0,1,62386.71,0
TXN-20714,CUST-1049,9033.33,UPI,Card Expired,5,0,3,107104.77,0
TXN-20715,CUST-2442,6344.47,UPI,Temporary Bank/Network Error,6,1,3,79830.99,1
TXN-20716,CUST-1264,6883.3,Net Banking,Card Expired,7,1,0,60814.73,0
TXN-20717,CUST-2409,7665.99,UPI,Temporary Bank/Network Error,10,1,2,71018.82,1
TXN-20718,CUST-3356,17095.84,Debit Card,Insufficient Funds,11,1,0,146935.48,1
TXN-20719,CUST-1786,16446.16,Net Banking,Insufficient Funds,9,1,1,118067.33,1
TXN-20720,CUST-2766,10451.2,Debit Card,Temporary Bank/Network Error,10,0,2,66929.24,1
TXN-20721,CUST-2517,2750.74,Net Banking,Payment Gateway Timeout,6,1,1,84275.57,1
TXN-20722,CUST-2131,9558.28,UPI,Temporary Bank/Network Error,8,0,4,114276.72,0
TXN-20723,CUST-1626,5213.57,Net Banking,Payment Gateway Timeout,13,0,1,26217.04,1
TXN-20724,CUST-1144,6912.34,Net Banking,Temporary Bank/Network Error,9,1,0,22753.86,1
TXN-20725,CUST-3145,4355.2,Credit Card,Temporary Bank/Network Error,11,0,0,107843.65,1
TXN-20726,CUST-3397,7759.11,Wallet,Temporary Bank/Network Error,8,1,1,88187.77,1
TXN-20727,CUST-1688,3368.99,UPI,Card Expired,7,1,2,59488.26,0
TXN-20728,CUST-1286,6612.87,Debit Card,Insufficient Funds,6,0,1,91629.81,0
TXN-20729,CUST-2723,5008.16,Credit Card,Insufficient Funds,5,0,3,91396.41,0
TXN-20730,CUST-2142,5476.97,UPI,Temporary Bank/Network Error,7,1,3,94343.27,1
TXN-20731,CUST-2121,5969.69,UPI,Temporary Bank/Network Error,10,0,0,76020.75,1
TXN-20732,CUST-2007,5127.8,Credit Card,Insufficient Funds,2,0,2,98522.04,0
TXN-20733,CUST-1825,7140.65,Wallet,Temporary Bank/Network Error,12,1,0,61547.3,1
TXN-20734,CUST-3010,5453.94,Credit Card,Payment Gateway Timeout,10,1,2,115273.31,1
TXN-20735,CUST-1522,5204.38,Credit Card,Insufficient Funds,9,1,2,53670.05,0
TXN-20736,CUST-3066,3890.04,UPI,Authentication Failed,11,0,2,75506.07,0
TXN-20737,CUST-2244,6695.02,UPI,Temporary Bank/Network Error,6,0,3,65366.02,0
TXN-20738,CUST-1532,9723.68,Credit Card,Card Expired,7,0,3,38416.57,0
TXN-20739,CUST-2050,4890.61,Debit Card,Insufficient Funds,9,0,3,42936.09,0
TXN-20740,CUST-2959,9674.97,Net Banking,Authentication Failed,10,0,1,95146.34,0
TXN-20741,CUST-1358,6730.82,Net Banking,Temporary Bank/Network Error,5,0,1,55368.67,0
TXN-20742,CUST-1784,1857.93,UPI,Payment Gateway Timeout,6,1,1,53435.53,1
TXN-20743,CUST-3458,9364.16,Credit Card,Payment Gateway Timeout,6,1,3,52322.49,1
TXN-20744,CUST-3064,4950.94,Debit Card,Insufficient Funds,10,0,5,20404.74,0
TXN-20745,CUST-1290,5379.34,Debit Card,Payment Gateway Timeout,10,1,0,38679.44,1
TXN-20746,CUST-2869,4219.91,Debit Card,Temporary Bank/Network Error,8,0,0,69296.55,1
TXN-20747,CUST-1562,6448.31,Credit Card,Payment Gateway Timeout,9,0,3,129826.48,0
TXN-20748,CUST-3206,10178.85,Debit Card,Temporary Bank/Network Error,13,0,0,69553.75,1
TXN-20749,CUST-2129,6230.38,UPI,Authentication Failed,8,1,2,104659.93,1
TXN-20750,CUST-1516,11842.57,Net Banking,Payment Gateway Timeout,10,0,4,60269.35,0
TXN-20751,CUST-2238,8992.82,UPI,Temporary Bank/Network Error,9,1,5,81361.75,1
TXN-20752,CUST-1357,6508.52,Net Banking,Authentication Failed,7,1,4,98731.59,0
TXN-20753,CUST-1070,7822.55,UPI,Payment Gateway Timeout,3,1,0,53583.06,1
TXN-20754,CUST-2593,2755.21,UPI,Insufficient Funds,0,1,0,50842.29,0
TXN-20755,CUST-2788,10587.55,Wallet,Temporary Bank/Network Error,12,1,0,37899.43,1
TXN-20756,CUST-1105,9134.82,Net Banking,Authentication Failed,10,1,0,91593.61,1
TXN-20757,CUST-2619,11233.96,Credit Card,Insufficient Funds,13,1,1,71324.82,1
TXN-20758,CUST-1438,10833.87,Debit Card,Payment Gateway Timeout,6,1,2,56734.13,1
TXN-20759,CUST-2556,5112.55,Net Banking,Authentication Failed,8,1,2,69468.09,0
TXN-20760,CUST-2392,7923.23,Wallet,Authentication Failed,11,0,2,94265.59,0
TXN-20761,CUST-2494,11523.59,UPI,Temporary Bank/Network Error,14,0,1,71400.47,1
TXN-20762,CUST-2819,8144.74,UPI,Temporary Bank/Network Error,12,1,2,66662.12,1
TXN-20763,CUST-3022,2878.89,Net Banking,Authentication Failed,4,1,1,59113.85,0
TXN-20764,CUST-2596,20616.09,UPI,Card Expired,13,0,1,51611.92,0
TXN-20765,CUST-2178,18265.8,Credit Card,Card Expired,8,1,1,68898.75,0
TXN-20766,CUST-1659,11730.03,Wallet,Insufficient Funds,6,0,3,55257.53,0
TXN-20767,CUST-3188,14695.57,UPI,Authentication Failed,9,1,5,80431.08,0
TXN-20768,CUST-3348,12085.02,Net Banking,Authentication Failed,8,1,1,66866.55,0
TXN-20769,CUST-3208,8538.71,UPI,Payment Gateway Timeout,5,0,0,111279.49,0
TXN-20770,CUST-2083,9968.32,Debit Card,Insufficient Funds,12,1,1,97382.16,1
TXN-20771,CUST-1800,13880.82,Credit Card,Insufficient Funds,10,0,1,120548.5,0
TXN-20772,CUST-3358,9959.94,Credit Card,Temporary Bank/Network Error,10,0,1,57394.16,1
TXN-20773,CUST-3073,6740.44,UPI,Authentication Failed,9,0,1,139452.14,0
TXN-20774,CUST-2413,10523.4,UPI,Payment Gateway Timeout,4,1,0,72421.64,1
TXN-20775,CUST-1501,11085.95,UPI,Temporary Bank/Network Error,13,1,3,76241.99,1
TXN-20776,CUST-1419,5912.53,Net Banking,Insufficient Funds,11,1,0,52671.42,1
TXN-20777,CUST-2172,4324.02,Net Banking,Payment Gateway Timeout,8,1,1,54397.73,1
TXN-20778,CUST-2495,4732.79,Debit Card,Authentication Failed,6,1,0,66743.23,0
TXN-20779,CUST-2964,3136.75,Debit Card,Card Expired,12,1,1,57527.24,1
TXN-20780,CUST-1593,7090.93,UPI,Authentication Failed,7,1,1,25599.05,0
TXN-20781,CUST-1866,3183.8,Wallet,Temporary Bank/Network Error,10,1,2,63884.34,1
TXN-20782,CUST-2677,4657.79,Credit Card,Insufficient Funds,11,1,1,80445.22,1
TXN-20783,CUST-1827,4568.01,Credit Card,Insufficient Funds,5,0,1,41860.95,0
TXN-20784,CUST-1629,16981.62,Net Banking,Payment Gateway Timeout,9,1,0,46961.08,1
TXN-20785,CUST-3328,3585.87,Net Banking,Authentication Failed,5,1,3,166046.66,0
TXN-20786,CUST-1219,6398.39,UPI,Payment Gateway Timeout,11,0,2,81569.6,1
TXN-20787,CUST-1255,5504.18,UPI,Payment Gateway Timeout,7,1,0,96683.63,1
TXN-20788,CUST-1356,4620.99,UPI,Authentication Failed,9,1,0,83008.9,1
TXN-20789,CUST-3191,8935.52,Debit Card,Temporary Bank/Network Error,13,1,3,98787.48,1
TXN-20790,CUST-2064,7353.99,UPI,Authentication Failed,5,1,1,58444.89,0
TXN-20791,CUST-1501,9005.1,UPI,Temporary Bank/Network Error,9,0,2,110184.23,1
TXN-20792,CUST-1389,5640.11,Wallet,Payment Gateway Timeout,5,1,2,55806.82,1
TXN-20793,CUST-2900,6969.44,Debit Card,Temporary Bank/Network Error,7,1,3,152081.06,1
TXN-20794,CUST-1491,3776.55,Debit Card,Temporary Bank/Network Error,10,1,0,137961.46,1
TXN-20795,CUST-1293,5973.15,Credit Card,Payment Gateway Timeout,6,0,0,74695.23,1
TXN-20796,CUST-1542,3729.32,Debit Card,Payment Gateway Timeout,9,0,0,56122.38,1
TXN-20797,CUST-2395,10678.0,UPI,Insufficient Funds,10,1,0,68382.7,1
TXN-20798,CUST-2154,3564.92,Credit Card,Payment Gateway Timeout,9,0,1,20151.26,1
TXN-20799,CUST-3394,6254.98,Debit Card,Card Expired,3,0,3,90995.18,0
TXN-20800,CUST-1756,4130.66,UPI,Authentication Failed,11,1,2,98869.89,1
TXN-20801,CUST-2932,2977.19,Credit Card,Payment Gateway Timeout,7,0,0,104345.62,1
TXN-20802,CUST-1782,5431.88,UPI,Insufficient Funds,10,0,0,67622.2,0
TXN-20803,CUST-2320,6547.13,UPI,Temporary Bank/Network Error,12,1,2,90163.7,1
TXN-20804,CUST-1305,4426.67,Credit Card,Card Expired,11,0,3,224447.47,0
TXN-20805,CUST-1104,8027.39,UPI,Payment Gateway Timeout,7,1,4,114103.14,1
TXN-20806,CUST-1466,15556.59,Debit Card,Authentication Failed,8,1,4,91777.15,0
TXN-20807,CUST-2222,5741.53,Credit Card,Insufficient Funds,10,0,1,32192.55,0
TXN-20808,CUST-2137,10705.15,UPI,Payment Gateway Timeout,12,1,4,81232.26,1
TXN-20809,CUST-1804,13991.35,UPI,Authentication Failed,8,0,3,41133.39,0
TXN-20810,CUST-3201,2927.96,Net Banking,Temporary Bank/Network Error,5,0,2,85654.81,0
TXN-20811,CUST-1764,4115.67,UPI,Insufficient Funds,11,1,5,26341.85,0
TXN-20812,CUST-3493,3555.44,Credit Card,Payment Gateway Timeout,7,0,1,33999.81,0
TXN-20813,CUST-1449,4939.67,UPI,Payment Gateway Timeout,7,1,0,23951.14,1
TXN-20814,CUST-2225,5382.43,Net Banking,Payment Gateway Timeout,11,1,5,300000.0,1
TXN-20815,CUST-1765,7338.41,Credit Card,Payment Gateway Timeout,3,1,0,81519.3,1
TXN-20816,CUST-2870,9465.71,UPI,Temporary Bank/Network Error,10,1,1,207900.18,1
TXN-20817,CUST-1509,8403.51,Credit Card,Temporary Bank/Network Error,11,0,3,86665.25,1
TXN-20818,CUST-1719,6968.98,Credit Card,Insufficient Funds,3,0,2,33511.42,0
TXN-20819,CUST-2378,6349.42,Debit Card,Authentication Failed,5,1,3,44426.94,0
TXN-20820,CUST-2067,10570.47,UPI,Card Expired,7,0,1,32642.71,0
TXN-20821,CUST-1870,10475.47,Credit Card,Payment Gateway Timeout,6,0,1,37769.76,0
TXN-20822,CUST-1606,9809.1,UPI,Insufficient Funds,10,1,2,40384.83,1
TXN-20823,CUST-3192,2418.09,UPI,Temporary Bank/Network Error,9,1,1,127564.33,1
TXN-20824,CUST-2070,5474.81,Net Banking,Payment Gateway Timeout,5,1,2,62231.42,1
TXN-20825,CUST-1071,6984.67,Credit Card,Temporary Bank/Network Error,7,1,0,24185.25,1
TXN-20826,CUST-3463,4078.31,Debit Card,Payment Gateway Timeout,6,1,1,73690.58,1
TXN-20827,CUST-1842,9971.21,Debit Card,Payment Gateway Timeout,4,0,4,60836.06,0
TXN-20828,CUST-2413,5986.27,Credit Card,Payment Gateway Timeout,6,0,1,34449.85,0
TXN-20829,CUST-2121,7324.65,UPI,Payment Gateway Timeout,11,1,2,32422.61,1
TXN-20830,CUST-2599,12877.02,UPI,Payment Gateway Timeout,7,0,2,85031.21,0
TXN-20831,CUST-1955,3940.5,UPI,Payment Gateway Timeout,8,1,1,67894.59,1
TXN-20832,CUST-1522,5691.77,Credit Card,Card Expired,8,0,2,120937.98,0
TXN-20833,CUST-2550,5460.39,UPI,Temporary Bank/Network Error,6,1,2,109333.22,1
TXN-20834,CUST-3308,12023.46,UPI,Payment Gateway Timeout,9,1,1,296116.15,1
TXN-20835,CUST-3057,4831.39,Debit Card,Insufficient Funds,6,1,3,97906.66,0
TXN-20836,CUST-3462,10961.28,UPI,Insufficient Funds,8,1,1,107565.85,1
TXN-20837,CUST-1461,5958.66,Net Banking,Temporary Bank/Network Error,6,0,1,113917.51,0
TXN-20838,CUST-1883,7141.96,Credit Card,Temporary Bank/Network Error,7,0,1,64235.37,1
TXN-20839,CUST-2739,10555.85,UPI,Temporary Bank/Network Error,5,1,1,92228.73,1
TXN-20840,CUST-2619,11920.51,Debit Card,Payment Gateway Timeout,6,0,3,75618.19,0
TXN-20841,CUST-3286,6111.93,Wallet,Payment Gateway Timeout,11,1,3,53192.21,1
TXN-20842,CUST-1837,6106.28,UPI,Insufficient Funds,13,1,1,79506.2,1
TXN-20843,CUST-2749,12069.35,Debit Card,Temporary Bank/Network Error,12,0,0,104408.54,1
TXN-20844,CUST-1208,3734.79,UPI,Temporary Bank/Network Error,14,0,1,35076.33,1
TXN-20845,CUST-2950,3832.93,Debit Card,Card Expired,8,1,4,42305.56,0
TXN-20846,CUST-1917,18648.79,UPI,Payment Gateway Timeout,10,1,2,62696.43,1
TXN-20847,CUST-1411,9816.67,UPI,Authentication Failed,8,0,0,26850.97,0
TXN-20848,CUST-2311,8072.89,UPI,Temporary Bank/Network Error,9,1,2,56437.59,1
TXN-20849,CUST-3253,5853.05,Credit Card,Authentication Failed,8,1,1,53607.4,1
TXN-20850,CUST-3147,4732.66,Debit Card,Authentication Failed,8,1,1,85857.11,0
TXN-20851,CUST-1053,4767.61,Net Banking,Authentication Failed,12,0,3,41264.25,0
TXN-20852,CUST-2124,9346.26,UPI,Authentication Failed,9,0,1,76726.64,0
TXN-20853,CUST-1015,4949.25,Debit Card,Temporary Bank/Network Error,8,1,1,63443.3,1
TXN-20854,CUST-3100,6932.28,Debit Card,Authentication Failed,8,0,2,89325.68,0
TXN-20855,CUST-2037,5723.42,Debit Card,Authentication Failed,11,1,1,56264.7,1
TXN-20856,CUST-1626,3389.91,Net Banking,Temporary Bank/Network Error,9,1,2,64485.84,1
TXN-20857,CUST-1517,6498.71,Credit Card,Authentication Failed,5,1,1,58151.01,0
TXN-20858,CUST-3249,5246.28,UPI,Temporary Bank/Network Error,13,0,3,33590.07,1
TXN-20859,CUST-1557,17278.66,Wallet,Insufficient Funds,8,0,0,41666.17,0
TXN-20860,CUST-1082,11023.31,UPI,Authentication Failed,3,0,1,195924.18,0
TXN-20861,CUST-1544,5584.4,Credit Card,Temporary Bank/Network Error,6,1,3,120073.06,1
TXN-20862,CUST-2827,6577.56,Net Banking,Payment Gateway Timeout,8,1,2,108884.42,1
TXN-20863,CUST-2274,8023.84,UPI,Authentication Failed,5,0,2,99468.03,0
TXN-20864,CUST-3375,6688.96,Debit Card,Insufficient Funds,5,0,3,125048.63,0
TXN-20865,CUST-1576,5732.45,UPI,Temporary Bank/Network Error,10,1,1,109340.13,1
TXN-20866,CUST-2299,9774.22,UPI,Card Expired,5,1,2,66219.03,0
TXN-20867,CUST-1663,6192.0,Credit Card,Temporary Bank/Network Error,5,1,1,32575.92,1
TXN-20868,CUST-3006,4780.47,UPI,Insufficient Funds,6,1,1,55556.59,0
TXN-20869,CUST-1127,3591.09,Credit Card,Insufficient Funds,11,1,1,175399.24,1
TXN-20870,CUST-2232,6677.2,UPI,Authentication Failed,8,1,1,27825.35,1
TXN-20871,CUST-2595,1976.55,Debit Card,Card Expired,3,0,0,64843.19,0
TXN-20872,CUST-2204,5011.32,Credit Card,Temporary Bank/Network Error,8,0,1,69059.04,1
TXN-20873,CUST-1362,11360.23,Credit Card,Temporary Bank/Network Error,4,0,0,165850.57,1
TXN-20874,CUST-2046,6029.99,UPI,Temporary Bank/Network Error,8,1,1,82886.63,1
TXN-20875,CUST-1289,3590.84,Credit Card,Insufficient Funds,13,1,1,91431.45,1
TXN-20876,CUST-3317,5512.62,Credit Card,Insufficient Funds,9,1,1,96237.49,1
TXN-20877,CUST-1008,3726.49,Debit Card,Authentication Failed,3,1,2,59809.17,0
TXN-20878,CUST-2176,4636.13,UPI,Card Expired,11,0,1,241919.35,0
TXN-20879,CUST-2179,11387.05,UPI,Temporary Bank/Network Error,4,1,2,54122.6,1
TXN-20880,CUST-2787,13188.27,UPI,Authentication Failed,7,1,1,86092.72,0
TXN-20881,CUST-3413,5146.68,Debit Card,Temporary Bank/Network Error,7,1,2,46964.23,1
TXN-20882,CUST-2763,9728.5,UPI,Temporary Bank/Network Error,8,1,0,79295.75,1
TXN-20883,CUST-1343,5910.66,Debit Card,Insufficient Funds,5,1,2,97904.95,0
TXN-20884,CUST-1287,4151.2,Credit Card,Temporary Bank/Network Error,7,0,1,182191.51,1
TXN-20885,CUST-1940,7009.05,Credit Card,Card Expired,12,1,3,70689.22,1
TXN-20886,CUST-3400,5127.2,Debit Card,Insufficient Funds,3,1,0,34288.99,0
TXN-20887,CUST-3054,6332.04,Wallet,Authentication Failed,7,0,0,38262.65,0
TXN-20888,CUST-2675,20368.49,Credit Card,Payment Gateway Timeout,14,0,0,77876.05,1
TXN-20889,CUST-3365,7038.13,Debit Card,Insufficient Funds,5,1,1,62006.18,0
TXN-20890,CUST-1006,11921.43,UPI,Payment Gateway Timeout,11,1,0,98329.48,1
TXN-20891,CUST-1887,5060.35,Debit Card,Card Expired,3,0,0,87586.33,0
TXN-20892,CUST-1082,4788.93,Debit Card,Temporary Bank/Network Error,10,1,2,62403.44,1
TXN-20893,CUST-1044,7846.84,Net Banking,Insufficient Funds,6,1,0,84683.61,0
TXN-20894,CUST-2182,5054.89,UPI,Insufficient Funds,6,1,1,98175.74,0
TXN-20895,CUST-1106,3860.71,UPI,Insufficient Funds,6,0,1,140916.02,0
TXN-20896,CUST-3170,4844.69,Wallet,Payment Gateway Timeout,10,1,3,38996.66,1
TXN-20897,CUST-2850,3362.23,Net Banking,Authentication Failed,11,1,3,69493.08,0
TXN-20898,CUST-2961,8618.49,UPI,Payment Gateway Timeout,7,0,0,139467.24,1
TXN-20899,CUST-3246,10254.12,Debit Card,Authentication Failed,7,0,3,138197.33,0
TXN-20900,CUST-2001,4431.63,Net Banking,Insufficient Funds,8,0,0,72068.93,0
TXN-20901,CUST-2881,7253.65,UPI,Payment Gateway Timeout,5,1,0,111188.65,1
TXN-20902,CUST-1367,6311.87,Net Banking,Insufficient Funds,3,0,1,63993.81,0
TXN-20903,CUST-1054,7392.85,Credit Card,Insufficient Funds,7,1,1,51122.02,0
TXN-20904,CUST-1632,4833.22,Net Banking,Temporary Bank/Network Error,6,0,4,61822.97,0
TXN-20905,CUST-2075,7011.58,Debit Card,Insufficient Funds,5,1,2,31484.32,0
TXN-20906,CUST-3249,2289.19,Credit Card,Insufficient Funds,10,1,1,83321.11,1
TXN-20907,CUST-2522,8077.97,Credit Card,Temporary Bank/Network Error,9,1,2,83240.42,1
TXN-20908,CUST-2391,10963.98,Debit Card,Temporary Bank/Network Error,6,1,2,105069.15,1
TXN-20909,CUST-2473,7364.51,Debit Card,Temporary Bank/Network Error,3,0,2,194635.77,0
TXN-20910,CUST-2473,8901.9,UPI,Temporary Bank/Network Error,8,1,2,100224.75,1
TXN-20911,CUST-2055,6570.02,UPI,Authentication Failed,10,0,2,64448.82,0
TXN-20912,CUST-2169,6424.76,UPI,Insufficient Funds,11,1,1,80123.12,1
TXN-20913,CUST-2093,7626.19,Credit Card,Insufficient Funds,7,1,2,156760.6,0
TXN-20914,CUST-2228,4939.12,UPI,Payment Gateway Timeout,7,1,3,273073.59,1
TXN-20915,CUST-1963,10073.35,Wallet,Payment Gateway Timeout,9,0,2,24189.01,0
TXN-20916,CUST-1848,5313.16,Debit Card,Authentication Failed,10,1,2,177180.76,1
TXN-20917,CUST-2891,6727.16,Debit Card,Temporary Bank/Network Error,5,0,1,70954.1,0
TXN-20918,CUST-3415,9582.6,UPI,Insufficient Funds,10,1,1,77682.0,1
TXN-20919,CUST-2953,7477.94,Credit Card,Temporary Bank/Network Error,8,1,2,58358.9,1
TXN-20920,CUST-2761,14271.94,UPI,Authentication Failed,11,1,2,105218.03,1
TXN-20921,CUST-1832,7046.86,Net Banking,Insufficient Funds,5,0,1,99109.86,0
TXN-20922,CUST-2476,7016.34,UPI,Card Expired,2,0,1,89771.63,0
TXN-20923,CUST-2583,3762.43,Debit Card,Payment Gateway Timeout,9,0,2,49774.13,0
TXN-20924,CUST-3130,9237.03,Debit Card,Temporary Bank/Network Error,9,0,0,78311.22,1
TXN-20925,CUST-3463,3231.82,Debit Card,Card Expired,5,0,0,56054.03,0
TXN-20926,CUST-3007,8666.16,Credit Card,Temporary Bank/Network Error,6,1,1,133171.14,1
TXN-20927,CUST-1108,6141.64,UPI,Insufficient Funds,6,1,1,127338.03,0
TXN-20928,CUST-2383,5389.72,Credit Card,Insufficient Funds,10,0,1,125392.01,0
TXN-20929,CUST-1190,7747.04,Net Banking,Authentication Failed,8,1,1,101922.63,1
TXN-20930,CUST-1342,3640.21,UPI,Temporary Bank/Network Error,5,0,2,60000.88,0
TXN-20931,CUST-2917,12686.15,UPI,Temporary Bank/Network Error,10,1,3,71268.71,1
TXN-20932,CUST-1284,10528.96,UPI,Authentication Failed,5,1,1,111871.1,0
TXN-20933,CUST-1253,5816.97,Debit Card,Card Expired,7,1,0,36001.39,0
TXN-20934,CUST-2509,11805.06,UPI,Payment Gateway Timeout,11,1,1,54953.04,1
TXN-20935,CUST-3220,5092.02,Debit Card,Authentication Failed,6,0,3,103598.43,0
TXN-20936,CUST-2434,7585.09,UPI,Insufficient Funds,8,0,2,55173.37,0
TXN-20937,CUST-2179,7058.98,Wallet,Authentication Failed,6,1,1,38902.8,0
TXN-20938,CUST-3245,9859.72,UPI,Payment Gateway Timeout,12,1,3,35444.53,1
TXN-20939,CUST-2926,6632.24,UPI,Insufficient Funds,12,0,2,91419.67,0
TXN-20940,CUST-1674,5207.81,Net Banking,Insufficient Funds,5,0,3,58474.8,0
TXN-20941,CUST-2233,5579.49,Credit Card,Insufficient Funds,7,1,3,56495.87,0
TXN-20942,CUST-3054,6508.2,Wallet,Temporary Bank/Network Error,8,1,1,53352.18,1
TXN-20943,CUST-1742,4734.06,UPI,Payment Gateway Timeout,8,1,0,68680.65,1
TXN-20944,CUST-1171,3298.31,Net Banking,Temporary Bank/Network Error,6,1,3,127659.59,1
TXN-20945,CUST-3394,11520.24,Credit Card,Card Expired,8,1,4,95257.68,0
TXN-20946,CUST-1815,6454.14,Credit Card,Card Expired,11,0,1,56344.66,0
TXN-20947,CUST-2963,7710.03,UPI,Payment Gateway Timeout,9,1,4,126583.65,1
TXN-20948,CUST-2339,5001.76,Wallet,Temporary Bank/Network Error,3,1,2,73050.58,1
TXN-20949,CUST-2024,7476.23,UPI,Payment Gateway Timeout,7,1,1,92842.02,1
TXN-20950,CUST-3167,1782.5,Net Banking,Authentication Failed,7,1,1,90128.55,0
TXN-20951,CUST-1250,7817.31,Credit Card,Temporary Bank/Network Error,10,0,3,55005.81,1
TXN-20952,CUST-2516,7297.01,UPI,Temporary Bank/Network Error,8,1,2,57488.67,1
TXN-20953,CUST-2570,2412.63,Net Banking,Temporary Bank/Network Error,12,1,3,124218.48,1
TXN-20954,CUST-3176,5600.42,Wallet,Temporary Bank/Network Error,6,1,1,97332.29,1
TXN-20955,CUST-1573,12167.41,UPI,Temporary Bank/Network Error,11,0,2,104461.81,1
TXN-20956,CUST-3222,8594.76,UPI,Temporary Bank/Network Error,1,0,5,29341.13,0
TXN-20957,CUST-1210,10528.28,Net Banking,Card Expired,7,1,3,300000.0,0
TXN-20958,CUST-1527,5036.9,Debit Card,Insufficient Funds,7,1,2,75851.69,0
TXN-20959,CUST-3095,8279.39,Wallet,Temporary Bank/Network Error,7,0,1,41532.46,1
TXN-20960,CUST-2186,5038.0,UPI,Temporary Bank/Network Error,6,0,1,60083.03,1
TXN-20961,CUST-3411,6147.88,Debit Card,Insufficient Funds,8,1,1,81974.83,0
TXN-20962,CUST-1449,9965.23,UPI,Temporary Bank/Network Error,7,0,0,189284.04,1
TXN-20963,CUST-2620,10851.43,Debit Card,Insufficient Funds,6,1,2,204086.49,0
TXN-20964,CUST-1880,12273.62,Credit Card,Insufficient Funds,6,1,2,52704.09,0
TXN-20965,CUST-2037,3384.31,UPI,Insufficient Funds,8,0,0,38909.46,0
TXN-20966,CUST-1995,3399.55,Debit Card,Temporary Bank/Network Error,5,0,1,48454.15,0
TXN-20967,CUST-3225,4678.84,UPI,Insufficient Funds,6,0,0,165839.89,0
TXN-20968,CUST-1279,5071.43,Credit Card,Temporary Bank/Network Error,3,0,0,47419.24,0
TXN-20969,CUST-1015,3118.14,UPI,Payment Gateway Timeout,4,1,0,48873.49,1
TXN-20970,CUST-2448,9420.28,Net Banking,Payment Gateway Timeout,7,1,1,168669.25,1
TXN-20971,CUST-1097,7224.19,Net Banking,Insufficient Funds,8,0,2,76618.45,0
TXN-20972,CUST-1331,9134.48,UPI,Insufficient Funds,9,1,1,81966.17,1
TXN-20973,CUST-3324,7932.43,Debit Card,Insufficient Funds,10,1,2,97667.16,0
TXN-20974,CUST-1068,7898.08,Credit Card,Temporary Bank/Network Error,12,0,0,34788.43,1
TXN-20975,CUST-2598,3169.08,Credit Card,Temporary Bank/Network Error,11,0,3,71391.1,1
TXN-20976,CUST-2501,2905.6,Credit Card,Payment Gateway Timeout,8,1,0,90228.37,1
TXN-20977,CUST-1924,14285.97,UPI,Payment Gateway Timeout,12,1,1,123105.7,1
TXN-20978,CUST-2484,9473.79,Wallet,Temporary Bank/Network Error,5,1,2,39572.37,1
TXN-20979,CUST-1905,5141.48,Net Banking,Insufficient Funds,9,0,1,53911.28,0
TXN-20980,CUST-1331,3372.31,UPI,Insufficient Funds,6,1,2,57883.23,0
TXN-20981,CUST-1830,10025.85,UPI,Payment Gateway Timeout,4,0,1,53328.73,0
TXN-20982,CUST-1541,6549.06,Net Banking,Authentication Failed,10,0,1,41508.24,0
TXN-20983,CUST-3376,7092.39,UPI,Temporary Bank/Network Error,13,0,0,212288.07,1
TXN-20984,CUST-1628,4552.63,UPI,Payment Gateway Timeout,6,1,3,27838.32,1
TXN-20985,CUST-2707,9063.76,Credit Card,Payment Gateway Timeout,10,1,0,65762.88,1
TXN-20986,CUST-1070,9936.19,Credit Card,Card Expired,7,0,1,76653.66,0
TXN-20987,CUST-2630,5487.28,UPI,Insufficient Funds,6,1,0,61401.4,0
TXN-20988,CUST-3439,4100.95,UPI,Temporary Bank/Network Error,8,1,0,111736.25,1
TXN-20989,CUST-2774,12633.41,Credit Card,Insufficient Funds,10,1,2,108255.19,1
TXN-20990,CUST-3476,4767.0,Credit Card,Temporary Bank/Network Error,12,1,3,99312.03,1
TXN-20991,CUST-2603,3867.99,Credit Card,Payment Gateway Timeout,15,1,2,56966.39,1
TXN-20992,CUST-1398,11686.28,UPI,Insufficient Funds,13,0,3,32145.23,0
TXN-20993,CUST-1946,13480.34,Wallet,Temporary Bank/Network Error,6,1,0,171495.65,1
TXN-20994,CUST-3163,4290.82,UPI,Temporary Bank/Network Error,11,1,2,174911.71,1
TXN-20995,CUST-3419,8350.77,UPI,Card Expired,9,0,2,65752.51,0
TXN-20996,CUST-2129,11297.08,Credit Card,Insufficient Funds,7,1,1,60442.66,0
TXN-20997,CUST-3264,5621.08,Credit Card,Authentication Failed,9,0,1,97183.09,0
TXN-20998,CUST-1437,7252.07,Credit Card,Insufficient Funds,7,1,1,166428.59,1
TXN-20999,CUST-1087,4183.43,Debit Card,Temporary Bank/Network Error,12,0,2,74002.57,1
TXN-21000,CUST-1140,4992.24,UPI,Temporary Bank/Network Error,5,0,1,129478.99,1
TXN-21001,CUST-1642,11750.84,Credit Card,Temporary Bank/Network Error,7,0,2,43153.18,0
TXN-21002,CUST-2390,11619.07,UPI,Temporary Bank/Network Error,4,1,1,92304.9,1
TXN-21003,CUST-1408,4199.68,UPI,Authentication Failed,6,1,0,51037.98,1
TXN-21004,CUST-2029,3859.79,Credit Card,Temporary Bank/Network Error,8,1,1,42525.03,1
TXN-21005,CUST-1241,8915.38,UPI,Insufficient Funds,7,1,3,38046.22,0
TXN-21006,CUST-1568,4031.21,Credit Card,Insufficient Funds,8,1,0,126743.13,1
TXN-21007,CUST-2706,7420.28,Credit Card,Authentication Failed,15,1,2,60163.83,1
TXN-21008,CUST-2250,6215.19,Credit Card,Insufficient Funds,6,0,1,25101.17,0
TXN-21009,CUST-3081,11575.78,UPI,Card Expired,8,0,0,55139.4,0
TXN-21010,CUST-2259,10279.61,UPI,Insufficient Funds,11,1,3,53104.44,1
TXN-21011,CUST-1779,26612.72,Debit Card,Authentication Failed,15,1,1,75281.53,1
TXN-21012,CUST-2684,10351.86,Wallet,Temporary Bank/Network Error,9,1,2,101759.39,1
TXN-21013,CUST-2299,5430.27,UPI,Insufficient Funds,6,1,2,99680.39,0
TXN-21014,CUST-2604,9312.6,Net Banking,Insufficient Funds,5,1,0,197953.04,0
TXN-21015,CUST-1413,4000.83,UPI,Insufficient Funds,5,0,2,110589.91,0
TXN-21016,CUST-3145,7712.81,Credit Card,Temporary Bank/Network Error,10,0,4,132421.34,1
TXN-21017,CUST-3308,9117.89,Credit Card,Temporary Bank/Network Error,11,1,0,61938.33,1
TXN-21018,CUST-1631,17249.82,Net Banking,Temporary Bank/Network Error,8,1,1,51949.24,1
TXN-21019,CUST-1138,6882.01,UPI,Authentication Failed,10,1,3,68931.61,1
TXN-21020,CUST-2501,14396.73,Credit Card,Authentication Failed,12,1,1,51186.35,1
TXN-21021,CUST-1897,7578.82,UPI,Payment Gateway Timeout,4,0,3,33174.43,0
TXN-21022,CUST-2757,7537.38,Credit Card,Temporary Bank/Network Error,10,0,1,52844.3,1
TXN-21023,CUST-3031,7441.23,Debit Card,Temporary Bank/Network Error,8,0,3,57046.82,0
TXN-21024,CUST-1734,5497.89,Debit Card,Temporary Bank/Network Error,7,1,1,132848.43,1
TXN-21025,CUST-2022,6058.03,Credit Card,Authentication Failed,6,1,3,29430.05,0
TXN-21026,CUST-1967,9801.09,Net Banking,Temporary Bank/Network Error,6,0,1,40025.97,0
TXN-21027,CUST-2805,6215.5,Credit Card,Temporary Bank/Network Error,7,1,2,40048.74,1
TXN-21028,CUST-3191,14326.78,Debit Card,Temporary Bank/Network Error,6,1,3,137601.27,1
TXN-21029,CUST-2931,7004.31,Credit Card,Insufficient Funds,7,0,0,42364.53,0
TXN-21030,CUST-2643,3401.03,Credit Card,Card Expired,12,1,0,40920.64,1
TXN-21031,CUST-2731,4748.37,UPI,Payment Gateway Timeout,9,0,0,87285.94,1
TXN-21032,CUST-2063,2924.09,Debit Card,Temporary Bank/Network Error,8,0,1,156313.47,1
TXN-21033,CUST-2331,10063.33,Credit Card,Authentication Failed,12,1,2,75905.2,1
TXN-21034,CUST-2413,14690.03,Debit Card,Authentication Failed,14,1,1,79112.89,1
TXN-21035,CUST-1964,15407.59,UPI,Payment Gateway Timeout,5,0,0,82380.84,0
TXN-21036,CUST-1476,3868.7,Wallet,Insufficient Funds,8,1,0,175393.49,1
TXN-21037,CUST-2355,6374.52,Credit Card,Card Expired,8,0,0,71747.82,0
TXN-21038,CUST-1637,10380.66,Credit Card,Temporary Bank/Network Error,9,1,1,70022.74,1
TXN-21039,CUST-2367,9891.02,UPI,Payment Gateway Timeout,3,0,2,250804.74,0
TXN-21040,CUST-1826,10753.01,UPI,Insufficient Funds,6,1,0,34088.75,0
TXN-21041,CUST-2169,30083.39,Credit Card,Insufficient Funds,8,0,0,48936.35,0
TXN-21042,CUST-2560,5728.17,Debit Card,Payment Gateway Timeout,10,0,2,55196.73,0
TXN-21043,CUST-3123,7317.36,Net Banking,Temporary Bank/Network Error,7,0,3,133450.3,0
TXN-21044,CUST-2082,6570.57,UPI,Temporary Bank/Network Error,5,0,1,78354.5,0
TXN-21045,CUST-2657,5243.0,UPI,Insufficient Funds,4,1,2,119751.22,0
TXN-21046,CUST-2508,5494.95,UPI,Payment Gateway Timeout,12,1,2,41059.1,1
TXN-21047,CUST-1052,8150.98,UPI,Insufficient Funds,9,1,1,48850.7,1
TXN-21048,CUST-2913,5241.3,Debit Card,Card Expired,10,0,1,66098.5,0
TXN-21049,CUST-2449,12919.85,Credit Card,Card Expired,7,1,0,75774.69,0
TXN-21050,CUST-3419,11228.64,Net Banking,Card Expired,10,1,3,104267.38,0
TXN-21051,CUST-3272,7208.08,Net Banking,Card Expired,12,1,2,62141.79,1
TXN-21052,CUST-2336,3814.11,UPI,Authentication Failed,2,0,3,37796.51,0
TXN-21053,CUST-3447,8883.88,UPI,Temporary Bank/Network Error,7,1,1,94375.9,1
TXN-21054,CUST-2637,7180.85,UPI,Temporary Bank/Network Error,4,1,0,46265.65,1
TXN-21055,CUST-1335,13793.04,UPI,Authentication Failed,5,1,0,198768.85,1
TXN-21056,CUST-1477,4674.01,Credit Card,Payment Gateway Timeout,9,1,4,111460.36,1
TXN-21057,CUST-2088,4916.13,Debit Card,Temporary Bank/Network Error,11,1,1,69087.78,1
TXN-21058,CUST-2999,10224.1,Credit Card,Insufficient Funds,11,1,2,70114.05,1
TXN-21059,CUST-1809,21506.65,Credit Card,Authentication Failed,10,0,3,47924.9,0
TXN-21060,CUST-1397,10274.81,UPI,Card Expired,9,1,1,115426.68,1
TXN-21061,CUST-1513,8132.52,Credit Card,Authentication Failed,12,0,1,63121.02,0
TXN-21062,CUST-1361,8685.62,Debit Card,Payment Gateway Timeout,9,1,1,110711.48,1
TXN-21063,CUST-1656,4844.56,Credit Card,Temporary Bank/Network Error,6,1,5,30719.6,0
TXN-21064,CUST-2269,17017.33,Credit Card,Authentication Failed,8,0,0,44630.89,0
TXN-21065,CUST-1790,3432.64,Debit Card,Temporary Bank/Network Error,10,1,0,88210.93,1
TXN-21066,CUST-1891,4391.29,UPI,Insufficient Funds,7,1,0,86260.87,1
TXN-21067,CUST-2962,7112.47,UPI,Card Expired,8,1,2,65363.88,0
TXN-21068,CUST-2550,7220.97,Credit Card,Payment Gateway Timeout,6,1,0,58973.79,1
TXN-21069,CUST-3016,6197.22,UPI,Card Expired,9,0,1,79497.96,0
TXN-21070,CUST-3052,6549.19,Credit Card,Payment Gateway Timeout,5,1,2,26688.82,1
TXN-21071,CUST-2081,4729.57,Debit Card,Payment Gateway Timeout,3,0,4,136821.43,0
TXN-21072,CUST-2055,9220.55,Debit Card,Temporary Bank/Network Error,6,0,2,31939.41,0
TXN-21073,CUST-3139,8982.35,UPI,Temporary Bank/Network Error,11,1,1,159501.86,1
TXN-21074,CUST-3213,10175.2,Debit Card,Temporary Bank/Network Error,13,1,1,152031.15,1
TXN-21075,CUST-1160,6379.51,Net Banking,Payment Gateway Timeout,7,1,0,32957.22,1
TXN-21076,CUST-1215,2244.24,Credit Card,Temporary Bank/Network Error,5,1,2,32755.39,1
TXN-21077,CUST-3386,5913.6,Net Banking,Insufficient Funds,8,0,0,147336.63,0
TXN-21078,CUST-1270,5344.45,Debit Card,Insufficient Funds,9,0,1,106881.05,0
TXN-21079,CUST-3190,5228.02,UPI,Authentication Failed,11,1,1,70018.35,1
TXN-21080,CUST-3175,5762.73,UPI,Temporary Bank/Network Error,6,0,2,51312.09,0
TXN-21081,CUST-2076,13194.37,Debit Card,Temporary Bank/Network Error,4,1,2,110386.38,1
TXN-21082,CUST-2691,5716.89,UPI,Insufficient Funds,6,1,1,82651.15,0
TXN-21083,CUST-1080,6027.73,UPI,Card Expired,12,0,1,48726.83,0
TXN-21084,CUST-1767,18857.82,Credit Card,Insufficient Funds,6,0,0,39814.64,0
TXN-21085,CUST-3368,3435.37,Debit Card,Temporary Bank/Network Error,6,1,0,32320.66,1
TXN-21086,CUST-3209,6902.3,Debit Card,Payment Gateway Timeout,7,1,1,38657.43,1
TXN-21087,CUST-1631,6320.07,Credit Card,Insufficient Funds,5,0,0,59120.46,0
TXN-21088,CUST-2577,3724.55,UPI,Insufficient Funds,6,0,1,122784.4,0
TXN-21089,CUST-3249,4075.42,UPI,Temporary Bank/Network Error,16,1,3,69959.04,1
TXN-21090,CUST-1716,8140.14,Credit Card,Temporary Bank/Network Error,8,0,2,135341.23,1
TXN-21091,CUST-2451,11200.79,UPI,Card Expired,6,1,3,75947.77,0
TXN-21092,CUST-2378,8842.73,Wallet,Authentication Failed,11,0,1,102763.39,0
TXN-21093,CUST-2290,11775.06,Credit Card,Insufficient Funds,3,1,0,110468.84,0
TXN-21094,CUST-3486,8457.13,Credit Card,Temporary Bank/Network Error,7,1,4,71052.61,1
TXN-21095,CUST-1058,8073.82,UPI,Temporary Bank/Network Error,7,0,4,90783.7,0
TXN-21096,CUST-2069,4806.39,Credit Card,Insufficient Funds,9,0,2,74920.77,0
TXN-21097,CUST-2865,5327.55,UPI,Card Expired,6,1,2,46896.31,0
TXN-21098,CUST-2004,8088.39,UPI,Temporary Bank/Network Error,8,1,3,178725.48,1
TXN-21099,CUST-3280,7168.42,Credit Card,Temporary Bank/Network Error,8,1,2,18498.24,1
TXN-21100,CUST-2863,11950.82,Wallet,Card Expired,10,0,0,108598.25,0
TXN-21101,CUST-1496,11038.8,Wallet,Insufficient Funds,6,0,0,157077.55,0
TXN-21102,CUST-1236,8651.52,Net Banking,Temporary Bank/Network Error,14,1,2,190113.7,1
TXN-21103,CUST-2989,7336.18,Credit Card,Payment Gateway Timeout,7,1,1,164465.82,1
TXN-21104,CUST-2709,6593.64,Debit Card,Authentication Failed,13,1,1,58488.45,1
TXN-21105,CUST-2564,8304.15,Net Banking,Card Expired,8,1,0,117687.68,1
TXN-21106,CUST-2757,4420.27,Wallet,Payment Gateway Timeout,11,1,0,50614.96,1
TXN-21107,CUST-2788,5930.49,UPI,Authentication Failed,8,1,2,55494.73,0
TXN-21108,CUST-2014,10839.59,UPI,Insufficient Funds,10,1,1,47312.36,1
TXN-21109,CUST-2161,11724.7,Debit Card,Authentication Failed,6,0,3,71007.86,0
TXN-21110,CUST-1911,5065.31,UPI,Payment Gateway Timeout,4,1,1,50461.34,1
TXN-21111,CUST-1092,4507.97,Debit Card,Temporary Bank/Network Error,8,1,2,161931.94,1
TXN-21112,CUST-1221,17030.8,UPI,Temporary Bank/Network Error,2,0,1,60674.94,0
TXN-21113,CUST-2024,6073.03,Credit Card,Insufficient Funds,8,1,2,150661.9,0
TXN-21114,CUST-2092,15116.99,Net Banking,Insufficient Funds,9,0,1,48447.32,0
TXN-21115,CUST-2463,14367.52,UPI,Card Expired,7,0,0,56668.22,0
TXN-21116,CUST-2945,5714.75,Debit Card,Temporary Bank/Network Error,5,1,0,96777.08,1
TXN-21117,CUST-1201,3996.2,Debit Card,Authentication Failed,5,1,2,60114.32,0
TXN-21118,CUST-3004,3873.5,Credit Card,Temporary Bank/Network Error,8,1,1,78580.54,1
TXN-21119,CUST-1726,12842.06,Net Banking,Temporary Bank/Network Error,9,0,1,47121.74,1
TXN-21120,CUST-1014,5298.34,Net Banking,Insufficient Funds,3,1,4,92263.52,0
TXN-21121,CUST-1774,3972.19,Credit Card,Card Expired,14,0,2,46329.67,0
TXN-21122,CUST-2689,3205.19,UPI,Card Expired,10,0,4,68781.16,0
TXN-21123,CUST-2681,6718.98,Net Banking,Insufficient Funds,11,1,2,46768.37,1
TXN-21124,CUST-2940,6375.62,Credit Card,Temporary Bank/Network Error,5,1,1,61994.07,1
TXN-21125,CUST-2820,14883.79,Credit Card,Temporary Bank/Network Error,9,0,3,26648.79,0
TXN-21126,CUST-2743,7790.67,Debit Card,Authentication Failed,12,1,3,173194.63,1
TXN-21127,CUST-3435,5409.4,UPI,Authentication Failed,4,0,2,109174.09,0
TXN-21128,CUST-3389,4732.32,UPI,Temporary Bank/Network Error,6,1,2,61780.69,1
TXN-21129,CUST-1043,6625.37,Debit Card,Payment Gateway Timeout,8,0,2,41730.27,0
TXN-21130,CUST-3069,17382.53,UPI,Payment Gateway Timeout,10,1,0,94619.29,1
TXN-21131,CUST-2625,7240.21,UPI,Authentication Failed,3,0,0,109983.49,0
TXN-21132,CUST-1830,5723.46,Wallet,Insufficient Funds,8,0,0,137437.3,0
TXN-21133,CUST-2594,5255.58,UPI,Card Expired,8,1,0,61001.17,1
TXN-21134,CUST-1274,6621.84,UPI,Card Expired,10,1,2,81097.66,1
TXN-21135,CUST-3243,13106.28,Credit Card,Authentication Failed,8,1,0,231948.71,1
TXN-21136,CUST-2152,9363.97,UPI,Card Expired,10,1,1,142281.66,1
TXN-21137,CUST-2073,3393.38,Credit Card,Temporary Bank/Network Error,5,0,3,52562.35,0
TXN-21138,CUST-2261,3576.69,UPI,Authentication Failed,13,0,1,176435.21,1
TXN-21139,CUST-3401,3297.89,Debit Card,Card Expired,8,1,3,60832.17,0
TXN-21140,CUST-3219,5407.08,Wallet,Insufficient Funds,4,0,3,53062.22,0
TXN-21141,CUST-3201,6765.8,Wallet,Payment Gateway Timeout,7,1,0,80915.01,1
TXN-21142,CUST-2842,5103.14,UPI,Insufficient Funds,5,1,0,74123.95,0
TXN-21143,CUST-1100,10570.78,Net Banking,Insufficient Funds,8,1,1,105672.15,0
TXN-21144,CUST-2626,10147.82,UPI,Temporary Bank/Network Error,3,0,0,81334.47,0
TXN-21145,CUST-1538,4987.92,UPI,Temporary Bank/Network Error,5,1,0,114974.12,1
TXN-21146,CUST-2762,8225.77,Net Banking,Card Expired,14,1,2,71767.02,1
TXN-21147,CUST-2592,3160.16,Debit Card,Card Expired,6,0,1,28687.8,0
TXN-21148,CUST-1530,5998.9,Credit Card,Payment Gateway Timeout,9,1,2,91721.31,1
TXN-21149,CUST-3086,5982.77,UPI,Insufficient Funds,8,1,1,126737.28,1
TXN-21150,CUST-1512,11369.12,UPI,Insufficient Funds,7,1,2,68501.91,0
TXN-21151,CUST-1934,11771.24,Wallet,Insufficient Funds,8,1,2,59064.53,0
TXN-21152,CUST-2811,5166.75,Debit Card,Temporary Bank/Network Error,4,1,0,137732.83,1
TXN-21153,CUST-3126,4886.45,Wallet,Temporary Bank/Network Error,5,1,0,17026.62,1
TXN-21154,CUST-1849,6810.9,Debit Card,Card Expired,9,1,1,228165.92,1
TXN-21155,CUST-3479,8699.15,Wallet,Insufficient Funds,4,0,1,70775.23,0
TXN-21156,CUST-1336,5883.22,Credit Card,Authentication Failed,6,1,2,32396.31,0
TXN-21157,CUST-2532,39436.77,Net Banking,Payment Gateway Timeout,6,0,1,87320.87,0
TXN-21158,CUST-3364,13087.65,UPI,Insufficient Funds,9,0,0,42003.93,0
TXN-21159,CUST-1321,7693.39,Net Banking,Temporary Bank/Network Error,8,1,2,145488.72,1
TXN-21160,CUST-1856,20157.46,Credit Card,Temporary Bank/Network Error,11,1,0,104297.12,1
TXN-21161,CUST-2091,10294.66,Credit Card,Authentication Failed,8,1,4,58543.79,0
TXN-21162,CUST-2569,7931.58,Debit Card,Insufficient Funds,3,0,0,213494.71,0
TXN-21163,CUST-1986,5298.45,Debit Card,Insufficient Funds,8,1,0,43337.89,1
TXN-21164,CUST-1300,8715.77,UPI,Insufficient Funds,7,0,1,186828.08,0
TXN-21165,CUST-1252,6297.15,Credit Card,Insufficient Funds,9,0,1,166454.33,0
TXN-21166,CUST-1244,11635.29,UPI,Temporary Bank/Network Error,8,1,3,49755.7,1
TXN-21167,CUST-2801,5439.17,Net Banking,Temporary Bank/Network Error,7,0,2,34711.66,0
TXN-21168,CUST-3222,7498.52,Debit Card,Insufficient Funds,6,0,4,99262.07,0
TXN-21169,CUST-3388,9363.74,UPI,Authentication Failed,9,1,2,47431.74,1
TXN-21170,CUST-1046,13300.47,UPI,Temporary Bank/Network Error,10,0,0,67948.62,1
TXN-21171,CUST-1533,5288.73,Credit Card,Temporary Bank/Network Error,7,0,2,112720.94,0
TXN-21172,CUST-3014,6409.57,Net Banking,Insufficient Funds,7,1,2,130731.71,0
TXN-21173,CUST-1575,9547.84,Credit Card,Temporary Bank/Network Error,7,0,2,78732.91,0
TXN-21174,CUST-3212,2056.87,Debit Card,Temporary Bank/Network Error,9,1,3,97267.18,1
TXN-21175,CUST-1111,4854.98,Debit Card,Temporary Bank/Network Error,6,0,1,40605.69,0
TXN-21176,CUST-1045,26224.83,Credit Card,Payment Gateway Timeout,8,1,3,149995.02,1
TXN-21177,CUST-1430,11759.03,Debit Card,Temporary Bank/Network Error,13,0,0,64125.08,1
TXN-21178,CUST-1269,24073.55,Debit Card,Authentication Failed,7,1,3,116443.63,0
TXN-21179,CUST-1507,6099.25,Credit Card,Insufficient Funds,5,0,1,81349.74,0
TXN-21180,CUST-2216,4716.04,Credit Card,Temporary Bank/Network Error,8,0,0,78009.69,1
TXN-21181,CUST-1746,9836.52,UPI,Card Expired,3,1,3,63137.64,0
TXN-21182,CUST-2009,2997.77,Credit Card,Authentication Failed,6,1,1,68394.64,0
TXN-21183,CUST-2676,7089.56,Debit Card,Temporary Bank/Network Error,6,1,4,58553.49,1
TXN-21184,CUST-1561,4485.68,UPI,Insufficient Funds,8,0,0,66220.44,0
TXN-21185,CUST-1570,4163.26,UPI,Insufficient Funds,16,0,3,63375.5,1
TXN-21186,CUST-3019,5765.13,UPI,Card Expired,7,1,1,106281.63,0
TXN-21187,CUST-2449,2116.15,Credit Card,Insufficient Funds,4,0,1,88821.57,0
TXN-21188,CUST-3389,5952.18,UPI,Temporary Bank/Network Error,6,0,0,74033.87,1
TXN-21189,CUST-2823,9856.68,Credit Card,Payment Gateway Timeout,3,0,3,37127.65,0
TXN-21190,CUST-2541,17996.22,Credit Card,Payment Gateway Timeout,12,0,1,60196.95,1
TXN-21191,CUST-1107,4718.6,Credit Card,Temporary Bank/Network Error,8,0,1,50508.8,1
TXN-21192,CUST-1168,13763.98,Net Banking,Temporary Bank/Network Error,5,1,2,105545.01,1
TXN-21193,CUST-2603,3393.34,UPI,Card Expired,8,0,2,86692.72,0
TXN-21194,CUST-1642,13402.42,Credit Card,Temporary Bank/Network Error,7,1,2,45668.91,1
TXN-21195,CUST-3062,5895.42,UPI,Temporary Bank/Network Error,10,1,2,61723.91,1
TXN-21196,CUST-3352,3986.05,Credit Card,Temporary Bank/Network Error,7,1,0,47714.81,1
TXN-21197,CUST-1457,3816.53,Debit Card,Authentication Failed,8,0,0,65177.68,0
TXN-21198,CUST-2622,9320.84,UPI,Temporary Bank/Network Error,9,1,3,87337.5,1
TXN-21199,CUST-2973,4618.27,Net Banking,Temporary Bank/Network Error,8,1,0,58524.17,1
TXN-21200,CUST-1124,9179.85,UPI,Insufficient Funds,3,1,2,42059.25,0
TXN-21201,CUST-2495,10160.07,UPI,Temporary Bank/Network Error,5,1,0,20506.43,1
TXN-21202,CUST-3039,7534.11,UPI,Temporary Bank/Network Error,7,0,0,82914.66,1
TXN-21203,CUST-3137,4563.06,Credit Card,Temporary Bank/Network Error,6,1,1,74891.14,1
TXN-21204,CUST-2081,4264.95,UPI,Insufficient Funds,12,1,2,76447.39,1
TXN-21205,CUST-2672,9428.84,UPI,Temporary Bank/Network Error,12,1,0,74552.23,1
TXN-21206,CUST-1142,4767.88,UPI,Payment Gateway Timeout,6,0,1,85174.65,0
TXN-21207,CUST-2444,4063.9,Credit Card,Temporary Bank/Network Error,17,0,0,58875.29,1
TXN-21208,CUST-2885,2812.19,Net Banking,Temporary Bank/Network Error,7,0,1,47134.5,0
TXN-21209,CUST-2951,10303.91,UPI,Card Expired,4,1,3,63789.95,0
TXN-21210,CUST-1283,8957.96,UPI,Authentication Failed,12,0,2,129117.5,0
TXN-21211,CUST-2259,11301.0,UPI,Temporary Bank/Network Error,8,0,2,57057.68,1
TXN-21212,CUST-1051,6016.59,Wallet,Insufficient Funds,7,1,2,142720.14,0
TXN-21213,CUST-2170,7510.78,Credit Card,Payment Gateway Timeout,8,0,2,44684.83,0
TXN-21214,CUST-3094,8427.23,Debit Card,Insufficient Funds,12,0,4,77949.06,0
TXN-21215,CUST-1760,4462.74,Net Banking,Temporary Bank/Network Error,8,1,1,64115.75,1
TXN-21216,CUST-2041,5175.4,Credit Card,Insufficient Funds,8,1,5,57226.88,0
TXN-21217,CUST-2249,6634.84,Debit Card,Insufficient Funds,7,1,2,80343.34,0
TXN-21218,CUST-2304,10546.29,UPI,Payment Gateway Timeout,9,1,1,84122.58,1
TXN-21219,CUST-2523,14201.33,Wallet,Insufficient Funds,10,0,3,56431.14,0
TXN-21220,CUST-1237,9061.5,Debit Card,Insufficient Funds,11,0,1,43627.35,0
TXN-21221,CUST-2539,10845.9,UPI,Insufficient Funds,8,1,1,57544.27,0
TXN-21222,CUST-3287,8975.54,Credit Card,Payment Gateway Timeout,5,0,6,300000.0,0
TXN-21223,CUST-1537,8435.35,UPI,Temporary Bank/Network Error,10,0,3,130593.15,1
TXN-21224,CUST-2857,6321.16,UPI,Temporary Bank/Network Error,9,0,1,63581.36,1
TXN-21225,CUST-1438,6324.3,Credit Card,Card Expired,8,1,0,66624.35,1
TXN-21226,CUST-1085,7061.97,Credit Card,Card Expired,7,1,3,123512.06,0
TXN-21227,CUST-1878,3573.6,Credit Card,Insufficient Funds,7,1,1,136157.4,0
TXN-21228,CUST-2791,7322.8,Credit Card,Card Expired,15,1,1,107008.73,1
TXN-21229,CUST-1919,4446.31,Credit Card,Authentication Failed,9,1,3,77598.97,0
TXN-21230,CUST-2676,16407.42,Net Banking,Insufficient Funds,12,0,3,84688.28,0
TXN-21231,CUST-1870,19360.27,Net Banking,Temporary Bank/Network Error,8,1,0,66033.7,1
TXN-21232,CUST-2485,19493.7,UPI,Card Expired,11,1,0,106556.31,1
TXN-21233,CUST-2421,6332.27,Debit Card,Payment Gateway Timeout,9,0,0,77750.71,1
TXN-21234,CUST-2874,7166.68,Debit Card,Card Expired,5,0,1,179589.69,0
TXN-21235,CUST-2025,8000.31,Credit Card,Insufficient Funds,8,0,2,54851.05,0
TXN-21236,CUST-2094,5779.34,Credit Card,Temporary Bank/Network Error,10,1,2,67768.62,1
TXN-21237,CUST-3214,7341.17,Debit Card,Insufficient Funds,12,1,6,56394.84,0
TXN-21238,CUST-2067,3359.97,UPI,Payment Gateway Timeout,8,0,3,98241.38,0
TXN-21239,CUST-2488,9400.95,UPI,Temporary Bank/Network Error,7,0,3,60738.02,0
TXN-21240,CUST-1276,3648.62,Credit Card,Temporary Bank/Network Error,5,1,1,64041.38,1
TXN-21241,CUST-2067,7800.82,UPI,Insufficient Funds,6,0,2,126582.02,0
TXN-21242,CUST-1351,4995.89,UPI,Temporary Bank/Network Error,5,1,1,48913.86,1
TXN-21243,CUST-1727,4363.49,UPI,Temporary Bank/Network Error,8,1,1,266557.28,1
TXN-21244,CUST-2247,6443.19,UPI,Payment Gateway Timeout,4,1,2,111377.64,1
TXN-21245,CUST-2588,5381.62,Debit Card,Card Expired,8,1,1,140051.25,0
TXN-21246,CUST-2088,20890.21,UPI,Insufficient Funds,5,0,1,87018.1,0
TXN-21247,CUST-2925,5615.5,Net Banking,Insufficient Funds,13,1,5,47290.05,0
TXN-21248,CUST-2602,3643.42,Credit Card,Temporary Bank/Network Error,2,1,6,144645.4,0
TXN-21249,CUST-2362,11684.11,UPI,Insufficient Funds,7,1,1,81437.82,0
TXN-21250,CUST-2646,3976.38,Credit Card,Authentication Failed,8,1,2,89077.85,0
TXN-21251,CUST-2830,8229.31,Debit Card,Payment Gateway Timeout,8,1,2,158785.59,1
TXN-21252,CUST-1619,8190.43,UPI,Payment Gateway Timeout,6,1,3,31871.62,1
TXN-21253,CUST-2067,15527.08,Net Banking,Insufficient Funds,7,0,0,173596.79,0
TXN-21254,CUST-1478,5594.04,Net Banking,Card Expired,9,0,1,143499.26,0
TXN-21255,CUST-1063,15775.14,Net Banking,Payment Gateway Timeout,10,1,1,61931.67,1
TXN-21256,CUST-1895,7090.02,UPI,Temporary Bank/Network Error,7,1,1,84301.86,1
TXN-21257,CUST-2382,7297.85,Credit Card,Card Expired,9,0,1,72931.38,0
TXN-21258,CUST-1856,2270.63,Credit Card,Payment Gateway Timeout,7,0,4,53052.03,0
TXN-21259,CUST-2455,7243.37,UPI,Temporary Bank/Network Error,5,1,1,89234.8,1
TXN-21260,CUST-1188,3985.07,Debit Card,Insufficient Funds,11,0,0,39784.92,0
TXN-21261,CUST-1747,5220.25,UPI,Payment Gateway Timeout,8,1,1,62337.59,1
TXN-21262,CUST-3211,16411.43,Net Banking,Authentication Failed,8,1,2,29453.78,0
TXN-21263,CUST-3317,5041.35,Debit Card,Temporary Bank/Network Error,7,1,1,47159.76,1
TXN-21264,CUST-1771,5938.78,Net Banking,Temporary Bank/Network Error,7,0,2,108085.57,0
TXN-21265,CUST-2720,7523.68,Debit Card,Payment Gateway Timeout,7,0,5,161468.04,0
TXN-21266,CUST-2546,5739.31,UPI,Temporary Bank/Network Error,5,1,0,82611.9,1
TXN-21267,CUST-1033,9337.26,Net Banking,Temporary Bank/Network Error,10,1,2,72106.72,1
TXN-21268,CUST-2629,11841.99,UPI,Insufficient Funds,6,1,2,71379.28,0
TXN-21269,CUST-2014,8658.52,Net Banking,Card Expired,3,0,3,67019.18,0
TXN-21270,CUST-1937,6297.24,Net Banking,Payment Gateway Timeout,9,1,0,70083.58,1
TXN-21271,CUST-3261,11855.38,Credit Card,Card Expired,3,0,3,182200.41,0
TXN-21272,CUST-2450,7059.24,Debit Card,Insufficient Funds,9,1,0,31228.06,1
TXN-21273,CUST-2416,4546.32,UPI,Temporary Bank/Network Error,5,1,1,79042.68,1
TXN-21274,CUST-1923,7561.04,Net Banking,Temporary Bank/Network Error,3,0,0,89882.84,0
TXN-21275,CUST-1302,6534.25,Credit Card,Insufficient Funds,9,0,2,95584.1,0
TXN-21276,CUST-1155,5206.82,Credit Card,Card Expired,15,1,1,22881.16,1
TXN-21277,CUST-3283,8289.78,Credit Card,Authentication Failed,5,1,1,59377.95,0
TXN-21278,CUST-1098,3235.18,UPI,Insufficient Funds,7,0,1,111812.77,0
TXN-21279,CUST-2749,4550.0,UPI,Payment Gateway Timeout,11,1,0,113764.11,1
TXN-21280,CUST-3094,16814.12,Net Banking,Authentication Failed,3,0,1,85616.09,0
TXN-21281,CUST-1850,4676.95,Wallet,Authentication Failed,8,1,0,146119.27,1
TXN-21282,CUST-1467,8360.03,Debit Card,Insufficient Funds,7,0,2,85107.07,0
TXN-21283,CUST-1702,6612.26,Debit Card,Temporary Bank/Network Error,8,0,1,36889.15,1
TXN-21284,CUST-1945,7826.53,UPI,Insufficient Funds,9,1,1,175997.01,1
TXN-21285,CUST-1040,5913.69,Debit Card,Authentication Failed,8,1,1,144000.15,1
TXN-21286,CUST-2291,7934.66,UPI,Insufficient Funds,10,1,1,80318.86,1
TXN-21287,CUST-2308,9818.61,UPI,Card Expired,10,1,0,77658.55,1
TXN-21288,CUST-1071,10184.83,UPI,Payment Gateway Timeout,9,1,0,52747.62,1
TXN-21289,CUST-2965,3381.05,Credit Card,Payment Gateway Timeout,8,0,1,49374.52,1
TXN-21290,CUST-2382,11878.06,Credit Card,Payment Gateway Timeout,8,0,2,45471.18,0
TXN-21291,CUST-2972,3619.26,Credit Card,Payment Gateway Timeout,7,1,1,107375.92,1
TXN-21292,CUST-1109,4256.8,Wallet,Payment Gateway Timeout,6,0,2,84034.84,0
TXN-21293,CUST-2776,2538.72,Credit Card,Authentication Failed,9,0,0,63135.15,0
TXN-21294,CUST-1200,12290.63,UPI,Temporary Bank/Network Error,10,1,0,92439.45,1
TXN-21295,CUST-2148,15288.23,UPI,Card Expired,8,1,1,89318.98,0
TXN-21296,CUST-2629,3520.62,UPI,Insufficient Funds,12,1,1,116189.65,1
TXN-21297,CUST-1586,3448.6,UPI,Authentication Failed,8,0,0,42701.26,0
TXN-21298,CUST-1801,5844.64,UPI,Temporary Bank/Network Error,9,1,2,84651.76,1
TXN-21299,CUST-2074,4094.36,UPI,Insufficient Funds,4,1,2,107550.34,0
TXN-21300,CUST-2515,6003.97,Credit Card,Temporary Bank/Network Error,8,1,1,63671.87,1
TXN-21301,CUST-1093,5043.78,UPI,Card Expired,7,0,1,103909.52,0
TXN-21302,CUST-2691,4957.11,Net Banking,Insufficient Funds,9,1,1,120151.49,1
TXN-21303,CUST-1367,5335.5,UPI,Authentication Failed,10,1,0,42744.15,1
TXN-21304,CUST-2718,4538.83,UPI,Insufficient Funds,3,1,2,49604.16,0
TXN-21305,CUST-1420,8923.68,UPI,Temporary Bank/Network Error,9,0,1,176584.84,1
TXN-21306,CUST-1280,11730.42,Credit Card,Insufficient Funds,11,0,1,112480.76,0
TXN-21307,CUST-2648,13493.43,Debit Card,Insufficient Funds,6,1,1,21838.34,0
TXN-21308,CUST-2490,8370.39,UPI,Insufficient Funds,5,1,3,197598.44,0
TXN-21309,CUST-1708,6137.47,Credit Card,Payment Gateway Timeout,11,1,4,31557.29,1
TXN-21310,CUST-2742,6810.12,Credit Card,Temporary Bank/Network Error,5,1,2,127995.15,1
TXN-21311,CUST-2563,6314.0,Debit Card,Payment Gateway Timeout,6,0,2,63834.13,0
TXN-21312,CUST-3322,4343.53,UPI,Insufficient Funds,10,1,0,170084.61,1
TXN-21313,CUST-2533,4313.12,Debit Card,Temporary Bank/Network Error,7,0,3,103658.51,0
TXN-21314,CUST-1475,5074.13,UPI,Temporary Bank/Network Error,7,1,0,65229.43,1
TXN-21315,CUST-1854,8242.41,Debit Card,Payment Gateway Timeout,2,0,3,104845.67,0
TXN-21316,CUST-1477,3707.26,UPI,Authentication Failed,8,1,1,55152.77,1
TXN-21317,CUST-3403,6564.97,Net Banking,Insufficient Funds,4,0,1,109259.44,0
TXN-21318,CUST-1871,6632.34,Credit Card,Temporary Bank/Network Error,7,0,0,71194.98,1
TXN-21319,CUST-3161,2967.7,UPI,Card Expired,5,0,0,184626.03,0
TXN-21320,CUST-2067,7235.28,UPI,Authentication Failed,6,1,1,175147.17,1
TXN-21321,CUST-1122,4567.81,UPI,Insufficient Funds,8,1,1,51964.97,1
TXN-21322,CUST-1296,5630.66,Debit Card,Insufficient Funds,9,0,0,46376.26,0
TXN-21323,CUST-3206,7294.58,Credit Card,Authentication Failed,9,1,1,56702.48,1
TXN-21324,CUST-2549,5366.36,Credit Card,Temporary Bank/Network Error,7,0,1,79505.45,1
TXN-21325,CUST-2267,5505.08,Credit Card,Authentication Failed,8,0,0,53248.8,0
TXN-21326,CUST-2266,3886.78,UPI,Insufficient Funds,10,0,2,121533.16,0
TXN-21327,CUST-2404,5013.18,Debit Card,Card Expired,12,1,1,113041.56,1
TXN-21328,CUST-1655,6727.47,Debit Card,Payment Gateway Timeout,9,1,2,117855.7,1
TXN-21329,CUST-2246,13136.64,Credit Card,Temporary Bank/Network Error,10,0,2,69160.26,1
TXN-21330,CUST-2205,7016.18,Credit Card,Temporary Bank/Network Error,8,1,1,90974.34,1
TXN-21331,CUST-1463,3666.02,Net Banking,Temporary Bank/Network Error,7,1,4,96199.78,1
TXN-21332,CUST-1116,10305.44,Net Banking,Temporary Bank/Network Error,12,0,3,91384.25,1
TXN-21333,CUST-1544,9614.96,Wallet,Authentication Failed,5,0,1,144700.92,0
TXN-21334,CUST-1505,14044.41,Credit Card,Insufficient Funds,10,0,1,186616.25,0
TXN-21335,CUST-2500,14529.07,Credit Card,Insufficient Funds,9,1,3,52825.58,0
TXN-21336,CUST-2294,3230.55,UPI,Insufficient Funds,8,1,2,226635.31,1
TXN-21337,CUST-1746,3114.57,UPI,Payment Gateway Timeout,7,0,1,49848.8,0
TXN-21338,CUST-3332,8150.25,UPI,Temporary Bank/Network Error,10,1,0,42160.05,1
TXN-21339,CUST-1069,5055.59,Credit Card,Payment Gateway Timeout,10,1,2,32652.03,1
TXN-21340,CUST-3113,5408.53,Credit Card,Payment Gateway Timeout,5,0,4,91885.97,0
TXN-21341,CUST-2325,7320.82,Credit Card,Payment Gateway Timeout,5,0,2,91575.56,0
TXN-21342,CUST-1669,5356.96,Debit Card,Insufficient Funds,11,1,0,30047.3,1
TXN-21343,CUST-2607,6172.17,Debit Card,Insufficient Funds,7,1,0,76833.26,0
TXN-21344,CUST-1098,14833.02,UPI,Temporary Bank/Network Error,3,1,1,81287.57,1
TXN-21345,CUST-2712,6566.59,UPI,Temporary Bank/Network Error,6,1,1,77212.72,1
TXN-21346,CUST-3410,12906.15,Net Banking,Card Expired,5,1,3,153951.45,0
TXN-21347,CUST-2309,6479.0,Debit Card,Payment Gateway Timeout,8,0,3,90579.66,0
TXN-21348,CUST-2465,3709.71,Debit Card,Temporary Bank/Network Error,4,0,1,63297.51,0
TXN-21349,CUST-3365,6553.7,Wallet,Insufficient Funds,7,0,2,48233.96,0
TXN-21350,CUST-1687,10831.79,UPI,Temporary Bank/Network Error,3,0,3,92905.41,0
TXN-21351,CUST-1078,3308.56,Debit Card,Temporary Bank/Network Error,7,0,2,39365.47,0
TXN-21352,CUST-3432,14493.5,Credit Card,Payment Gateway Timeout,7,1,1,41139.52,1
TXN-21353,CUST-2883,6923.64,Net Banking,Card Expired,10,1,3,52161.71,0
TXN-21354,CUST-2894,14190.64,Wallet,Authentication Failed,7,1,3,146717.64,0
TXN-21355,CUST-2295,4585.46,UPI,Payment Gateway Timeout,8,1,2,88088.11,1
TXN-21356,CUST-2646,5697.84,Debit Card,Authentication Failed,8,0,1,104932.8,0
TXN-21357,CUST-3246,7522.07,UPI,Payment Gateway Timeout,6,1,0,60444.36,1
TXN-21358,CUST-2573,2903.51,Debit Card,Temporary Bank/Network Error,8,0,2,45833.5,0
TXN-21359,CUST-1662,7922.42,Wallet,Card Expired,11,1,1,51935.01,1
TXN-21360,CUST-1487,3825.78,Debit Card,Temporary Bank/Network Error,7,1,1,106911.77,1
TXN-21361,CUST-1616,6172.66,UPI,Temporary Bank/Network Error,8,1,3,83353.36,1
TXN-21362,CUST-1788,8705.05,Debit Card,Authentication Failed,9,0,0,40365.26,0
TXN-21363,CUST-3188,5280.75,UPI,Temporary Bank/Network Error,3,0,1,48835.69,0
TXN-21364,CUST-2888,7682.89,Credit Card,Temporary Bank/Network Error,8,0,2,56834.96,1
TXN-21365,CUST-2965,2793.1,Credit Card,Temporary Bank/Network Error,8,0,1,57022.44,1
TXN-21366,CUST-3387,23755.14,UPI,Insufficient Funds,10,0,0,90064.18,0
TXN-21367,CUST-3127,16391.02,UPI,Card Expired,11,1,3,59127.16,0
TXN-21368,CUST-1505,6328.24,Credit Card,Insufficient Funds,12,1,3,128463.42,1
TXN-21369,CUST-2141,2655.23,Net Banking,Payment Gateway Timeout,10,0,2,53249.15,1
TXN-21370,CUST-3007,10985.79,Debit Card,Card Expired,7,0,2,54137.84,0
TXN-21371,CUST-2403,15608.88,UPI,Authentication Failed,7,1,1,56079.88,0
TXN-21372,CUST-1586,9368.42,Net Banking,Temporary Bank/Network Error,6,1,1,98929.98,1
TXN-21373,CUST-1257,3737.08,UPI,Card Expired,10,1,2,67138.77,1
TXN-21374,CUST-3080,4235.11,UPI,Insufficient Funds,8,0,2,46675.54,0
TXN-21375,CUST-1501,8829.65,UPI,Card Expired,6,0,2,200710.16,0
TXN-21376,CUST-2067,9207.62,UPI,Payment Gateway Timeout,10,0,2,154132.5,1
TXN-21377,CUST-2122,7757.52,Net Banking,Authentication Failed,7,0,1,76785.29,0
TXN-21378,CUST-2742,6043.05,Credit Card,Card Expired,4,0,0,92629.37,0
TXN-21379,CUST-1685,12755.41,UPI,Temporary Bank/Network Error,8,1,2,125530.2,1
TXN-21380,CUST-2347,6079.19,Debit Card,Temporary Bank/Network Error,7,1,2,208199.91,1
TXN-21381,CUST-2038,11242.32,UPI,Authentication Failed,4,0,2,99086.84,0
TXN-21382,CUST-3007,5537.56,UPI,Temporary Bank/Network Error,8,0,1,66205.56,1
TXN-21383,CUST-1599,11810.78,Credit Card,Card Expired,2,0,1,107667.12,0
TXN-21384,CUST-3279,9891.23,UPI,Temporary Bank/Network Error,14,0,0,126223.94,1
TXN-21385,CUST-2707,11433.74,Credit Card,Authentication Failed,7,0,2,267289.27,0
TXN-21386,CUST-3175,8802.96,UPI,Temporary Bank/Network Error,5,0,3,178504.45,0
TXN-21387,CUST-1580,5651.36,UPI,Insufficient Funds,0,0,1,40185.52,0
TXN-21388,CUST-3114,6413.56,Credit Card,Temporary Bank/Network Error,10,1,3,50850.39,1
TXN-21389,CUST-1612,14749.01,UPI,Authentication Failed,7,1,0,78223.54,1
TXN-21390,CUST-3390,9915.34,UPI,Temporary Bank/Network Error,9,1,1,175823.87,1
TXN-21391,CUST-3451,13137.17,Wallet,Temporary Bank/Network Error,8,0,1,89017.56,1
TXN-21392,CUST-1610,10062.11,Debit Card,Authentication Failed,5,1,2,50350.09,0
TXN-21393,CUST-2820,4489.58,UPI,Temporary Bank/Network Error,6,1,2,57778.17,1
TXN-21394,CUST-1915,6010.08,UPI,Temporary Bank/Network Error,7,0,1,54207.97,1
TXN-21395,CUST-3123,18482.41,Debit Card,Card Expired,6,0,1,134838.09,0
TXN-21396,CUST-1463,17523.77,Credit Card,Payment Gateway Timeout,3,1,3,105238.94,0
TXN-21397,CUST-3054,9379.72,Credit Card,Temporary Bank/Network Error,10,1,2,111510.26,1
TXN-21398,CUST-2732,3324.22,Debit Card,Authentication Failed,5,0,1,110803.26,0
TXN-21399,CUST-1069,8182.57,UPI,Authentication Failed,4,0,1,48990.37,0
TXN-21400,CUST-1794,4987.29,Credit Card,Card Expired,8,1,1,65802.75,0
TXN-21401,CUST-1859,4652.39,UPI,Card Expired,4,0,2,89140.2,0
TXN-21402,CUST-1543,2416.93,Wallet,Authentication Failed,15,1,2,73595.18,1
TXN-21403,CUST-2003,5011.45,Credit Card,Temporary Bank/Network Error,5,1,0,80428.73,1
TXN-21404,CUST-2396,9817.67,Credit Card,Authentication Failed,7,1,2,67463.25,0
TXN-21405,CUST-2241,3330.13,UPI,Payment Gateway Timeout,7,0,4,63665.43,0
TXN-21406,CUST-3054,18254.73,UPI,Insufficient Funds,8,1,1,73039.21,0
TXN-21407,CUST-3222,5659.59,Debit Card,Insufficient Funds,10,0,2,103540.41,0
TXN-21408,CUST-1171,7861.07,Credit Card,Temporary Bank/Network Error,11,1,2,133674.48,1
TXN-21409,CUST-3162,6458.66,Net Banking,Insufficient Funds,7,1,0,55271.68,0
TXN-21410,CUST-1702,5539.34,UPI,Temporary Bank/Network Error,7,1,3,44405.46,0
TXN-21411,CUST-3160,3362.63,UPI,Insufficient Funds,9,0,3,61104.52,0
TXN-21412,CUST-3069,7453.01,Debit Card,Insufficient Funds,3,1,2,26871.23,0
TXN-21413,CUST-2102,9825.74,Debit Card,Temporary Bank/Network Error,6,0,2,99125.39,0
TXN-21414,CUST-3223,10214.37,Credit Card,Temporary Bank/Network Error,12,1,0,207464.65,1
TXN-21415,CUST-2059,4757.84,Net Banking,Authentication Failed,8,1,1,115290.89,1
TXN-21416,CUST-1717,7286.19,Net Banking,Insufficient Funds,12,1,4,52324.34,0
TXN-21417,CUST-3383,10483.79,Wallet,Payment Gateway Timeout,4,0,1,52663.78,0
TXN-21418,CUST-1913,9531.42,Net Banking,Authentication Failed,4,1,2,82562.37,0
TXN-21419,CUST-3301,14053.28,Credit Card,Insufficient Funds,9,0,1,37625.12,0
TXN-21420,CUST-2707,11515.57,UPI,Authentication Failed,5,0,2,55483.3,0
TXN-21421,CUST-1067,17818.66,Debit Card,Card Expired,8,1,0,47492.64,0
TXN-21422,CUST-1804,9710.42,Wallet,Insufficient Funds,6,0,2,63184.18,0
TXN-21423,CUST-1362,3591.56,Debit Card,Insufficient Funds,8,1,1,42700.92,0
TXN-21424,CUST-3210,7864.41,Credit Card,Insufficient Funds,8,0,4,60851.95,0
TXN-21425,CUST-3312,6605.83,Debit Card,Payment Gateway Timeout,8,1,3,69640.33,1
TXN-21426,CUST-2455,9209.99,Credit Card,Insufficient Funds,4,0,3,95760.65,0
TXN-21427,CUST-2663,7698.72,Debit Card,Card Expired,9,1,0,81189.26,1
TXN-21428,CUST-1785,8052.33,Credit Card,Insufficient Funds,9,1,0,54436.58,1
TXN-21429,CUST-1843,6742.99,Debit Card,Card Expired,5,1,4,95572.13,0
TXN-21430,CUST-1247,13240.57,Wallet,Authentication Failed,11,1,0,185443.15,1
TXN-21431,CUST-1286,10230.28,Credit Card,Insufficient Funds,9,0,2,62061.5,0
TXN-21432,CUST-1758,5642.15,UPI,Payment Gateway Timeout,7,1,3,81436.24,1
TXN-21433,CUST-2090,6888.42,Credit Card,Temporary Bank/Network Error,17,1,2,45293.32,1
TXN-21434,CUST-3428,7143.62,UPI,Authentication Failed,9,1,0,102728.89,1
TXN-21435,CUST-1783,12503.96,Wallet,Insufficient Funds,8,1,0,39737.1,1
TXN-21436,CUST-1267,9081.54,Debit Card,Insufficient Funds,11,1,1,120242.07,1
TXN-21437,CUST-3446,9102.57,Debit Card,Insufficient Funds,7,1,2,54813.99,0
TXN-21438,CUST-2845,7727.74,UPI,Insufficient Funds,8,0,2,71264.31,0
TXN-21439,CUST-1956,17486.43,Net Banking,Payment Gateway Timeout,2,0,1,41888.25,0
TXN-21440,CUST-1020,4588.57,UPI,Card Expired,8,1,1,45827.02,0
TXN-21441,CUST-3471,5552.99,Credit Card,Insufficient Funds,5,0,1,149779.67,0
TXN-21442,CUST-3351,5155.59,Net Banking,Temporary Bank/Network Error,12,1,3,241858.18,1
TXN-21443,CUST-2841,5332.59,Credit Card,Temporary Bank/Network Error,3,0,2,193794.9,0
TXN-21444,CUST-3485,4951.59,UPI,Payment Gateway Timeout,10,0,1,80534.75,1
TXN-21445,CUST-2325,4024.88,UPI,Temporary Bank/Network Error,10,0,1,85169.57,1
TXN-21446,CUST-1620,7152.73,UPI,Payment Gateway Timeout,12,0,1,85711.83,1
TXN-21447,CUST-2406,7418.59,Debit Card,Temporary Bank/Network Error,3,0,1,102120.71,0
TXN-21448,CUST-2284,8610.98,Credit Card,Payment Gateway Timeout,4,1,2,42307.48,0
TXN-21449,CUST-1116,3775.3,Debit Card,Authentication Failed,3,0,1,77806.63,0
TXN-21450,CUST-2388,4474.86,Net Banking,Authentication Failed,13,0,1,211577.14,1
TXN-21451,CUST-2674,3366.1,Credit Card,Authentication Failed,7,1,1,128733.09,1
TXN-21452,CUST-2270,2809.73,UPI,Payment Gateway Timeout,5,1,0,120524.44,1
TXN-21453,CUST-2267,4265.71,UPI,Authentication Failed,7,0,1,56931.29,0
TXN-21454,CUST-1729,4651.98,UPI,Temporary Bank/Network Error,6,1,0,41706.9,1
TXN-21455,CUST-1259,9125.82,Credit Card,Temporary Bank/Network Error,9,0,1,60780.82,1
TXN-21456,CUST-2848,17572.92,UPI,Authentication Failed,8,0,2,48703.52,0
TXN-21457,CUST-1258,6710.32,Credit Card,Temporary Bank/Network Error,7,1,3,86313.46,1
TXN-21458,CUST-2603,5700.59,UPI,Temporary Bank/Network Error,5,0,2,96999.63,0
TXN-21459,CUST-3048,6205.88,Credit Card,Payment Gateway Timeout,4,0,2,92841.05,0
TXN-21460,CUST-2718,6087.04,UPI,Insufficient Funds,11,1,0,104575.56,1
TXN-21461,CUST-2411,16302.45,UPI,Temporary Bank/Network Error,7,0,0,109351.88,1
TXN-21462,CUST-2731,10349.81,Credit Card,Insufficient Funds,9,1,6,36357.0,0
TXN-21463,CUST-3495,11154.32,Wallet,Insufficient Funds,11,0,1,67343.17,0
TXN-21464,CUST-2737,5509.83,Wallet,Authentication Failed,8,1,1,68342.25,1
TXN-21465,CUST-2145,10357.7,UPI,Insufficient Funds,13,0,1,14327.26,0
TXN-21466,CUST-1239,3927.45,Wallet,Insufficient Funds,10,1,0,54897.02,1
TXN-21467,CUST-1790,6832.49,Credit Card,Authentication Failed,5,0,0,48631.56,0
TXN-21468,CUST-3046,2733.29,Net Banking,Payment Gateway Timeout,2,1,0,128163.71,1
TXN-21469,CUST-3069,6591.37,Net Banking,Card Expired,11,1,2,37688.38,0
TXN-21470,CUST-1328,12791.07,Net Banking,Payment Gateway Timeout,7,0,2,122458.7,0
TXN-21471,CUST-1716,11890.29,UPI,Authentication Failed,8,1,1,28298.79,0
TXN-21472,CUST-3297,11688.13,Wallet,Temporary Bank/Network Error,8,1,2,128130.5,1
TXN-21473,CUST-2882,2927.68,Net Banking,Card Expired,6,1,0,111302.08,0
TXN-21474,CUST-1589,6178.49,Credit Card,Insufficient Funds,12,1,2,85207.83,1
TXN-21475,CUST-2819,12015.86,Credit Card,Temporary Bank/Network Error,12,0,1,91026.11,1
TXN-21476,CUST-1414,11005.18,Net Banking,Payment Gateway Timeout,4,1,2,88498.34,1
TXN-21477,CUST-1142,2712.02,Wallet,Insufficient Funds,12,1,3,127036.13,1
TXN-21478,CUST-2952,7424.79,Wallet,Temporary Bank/Network Error,7,1,2,43302.49,1
TXN-21479,CUST-1638,10533.16,Debit Card,Temporary Bank/Network Error,5,0,2,52196.23,0
TXN-21480,CUST-1179,9081.01,UPI,Temporary Bank/Network Error,9,1,1,90513.0,1
TXN-21481,CUST-1346,3726.02,UPI,Payment Gateway Timeout,7,1,1,26219.43,1
TXN-21482,CUST-1217,9776.22,Credit Card,Insufficient Funds,11,0,4,67304.62,0
TXN-21483,CUST-3256,2921.7,Debit Card,Insufficient Funds,8,1,0,63725.53,1
TXN-21484,CUST-2272,4211.62,Credit Card,Authentication Failed,6,1,1,135559.31,0
TXN-21485,CUST-1130,6668.46,Debit Card,Payment Gateway Timeout,7,1,0,45563.43,1
TXN-21486,CUST-2384,6498.12,Credit Card,Card Expired,16,0,2,36469.54,0
TXN-21487,CUST-3399,5019.4,Credit Card,Temporary Bank/Network Error,7,0,1,72030.96,1
TXN-21488,CUST-2653,6128.23,Net Banking,Card Expired,13,1,1,42338.21,1
TXN-21489,CUST-3339,14803.87,Credit Card,Temporary Bank/Network Error,8,0,3,70833.96,0
TXN-21490,CUST-3008,10084.81,Credit Card,Authentication Failed,5,1,0,58587.0,0
TXN-21491,CUST-2333,15778.46,Credit Card,Temporary Bank/Network Error,4,0,2,180223.17,0
TXN-21492,CUST-1224,2751.85,UPI,Insufficient Funds,6,1,2,211840.67,0
TXN-21493,CUST-1570,4612.32,UPI,Authentication Failed,8,0,1,69599.21,0
TXN-21494,CUST-1023,3421.75,Debit Card,Payment Gateway Timeout,5,1,0,38345.89,1
TXN-21495,CUST-1369,13132.71,UPI,Temporary Bank/Network Error,4,1,1,139311.24,1
TXN-21496,CUST-1049,6208.41,Wallet,Insufficient Funds,13,0,1,83209.61,0
TXN-21497,CUST-2211,6773.62,Net Banking,Card Expired,11,1,3,112393.29,0
TXN-21498,CUST-3313,2283.96,UPI,Card Expired,5,0,3,83597.32,0
TXN-21499,CUST-1041,3555.41,Credit Card,Temporary Bank/Network Error,5,1,2,48108.31,1
TXN-21500,CUST-1375,5255.59,UPI,Temporary Bank/Network Error,7,1,1,134863.35,1
TXN-21501,CUST-1705,15350.59,Credit Card,Insufficient Funds,7,1,0,189226.08,1
TXN-21502,CUST-2892,7651.16,UPI,Authentication Failed,9,0,0,44434.89,0
TXN-21503,CUST-1566,5274.67,Credit Card,Insufficient Funds,10,0,0,60888.2,0
TXN-21504,CUST-2818,6080.58,Net Banking,Payment Gateway Timeout,9,1,2,46322.97,1
TXN-21505,CUST-2487,7927.1,Net Banking,Authentication Failed,12,1,2,54979.63,1
TXN-21506,CUST-2807,9128.46,Credit Card,Temporary Bank/Network Error,4,0,1,85245.59,0
TXN-21507,CUST-3099,7067.9,Net Banking,Temporary Bank/Network Error,13,1,1,78972.52,1
TXN-21508,CUST-2508,4307.28,Debit Card,Payment Gateway Timeout,13,1,0,185385.44,1
TXN-21509,CUST-2090,6351.79,Credit Card,Authentication Failed,6,1,6,67545.65,0
TXN-21510,CUST-3269,4720.14,Wallet,Insufficient Funds,6,1,3,85697.48,0
TXN-21511,CUST-2455,7651.71,Credit Card,Temporary Bank/Network Error,9,0,1,104338.44,1
TXN-21512,CUST-2151,4814.36,Credit Card,Temporary Bank/Network Error,3,0,1,59035.0,0
TXN-21513,CUST-2321,8405.82,UPI,Insufficient Funds,7,1,1,91176.8,0
TXN-21514,CUST-2540,3628.29,UPI,Insufficient Funds,8,0,3,78345.3,0
TXN-21515,CUST-1395,10487.27,UPI,Authentication Failed,10,0,0,73652.83,0
TXN-21516,CUST-2609,6378.61,Credit Card,Temporary Bank/Network Error,3,1,2,90593.08,1
TXN-21517,CUST-1571,7071.48,UPI,Card Expired,6,0,0,32769.18,0
TXN-21518,CUST-3259,4859.21,Credit Card,Payment Gateway Timeout,6,0,0,45111.94,0
TXN-21519,CUST-3364,3023.03,Credit Card,Temporary Bank/Network Error,7,1,3,107945.16,1
TXN-21520,CUST-1157,4501.27,Debit Card,Temporary Bank/Network Error,10,1,1,66893.6,1
TXN-21521,CUST-2445,5561.76,UPI,Authentication Failed,6,1,1,66879.13,0
TXN-21522,CUST-1643,4118.09,Credit Card,Insufficient Funds,6,1,0,55609.97,0
TXN-21523,CUST-2116,11869.37,UPI,Temporary Bank/Network Error,10,1,1,282020.74,1
TXN-21524,CUST-1493,11146.52,Credit Card,Authentication Failed,3,1,2,98976.24,0
TXN-21525,CUST-3431,5234.61,Net Banking,Temporary Bank/Network Error,11,1,4,109640.19,1
TXN-21526,CUST-2863,10538.37,Debit Card,Insufficient Funds,11,1,3,97738.55,0
TXN-21527,CUST-2662,13051.97,Net Banking,Temporary Bank/Network Error,6,1,2,103253.06,1
TXN-21528,CUST-1965,17631.92,Debit Card,Payment Gateway Timeout,3,1,1,77751.25,1
TXN-21529,CUST-1537,3279.61,Wallet,Temporary Bank/Network Error,13,1,3,40264.06,1
TXN-21530,CUST-1314,5104.97,Debit Card,Insufficient Funds,10,0,2,88772.26,0
TXN-21531,CUST-2025,4556.8,Credit Card,Card Expired,9,1,1,50966.37,0
TXN-21532,CUST-2011,11777.92,Debit Card,Card Expired,10,1,4,300000.0,0
TXN-21533,CUST-1334,5664.8,Debit Card,Temporary Bank/Network Error,10,1,3,88238.14,1
TXN-21534,CUST-2963,4743.09,UPI,Payment Gateway Timeout,9,0,2,125436.21,1
TXN-21535,CUST-2668,9080.78,Credit Card,Temporary Bank/Network Error,8,1,7,63384.39,0
TXN-21536,CUST-2674,6892.95,Net Banking,Authentication Failed,4,0,2,217389.69,0
TXN-21537,CUST-1052,3632.49,UPI,Insufficient Funds,3,0,1,60743.05,0
TXN-21538,CUST-2174,5495.71,Net Banking,Insufficient Funds,13,1,0,72631.11,1
TXN-21539,CUST-1472,7988.83,Credit Card,Temporary Bank/Network Error,10,1,0,66683.19,1
TXN-21540,CUST-2875,8477.77,UPI,Insufficient Funds,6,1,1,32656.32,0
TXN-21541,CUST-1768,11677.03,UPI,Insufficient Funds,8,0,0,80622.82,0
TXN-21542,CUST-1345,3652.1,Credit Card,Authentication Failed,11,0,4,48299.7,0
TXN-21543,CUST-1842,3597.36,Debit Card,Temporary Bank/Network Error,5,1,2,80729.62,1
TXN-21544,CUST-3055,7919.56,Credit Card,Insufficient Funds,11,1,0,173178.66,1
TXN-21545,CUST-1685,6460.53,Net Banking,Temporary Bank/Network Error,6,0,1,93033.39,0
TXN-21546,CUST-2475,5050.35,Debit Card,Temporary Bank/Network Error,14,0,2,45894.22,1
TXN-21547,CUST-1003,3671.04,Wallet,Insufficient Funds,7,1,2,40524.89,0
TXN-21548,CUST-2814,14024.81,Debit Card,Temporary Bank/Network Error,11,1,4,129888.81,1
TXN-21549,CUST-2477,3126.71,Credit Card,Insufficient Funds,10,0,1,92940.92,0
TXN-21550,CUST-2943,10629.85,Net Banking,Temporary Bank/Network Error,9,1,1,124667.7,1
TXN-21551,CUST-1850,5162.37,Credit Card,Authentication Failed,4,1,4,70457.2,0
TXN-21552,CUST-2192,10538.67,Credit Card,Authentication Failed,10,1,2,137564.72,1
TXN-21553,CUST-2607,6575.82,UPI,Authentication Failed,10,0,1,90216.57,0
TXN-21554,CUST-2667,3123.95,UPI,Temporary Bank/Network Error,6,1,2,95534.9,1
TXN-21555,CUST-1253,6234.58,Credit Card,Insufficient Funds,12,1,0,42852.25,1
TXN-21556,CUST-2287,8146.43,UPI,Authentication Failed,11,0,1,81418.59,0
TXN-21557,CUST-3214,1864.64,UPI,Temporary Bank/Network Error,5,1,0,127330.09,1
TXN-21558,CUST-1567,3837.13,Debit Card,Authentication Failed,8,1,1,39577.09,0
TXN-21559,CUST-2584,4359.64,UPI,Insufficient Funds,14,1,2,69016.61,1
TXN-21560,CUST-2271,6787.31,UPI,Insufficient Funds,9,0,0,23532.37,0
TXN-21561,CUST-2261,5161.06,Debit Card,Temporary Bank/Network Error,5,1,0,139109.54,1
TXN-21562,CUST-2244,6335.19,UPI,Payment Gateway Timeout,8,1,1,55002.06,1
TXN-21563,CUST-2480,2867.57,Credit Card,Card Expired,7,0,1,54344.87,0
TXN-21564,CUST-1589,5434.35,Credit Card,Authentication Failed,4,0,1,37658.02,0
TXN-21565,CUST-2607,6446.93,UPI,Authentication Failed,7,0,2,139960.77,0
TXN-21566,CUST-1660,3226.86,Net Banking,Authentication Failed,10,0,3,68659.08,0
TXN-21567,CUST-1234,3414.33,Wallet,Temporary Bank/Network Error,8,0,2,66682.94,0
TXN-21568,CUST-1862,10193.56,Credit Card,Temporary Bank/Network Error,1,0,1,112715.5,0
TXN-21569,CUST-1667,7579.93,Credit Card,Card Expired,6,1,1,37971.03,0
TXN-21570,CUST-1387,10519.07,Debit Card,Card Expired,7,1,3,135363.31,0
TXN-21571,CUST-2333,15742.71,Credit Card,Card Expired,7,0,2,89263.66,0
TXN-21572,CUST-1779,9336.43,UPI,Authentication Failed,4,1,1,128554.69,0
TXN-21573,CUST-2400,3391.09,Debit Card,Payment Gateway Timeout,8,0,2,92749.78,0
TXN-21574,CUST-1363,7357.66,Credit Card,Temporary Bank/Network Error,9,0,2,73228.71,1
TXN-21575,CUST-2454,9185.3,UPI,Payment Gateway Timeout,10,0,2,73995.41,1
TXN-21576,CUST-2225,4606.41,Debit Card,Insufficient Funds,12,0,1,83412.51,0
TXN-21577,CUST-2619,6360.15,Debit Card,Card Expired,8,1,0,54276.24,0
TXN-21578,CUST-1864,18316.62,UPI,Temporary Bank/Network Error,10,0,1,70843.87,1
TXN-21579,CUST-1520,8078.75,Credit Card,Temporary Bank/Network Error,14,0,1,194752.32,1
TXN-21580,CUST-2754,7023.93,Credit Card,Insufficient Funds,15,1,2,61792.89,1
TXN-21581,CUST-1224,20744.55,UPI,Insufficient Funds,7,0,4,65623.12,0
TXN-21582,CUST-2718,3665.73,UPI,Authentication Failed,13,1,3,53123.43,1
TXN-21583,CUST-1246,6293.73,UPI,Temporary Bank/Network Error,5,0,1,66879.02,0
TXN-21584,CUST-1402,5538.57,Debit Card,Payment Gateway Timeout,7,1,0,68061.92,1
TXN-21585,CUST-1188,2607.44,UPI,Insufficient Funds,5,0,0,25707.9,0
TXN-21586,CUST-3098,2844.91,UPI,Temporary Bank/Network Error,7,0,0,87233.7,1
TXN-21587,CUST-2849,14818.09,UPI,Temporary Bank/Network Error,14,1,0,37807.72,1
TXN-21588,CUST-1934,4196.32,Debit Card,Insufficient Funds,11,1,2,123685.24,1
TXN-21589,CUST-3411,2019.95,Debit Card,Temporary Bank/Network Error,19,0,2,81024.79,1
TXN-21590,CUST-2196,5078.44,Credit Card,Authentication Failed,4,1,0,107245.66,0
TXN-21591,CUST-2931,3521.03,Credit Card,Authentication Failed,8,1,2,96972.7,0
TXN-21592,CUST-2283,7653.12,Net Banking,Card Expired,9,0,1,125458.06,0
TXN-21593,CUST-1646,10240.24,Credit Card,Authentication Failed,14,1,1,156977.01,1
TXN-21594,CUST-2252,5719.47,Credit Card,Insufficient Funds,6,0,1,71792.08,0
TXN-21595,CUST-3324,4746.35,Debit Card,Payment Gateway Timeout,7,0,1,82636.99,0
TXN-21596,CUST-3362,4420.85,Debit Card,Temporary Bank/Network Error,8,1,1,74535.92,1
TXN-21597,CUST-2818,9304.52,Debit Card,Authentication Failed,9,0,1,123998.8,0
TXN-21598,CUST-2912,6144.43,Debit Card,Payment Gateway Timeout,8,0,1,103068.74,1
TXN-21599,CUST-3326,2795.71,Debit Card,Card Expired,2,1,2,89963.37,0
TXN-21600,CUST-1198,5075.79,Net Banking,Card Expired,9,1,2,55268.6,0
TXN-21601,CUST-3332,14668.24,Wallet,Authentication Failed,4,1,1,44677.85,0
TXN-21602,CUST-2587,4018.25,UPI,Temporary Bank/Network Error,7,1,2,136499.88,1
TXN-21603,CUST-2571,4547.8,Debit Card,Authentication Failed,3,1,1,50200.68,0
TXN-21604,CUST-2992,2813.67,UPI,Temporary Bank/Network Error,6,0,1,51517.0,1
TXN-21605,CUST-2086,5720.71,Credit Card,Card Expired,10,0,1,65199.5,0
TXN-21606,CUST-3013,9142.29,Wallet,Insufficient Funds,3,0,0,56648.18,0
TXN-21607,CUST-3216,8516.35,Credit Card,Insufficient Funds,9,0,2,121953.49,0
TXN-21608,CUST-1309,3325.72,UPI,Temporary Bank/Network Error,8,1,0,49173.49,1
TXN-21609,CUST-3210,5169.68,UPI,Payment Gateway Timeout,19,1,1,72800.34,1
TXN-21610,CUST-2683,9465.86,Debit Card,Authentication Failed,10,0,0,63567.37,0
TXN-21611,CUST-1190,7797.97,UPI,Authentication Failed,7,1,2,88810.79,0
TXN-21612,CUST-2826,4924.23,Wallet,Insufficient Funds,5,0,1,67653.39,0
TXN-21613,CUST-1386,4247.1,UPI,Temporary Bank/Network Error,7,0,0,54834.63,1
TXN-21614,CUST-1111,6936.5,Credit Card,Authentication Failed,9,1,1,92099.26,1
TXN-21615,CUST-1116,8162.7,Debit Card,Temporary Bank/Network Error,6,0,1,90190.19,0
TXN-21616,CUST-1868,3833.23,Credit Card,Card Expired,9,1,1,142080.08,1
TXN-21617,CUST-2454,3916.78,UPI,Authentication Failed,3,0,2,79646.39,0
TXN-21618,CUST-2842,5645.8,UPI,Card Expired,20,0,0,88881.8,1
TXN-21619,CUST-2819,9272.66,Wallet,Temporary Bank/Network Error,7,0,1,83603.87,1
TXN-21620,CUST-1778,7050.27,UPI,Payment Gateway Timeout,6,0,1,29389.34,0
TXN-21621,CUST-3249,5434.07,Credit Card,Temporary Bank/Network Error,6,1,1,34067.81,1
TXN-21622,CUST-1211,8352.73,Net Banking,Temporary Bank/Network Error,6,0,2,84515.55,0
TXN-21623,CUST-1438,3399.88,UPI,Card Expired,10,0,1,67201.38,0
TXN-21624,CUST-1234,3749.06,UPI,Insufficient Funds,10,0,2,74334.42,0
TXN-21625,CUST-1905,8944.83,UPI,Temporary Bank/Network Error,12,0,2,65191.7,1
TXN-21626,CUST-1799,8394.84,UPI,Authentication Failed,7,0,1,94925.42,0
TXN-21627,CUST-3435,6270.42,Credit Card,Temporary Bank/Network Error,7,0,1,100898.61,1
TXN-21628,CUST-2903,8710.58,Credit Card,Temporary Bank/Network Error,9,1,3,101868.15,1
TXN-21629,CUST-2353,6334.59,Credit Card,Temporary Bank/Network Error,10,0,1,66140.38,1
TXN-21630,CUST-2685,12841.6,Wallet,Temporary Bank/Network Error,10,0,3,103171.19,1
TXN-21631,CUST-1817,2491.7,Debit Card,Temporary Bank/Network Error,10,1,1,52520.82,1
TXN-21632,CUST-2509,9347.42,Wallet,Insufficient Funds,11,1,3,70449.5,0
TXN-21633,CUST-2990,3699.33,Debit Card,Temporary Bank/Network Error,11,0,3,95544.23,1
TXN-21634,CUST-3354,6152.02,Debit Card,Authentication Failed,6,1,3,48881.56,0
TXN-21635,CUST-2086,5524.15,Credit Card,Payment Gateway Timeout,10,1,3,93301.55,1
TXN-21636,CUST-1738,9687.42,Debit Card,Payment Gateway Timeout,8,1,0,59440.78,1
TXN-21637,CUST-2343,5833.71,Credit Card,Temporary Bank/Network Error,12,1,2,59006.98,1
TXN-21638,CUST-2408,9011.25,UPI,Insufficient Funds,11,1,3,28850.22,0
TXN-21639,CUST-2627,2433.17,UPI,Payment Gateway Timeout,7,0,1,69908.4,1
TXN-21640,CUST-1942,7284.92,Credit Card,Payment Gateway Timeout,6,0,0,53963.77,0
TXN-21641,CUST-3200,10400.04,UPI,Insufficient Funds,14,0,1,116245.71,1
TXN-21642,CUST-2005,2979.32,Net Banking,Card Expired,6,1,0,55758.77,0
TXN-21643,CUST-1889,9149.45,Debit Card,Insufficient Funds,11,0,0,42336.13,0
TXN-21644,CUST-2795,9562.49,Credit Card,Temporary Bank/Network Error,6,1,3,55032.89,1
TXN-21645,CUST-3362,6986.52,UPI,Payment Gateway Timeout,9,0,1,80634.55,1
TXN-21646,CUST-1405,2122.76,UPI,Payment Gateway Timeout,6,0,0,110565.27,1
TXN-21647,CUST-2341,4096.11,Credit Card,Temporary Bank/Network Error,7,0,2,115058.06,0
TXN-21648,CUST-2905,8808.74,UPI,Insufficient Funds,9,0,2,75373.62,0
TXN-21649,CUST-1402,6670.04,UPI,Temporary Bank/Network Error,11,1,1,117294.11,1
TXN-21650,CUST-2299,7409.24,Credit Card,Insufficient Funds,10,0,3,104801.19,0
TXN-21651,CUST-1901,8557.11,Credit Card,Card Expired,7,1,1,114628.98,0
TXN-21652,CUST-3407,4792.94,Wallet,Payment Gateway Timeout,14,1,4,131247.59,1
TXN-21653,CUST-1356,4598.32,Credit Card,Insufficient Funds,6,1,4,91800.71,0
TXN-21654,CUST-3483,11862.35,UPI,Temporary Bank/Network Error,8,0,2,111259.0,1
TXN-21655,CUST-1400,6703.98,Debit Card,Payment Gateway Timeout,8,1,1,55754.94,1
TXN-21656,CUST-2765,8069.53,UPI,Card Expired,9,0,0,48443.87,0
TXN-21657,CUST-1046,6955.76,Credit Card,Insufficient Funds,8,0,1,62220.65,0
TXN-21658,CUST-1377,7066.33,Debit Card,Insufficient Funds,7,0,1,144400.63,0
TXN-21659,CUST-2911,5785.81,Net Banking,Insufficient Funds,8,1,2,134625.52,0
TXN-21660,CUST-3086,4958.84,Net Banking,Card Expired,4,1,4,63857.44,0
TXN-21661,CUST-2078,6417.2,Net Banking,Card Expired,10,0,3,77573.34,0
TXN-21662,CUST-3500,3422.51,Net Banking,Payment Gateway Timeout,7,1,0,80559.08,1
TXN-21663,CUST-1363,9032.15,Net Banking,Insufficient Funds,6,0,1,55522.35,0
TXN-21664,CUST-2261,9835.01,Net Banking,Temporary Bank/Network Error,8,1,2,93746.66,1
TXN-21665,CUST-3270,4577.98,UPI,Temporary Bank/Network Error,8,1,1,181601.16,1
TXN-21666,CUST-3176,3952.04,Debit Card,Temporary Bank/Network Error,4,1,0,114827.22,1
TXN-21667,CUST-3227,4689.45,Net Banking,Temporary Bank/Network Error,11,0,1,85084.18,1
TXN-21668,CUST-2220,6993.93,Credit Card,Card Expired,10,1,3,81708.15,0
TXN-21669,CUST-2117,3819.79,UPI,Temporary Bank/Network Error,8,1,0,79160.88,1
TXN-21670,CUST-1305,3944.27,UPI,Card Expired,9,0,1,25728.85,0
TXN-21671,CUST-3379,11230.91,Debit Card,Card Expired,8,0,1,145195.16,0
TXN-21672,CUST-1318,4865.55,UPI,Card Expired,4,1,2,48469.99,0
TXN-21673,CUST-2384,4865.22,Debit Card,Payment Gateway Timeout,6,1,1,98565.48,1
TXN-21674,CUST-1391,10900.8,Debit Card,Authentication Failed,5,1,2,67393.24,0
TXN-21675,CUST-2525,6514.04,Debit Card,Payment Gateway Timeout,9,1,2,25520.35,1
TXN-21676,CUST-1111,6128.38,Debit Card,Authentication Failed,8,1,0,33229.52,1
TXN-21677,CUST-2799,4555.67,UPI,Temporary Bank/Network Error,9,1,3,49228.62,1
TXN-21678,CUST-2663,7308.3,Debit Card,Temporary Bank/Network Error,4,1,3,53522.69,0
TXN-21679,CUST-3021,2953.53,Wallet,Authentication Failed,13,0,2,53762.99,0
TXN-21680,CUST-3392,4147.81,Wallet,Insufficient Funds,11,1,2,91394.39,1
TXN-21681,CUST-3054,6167.53,Credit Card,Temporary Bank/Network Error,4,1,1,59273.33,1
TXN-21682,CUST-1856,9849.56,UPI,Temporary Bank/Network Error,11,0,1,94845.28,1
TXN-21683,CUST-2405,6143.21,Wallet,Authentication Failed,8,1,3,56612.61,0
TXN-21684,CUST-2040,7726.04,UPI,Insufficient Funds,9,0,1,121683.04,0
TXN-21685,CUST-2556,13235.54,Debit Card,Temporary Bank/Network Error,15,1,2,25595.59,1
TXN-21686,CUST-3151,8651.24,Debit Card,Payment Gateway Timeout,4,1,0,45573.25,1
TXN-21687,CUST-2673,7066.58,UPI,Insufficient Funds,13,0,2,25185.23,0
TXN-21688,CUST-2747,9999.15,Credit Card,Authentication Failed,6,1,2,88450.4,0
TXN-21689,CUST-1061,13508.85,Credit Card,Insufficient Funds,8,0,2,88427.94,0
TXN-21690,CUST-1495,10171.98,Net Banking,Temporary Bank/Network Error,4,0,2,68144.36,0
TXN-21691,CUST-2468,7127.04,Debit Card,Insufficient Funds,7,1,3,71284.26,0
TXN-21692,CUST-3132,3966.52,Net Banking,Payment Gateway Timeout,10,0,2,67688.97,1
TXN-21693,CUST-2927,3921.29,Net Banking,Insufficient Funds,6,0,1,163335.13,0
TXN-21694,CUST-3248,1692.52,UPI,Card Expired,11,0,3,54955.85,0
TXN-21695,CUST-2116,6662.96,Net Banking,Temporary Bank/Network Error,9,1,3,60887.13,1
TXN-21696,CUST-1390,13649.61,Credit Card,Authentication Failed,9,1,0,88880.76,1
TXN-21697,CUST-2696,2595.22,UPI,Card Expired,15,1,2,93430.63,1
TXN-21698,CUST-3114,8544.04,Credit Card,Card Expired,6,1,2,43129.52,0
TXN-21699,CUST-2725,5453.51,Net Banking,Authentication Failed,13,0,4,106500.79,0
TXN-21700,CUST-2580,2364.58,UPI,Card Expired,10,1,4,61348.12,0
TXN-21701,CUST-1226,6110.85,Net Banking,Temporary Bank/Network Error,11,0,0,127627.18,1
TXN-21702,CUST-1107,7032.67,Debit Card,Authentication Failed,6,0,3,28094.07,0
TXN-21703,CUST-1130,2563.54,Debit Card,Temporary Bank/Network Error,8,1,0,117197.71,1
TXN-21704,CUST-2074,7832.24,Wallet,Card Expired,8,1,3,100671.15,0
TXN-21705,CUST-1192,6260.85,UPI,Card Expired,13,1,2,159843.89,1
TXN-21706,CUST-1995,7290.76,Net Banking,Temporary Bank/Network Error,4,0,3,29764.8,0
TXN-21707,CUST-2308,10216.72,Credit Card,Insufficient Funds,4,1,2,93988.49,0
TXN-21708,CUST-2513,2398.68,Wallet,Card Expired,2,0,1,122111.71,0
TXN-21709,CUST-1846,5642.05,Credit Card,Temporary Bank/Network Error,11,1,4,84943.24,1
TXN-21710,CUST-2658,5492.93,UPI,Card Expired,8,0,2,61767.61,0
TXN-21711,CUST-2053,14769.23,UPI,Insufficient Funds,8,1,2,86124.56,0
TXN-21712,CUST-1998,8644.45,UPI,Card Expired,12,1,1,69042.44,1
TXN-21713,CUST-3027,10226.41,Credit Card,Authentication Failed,9,1,2,113714.33,1
TXN-21714,CUST-3443,17691.58,UPI,Temporary Bank/Network Error,14,0,0,53837.74,1
TXN-21715,CUST-2655,3739.38,Net Banking,Temporary Bank/Network Error,11,1,3,79339.71,1
TXN-21716,CUST-2142,6022.39,Credit Card,Authentication Failed,11,1,0,160451.19,1
TXN-21717,CUST-3190,5672.34,Credit Card,Insufficient Funds,7,1,4,35223.3,0
TXN-21718,CUST-2239,7437.32,Wallet,Insufficient Funds,6,0,0,65892.87,0
TXN-21719,CUST-1588,12423.42,Credit Card,Card Expired,5,0,2,109553.73,0
TXN-21720,CUST-3295,11177.28,Net Banking,Authentication Failed,13,1,0,104373.13,1
TXN-21721,CUST-2237,6168.34,Credit Card,Card Expired,7,0,2,51628.71,0
TXN-21722,CUST-3048,10265.23,UPI,Temporary Bank/Network Error,9,0,1,72019.36,1
TXN-21723,CUST-3092,6591.48,Debit Card,Payment Gateway Timeout,8,1,1,70379.74,1
TXN-21724,CUST-1424,3432.48,Net Banking,Authentication Failed,12,1,4,90696.46,1
TXN-21725,CUST-1748,3514.48,Credit Card,Authentication Failed,11,1,3,166961.95,1
TXN-21726,CUST-2288,4830.44,Net Banking,Insufficient Funds,10,1,0,150820.89,1
TXN-21727,CUST-2559,7365.53,UPI,Insufficient Funds,8,0,1,66053.66,0
TXN-21728,CUST-2001,3023.5,Debit Card,Temporary Bank/Network Error,6,1,2,143967.64,1
TXN-21729,CUST-1035,6664.33,UPI,Temporary Bank/Network Error,6,1,0,130269.39,1
TXN-21730,CUST-1939,13162.48,UPI,Temporary Bank/Network Error,7,0,0,97073.48,1
TXN-21731,CUST-1904,3797.91,UPI,Temporary Bank/Network Error,7,0,2,123803.98,1
TXN-21732,CUST-2554,3227.07,Debit Card,Card Expired,9,1,1,74181.74,0
TXN-21733,CUST-2633,4496.11,Credit Card,Insufficient Funds,5,0,0,62100.99,0
TXN-21734,CUST-3168,4494.09,UPI,Authentication Failed,7,0,3,84552.98,0
TXN-21735,CUST-1698,3629.8,UPI,Insufficient Funds,11,1,1,69761.69,1
TXN-21736,CUST-1962,4183.93,Debit Card,Insufficient Funds,7,1,4,75094.98,0
TXN-21737,CUST-1865,7152.36,UPI,Card Expired,7,0,1,71765.52,0
TXN-21738,CUST-3093,5192.81,Credit Card,Insufficient Funds,5,0,1,68691.31,0
TXN-21739,CUST-1644,9337.77,UPI,Payment Gateway Timeout,5,0,2,42082.71,0
TXN-21740,CUST-3456,3622.21,Credit Card,Authentication Failed,11,1,1,155724.5,1
TXN-21741,CUST-2206,5866.51,Net Banking,Payment Gateway Timeout,6,1,2,98346.11,1
TXN-21742,CUST-2482,6371.95,UPI,Card Expired,10,1,1,34108.03,1
TXN-21743,CUST-1616,3659.91,Debit Card,Temporary Bank/Network Error,6,0,3,38619.54,0
TXN-21744,CUST-1057,7512.3,Credit Card,Payment Gateway Timeout,7,1,4,90649.4,1
TXN-21745,CUST-2755,14329.45,Credit Card,Temporary Bank/Network Error,9,0,1,111479.29,1
TXN-21746,CUST-1149,5880.02,Debit Card,Authentication Failed,8,1,2,90246.01,0
TXN-21747,CUST-1069,2675.45,Credit Card,Payment Gateway Timeout,11,1,1,88818.06,1
TXN-21748,CUST-2342,8477.49,Debit Card,Authentication Failed,4,1,2,38416.23,0
TXN-21749,CUST-1480,3643.76,Debit Card,Insufficient Funds,12,0,0,80948.43,0
TXN-21750,CUST-1478,5876.89,Credit Card,Card Expired,9,1,2,66739.97,0
TXN-21751,CUST-2640,17730.23,Debit Card,Authentication Failed,7,0,4,41819.73,0
TXN-21752,CUST-3090,8765.71,UPI,Insufficient Funds,8,1,0,47283.19,1
TXN-21753,CUST-1482,9165.92,Wallet,Card Expired,10,0,2,102808.02,0
TXN-21754,CUST-1616,3972.62,Credit Card,Temporary Bank/Network Error,8,1,3,43941.97,1
TXN-21755,CUST-1604,7629.07,UPI,Insufficient Funds,7,0,1,83207.25,0
TXN-21756,CUST-3308,7537.62,Credit Card,Authentication Failed,16,1,2,110518.67,1
TXN-21757,CUST-1473,21341.61,Debit Card,Temporary Bank/Network Error,10,0,3,26631.76,0
TXN-21758,CUST-3042,11748.07,UPI,Payment Gateway Timeout,7,1,3,97363.27,1
TXN-21759,CUST-1956,7607.35,UPI,Insufficient Funds,4,0,1,51938.92,0
TXN-21760,CUST-2259,4484.88,UPI,Insufficient Funds,7,0,2,80132.85,0
TXN-21761,CUST-3242,12680.08,Debit Card,Payment Gateway Timeout,16,0,1,90547.09,1
TXN-21762,CUST-1529,6424.37,UPI,Card Expired,7,1,1,84452.38,0
TXN-21763,CUST-2856,11161.89,Net Banking,Temporary Bank/Network Error,5,1,0,54489.69,1
TXN-21764,CUST-3134,20777.76,Debit Card,Insufficient Funds,5,1,3,166256.9,0
TXN-21765,CUST-1525,2804.99,Credit Card,Insufficient Funds,13,1,0,38181.65,1
TXN-21766,CUST-3336,10805.41,UPI,Authentication Failed,9,1,2,55525.6,0
TXN-21767,CUST-2781,5252.05,UPI,Authentication Failed,9,0,1,71054.56,0
TXN-21768,CUST-1588,7882.37,Wallet,Insufficient Funds,6,0,0,44591.16,0
TXN-21769,CUST-2874,13062.71,Net Banking,Insufficient Funds,11,1,4,66982.11,0
TXN-21770,CUST-2736,15011.3,Credit Card,Insufficient Funds,9,0,1,76432.59,0
TXN-21771,CUST-2371,5110.09,Credit Card,Temporary Bank/Network Error,3,1,1,33725.39,1
TXN-21772,CUST-3184,5369.62,Credit Card,Temporary Bank/Network Error,5,0,1,58742.96,0
TXN-21773,CUST-2564,10928.56,Credit Card,Insufficient Funds,15,0,3,94966.1,0
TXN-21774,CUST-3341,10162.77,UPI,Temporary Bank/Network Error,4,0,0,164206.34,1
TXN-21775,CUST-1208,7003.4,Debit Card,Authentication Failed,5,0,1,58800.52,0
TXN-21776,CUST-2442,6871.25,UPI,Insufficient Funds,9,1,2,108683.61,1
TXN-21777,CUST-3195,3107.14,Credit Card,Temporary Bank/Network Error,9,1,1,229233.54,1
TXN-21778,CUST-2150,4936.72,Debit Card,Temporary Bank/Network Error,9,0,0,42618.34,1
TXN-21779,CUST-2549,6056.43,Debit Card,Temporary Bank/Network Error,8,1,1,192912.28,1
TXN-21780,CUST-3305,3958.79,UPI,Insufficient Funds,6,0,0,40521.19,0
TXN-21781,CUST-1625,6887.83,UPI,Temporary Bank/Network Error,8,1,1,34172.58,1
TXN-21782,CUST-2403,7338.33,Credit Card,Temporary Bank/Network Error,7,0,1,35983.07,1
TXN-21783,CUST-1639,4356.41,UPI,Temporary Bank/Network Error,8,0,2,61972.76,1
TXN-21784,CUST-2506,5639.26,Credit Card,Insufficient Funds,7,1,1,96125.16,0
TXN-21785,CUST-2869,12344.57,Wallet,Authentication Failed,6,0,4,23728.52,0
TXN-21786,CUST-2515,6803.61,Debit Card,Card Expired,7,1,1,139439.35,0
TXN-21787,CUST-3473,6445.55,Credit Card,Temporary Bank/Network Error,4,0,1,65586.94,0
TXN-21788,CUST-1271,3127.64,Net Banking,Temporary Bank/Network Error,11,1,1,127476.91,1
TXN-21789,CUST-3393,14339.94,Debit Card,Temporary Bank/Network Error,5,0,1,219109.33,1
TXN-21790,CUST-2035,4755.11,Debit Card,Payment Gateway Timeout,6,0,2,37425.08,0
TXN-21791,CUST-3398,4725.14,UPI,Authentication Failed,12,1,2,208425.85,1
TXN-21792,CUST-1557,6571.1,UPI,Insufficient Funds,9,1,1,100735.31,1
TXN-21793,CUST-3368,16436.12,UPI,Temporary Bank/Network Error,5,1,0,273729.14,1
TXN-21794,CUST-1372,10608.55,Net Banking,Authentication Failed,10,1,2,93844.06,1
TXN-21795,CUST-2841,8349.69,Credit Card,Temporary Bank/Network Error,4,0,2,87249.2,0
TXN-21796,CUST-2664,3575.93,Credit Card,Temporary Bank/Network Error,10,0,2,41421.92,1
TXN-21797,CUST-2886,23898.23,UPI,Payment Gateway Timeout,4,1,3,26358.89,0
TXN-21798,CUST-2374,4532.33,Debit Card,Temporary Bank/Network Error,6,1,2,76499.84,1
TXN-21799,CUST-1215,9834.48,Net Banking,Authentication Failed,11,1,2,37789.76,1
TXN-21800,CUST-2185,10967.57,Credit Card,Temporary Bank/Network Error,7,0,2,53808.84,0
TXN-21801,CUST-2339,9694.29,Debit Card,Card Expired,10,1,2,114474.26,0
TXN-21802,CUST-1613,6030.93,Net Banking,Temporary Bank/Network Error,6,0,1,62242.78,0
TXN-21803,CUST-1190,8388.59,Debit Card,Payment Gateway Timeout,11,1,2,64910.27,1
TXN-21804,CUST-1438,6901.11,Net Banking,Temporary Bank/Network Error,9,0,0,128276.99,1
TXN-21805,CUST-2561,6980.75,Credit Card,Temporary Bank/Network Error,4,1,2,68800.06,1
TXN-21806,CUST-2883,8262.22,UPI,Authentication Failed,6,1,3,46238.15,0
TXN-21807,CUST-3080,4930.87,UPI,Insufficient Funds,5,1,4,113657.97,0
TXN-21808,CUST-3461,9978.44,UPI,Authentication Failed,8,0,1,109849.6,0
TXN-21809,CUST-1074,7080.42,UPI,Temporary Bank/Network Error,3,1,2,52985.18,1
TXN-21810,CUST-3126,6324.72,UPI,Temporary Bank/Network Error,6,1,2,106112.47,1
TXN-21811,CUST-3172,7869.22,UPI,Payment Gateway Timeout,7,0,2,33365.92,0
TXN-21812,CUST-1101,6540.74,Net Banking,Authentication Failed,7,0,1,53247.11,0
TXN-21813,CUST-1004,4139.01,UPI,Temporary Bank/Network Error,11,1,0,65750.65,1
TXN-21814,CUST-2142,8109.94,Net Banking,Payment Gateway Timeout,10,0,4,45702.3,0
TXN-21815,CUST-2075,7514.71,Credit Card,Temporary Bank/Network Error,8,0,2,93794.5,1
TXN-21816,CUST-1187,4842.6,Net Banking,Card Expired,10,1,3,113290.01,0
TXN-21817,CUST-2930,3928.8,Wallet,Temporary Bank/Network Error,7,0,3,117879.04,0
TXN-21818,CUST-1108,8525.35,UPI,Card Expired,5,1,2,44309.53,0
TXN-21819,CUST-2333,12877.31,Credit Card,Insufficient Funds,8,1,1,106289.47,0
TXN-21820,CUST-1411,5160.54,Debit Card,Temporary Bank/Network Error,8,0,2,116551.58,1
TXN-21821,CUST-2795,13832.47,UPI,Insufficient Funds,10,0,3,87845.0,0
TXN-21822,CUST-3097,4492.01,UPI,Payment Gateway Timeout,4,1,2,72748.15,1
TXN-21823,CUST-3348,3315.43,UPI,Temporary Bank/Network Error,6,1,0,124306.99,1
TXN-21824,CUST-1537,5701.46,UPI,Payment Gateway Timeout,6,0,3,119117.92,0
TXN-21825,CUST-2699,7544.58,Wallet,Insufficient Funds,4,1,3,72077.28,0
TXN-21826,CUST-1732,5175.87,Wallet,Insufficient Funds,4,1,3,28043.14,0
TXN-21827,CUST-1895,6530.01,UPI,Payment Gateway Timeout,2,1,4,41243.11,0
TXN-21828,CUST-1406,5482.61,Credit Card,Payment Gateway Timeout,7,0,0,46036.87,1
TXN-21829,CUST-1958,6309.69,Credit Card,Card Expired,7,0,2,74653.64,0
TXN-21830,CUST-1452,7791.78,Debit Card,Card Expired,11,1,2,38443.6,0
TXN-21831,CUST-1161,4168.76,Net Banking,Payment Gateway Timeout,12,0,0,85971.33,1
TXN-21832,CUST-2008,7537.44,Wallet,Temporary Bank/Network Error,9,0,0,34271.46,1
TXN-21833,CUST-1799,2966.07,Wallet,Temporary Bank/Network Error,11,1,2,47149.19,1
TXN-21834,CUST-2126,9500.68,UPI,Insufficient Funds,9,0,1,38866.54,0
TXN-21835,CUST-3324,11826.97,UPI,Temporary Bank/Network Error,6,1,1,29093.23,1
TXN-21836,CUST-2590,4629.39,Credit Card,Insufficient Funds,10,1,2,52961.29,1
TXN-21837,CUST-1604,12741.07,UPI,Authentication Failed,8,1,1,61119.65,1
TXN-21838,CUST-1143,6981.47,Debit Card,Temporary Bank/Network Error,5,1,4,44220.96,0
TXN-21839,CUST-1564,6146.02,UPI,Authentication Failed,10,1,3,90166.84,1
TXN-21840,CUST-2633,3492.62,Credit Card,Temporary Bank/Network Error,8,0,2,44121.8,1
TXN-21841,CUST-1338,3619.86,Net Banking,Temporary Bank/Network Error,9,1,1,37385.01,1
TXN-21842,CUST-1327,14203.71,Credit Card,Insufficient Funds,11,0,0,88834.76,0
TXN-21843,CUST-3386,5796.67,UPI,Temporary Bank/Network Error,5,1,2,72600.29,1
TXN-21844,CUST-2117,9528.71,Wallet,Insufficient Funds,10,1,3,36873.56,0
TXN-21845,CUST-1544,24709.45,Net Banking,Payment Gateway Timeout,9,1,2,46370.69,1
TXN-21846,CUST-2653,10048.05,Debit Card,Insufficient Funds,7,0,1,125021.77,0
TXN-21847,CUST-1612,6627.28,Debit Card,Authentication Failed,8,1,2,36359.37,0
TXN-21848,CUST-1696,15211.26,Wallet,Payment Gateway Timeout,6,1,2,66345.33,1
TXN-21849,CUST-1292,15943.07,Net Banking,Payment Gateway Timeout,9,0,1,130313.71,1
TXN-21850,CUST-2645,4596.32,UPI,Temporary Bank/Network Error,12,1,3,64845.11,1
TXN-21851,CUST-3449,4201.02,Credit Card,Insufficient Funds,7,1,0,80807.37,1
TXN-21852,CUST-2598,13096.51,Debit Card,Temporary Bank/Network Error,6,1,3,92075.59,1
TXN-21853,CUST-1829,2589.86,Net Banking,Temporary Bank/Network Error,7,0,2,91398.59,0
TXN-21854,CUST-1215,16976.45,Debit Card,Temporary Bank/Network Error,5,1,3,86880.68,1
TXN-21855,CUST-2807,8001.63,UPI,Authentication Failed,8,0,1,95161.07,0
TXN-21856,CUST-1564,18313.18,Net Banking,Insufficient Funds,12,0,4,71961.83,0
TXN-21857,CUST-1596,2955.39,Credit Card,Insufficient Funds,6,0,1,27754.59,0
TXN-21858,CUST-2403,6966.55,UPI,Temporary Bank/Network Error,9,1,1,97430.85,1
TXN-21859,CUST-2669,6330.41,Credit Card,Insufficient Funds,14,0,3,34139.49,0
TXN-21860,CUST-1462,6179.71,UPI,Temporary Bank/Network Error,7,0,0,83853.29,1
TXN-21861,CUST-2483,2586.05,UPI,Payment Gateway Timeout,10,1,2,45713.88,1
TXN-21862,CUST-2025,4167.16,Wallet,Authentication Failed,13,0,3,146335.75,0
TXN-21863,CUST-3164,12594.59,Net Banking,Insufficient Funds,7,1,1,30938.5,0
TXN-21864,CUST-1874,4334.89,Credit Card,Payment Gateway Timeout,8,1,1,83467.65,1
TXN-21865,CUST-3122,8991.65,Credit Card,Insufficient Funds,9,1,4,204563.84,0
TXN-21866,CUST-2476,7657.36,UPI,Temporary Bank/Network Error,10,1,2,36633.89,1
TXN-21867,CUST-1016,7577.35,Debit Card,Temporary Bank/Network Error,5,1,0,74964.59,1
TXN-21868,CUST-1621,4865.54,UPI,Payment Gateway Timeout,7,0,3,99468.92,0
TXN-21869,CUST-3388,6389.36,UPI,Temporary Bank/Network Error,8,0,1,102008.01,1
TXN-21870,CUST-2428,3344.98,Net Banking,Authentication Failed,10,0,4,101026.64,0
TXN-21871,CUST-2958,3229.3,Credit Card,Insufficient Funds,8,0,2,55783.01,0
TXN-21872,CUST-2833,3645.22,Net Banking,Payment Gateway Timeout,5,0,5,46024.8,0
TXN-21873,CUST-2667,5965.79,UPI,Temporary Bank/Network Error,6,1,1,51969.93,1
TXN-21874,CUST-3220,3254.87,Wallet,Card Expired,8,1,3,97114.75,0
TXN-21875,CUST-1039,15208.78,UPI,Card Expired,14,0,4,99224.42,0
TXN-21876,CUST-2951,4831.57,Credit Card,Card Expired,8,1,3,53106.52,0
TXN-21877,CUST-1416,14477.23,Debit Card,Temporary Bank/Network Error,10,0,0,93312.61,1
TXN-21878,CUST-1263,16466.7,UPI,Authentication Failed,6,1,5,59311.31,0
TXN-21879,CUST-1361,4447.86,Debit Card,Temporary Bank/Network Error,9,1,1,99053.11,1
TXN-21880,CUST-1732,7619.67,UPI,Insufficient Funds,7,1,3,254011.16,0
TXN-21881,CUST-1026,6043.62,Wallet,Card Expired,10,1,1,86628.02,1
TXN-21882,CUST-2057,13321.18,Wallet,Authentication Failed,6,0,2,91645.76,0
TXN-21883,CUST-3020,1159.27,UPI,Temporary Bank/Network Error,8,1,1,85984.22,1
TXN-21884,CUST-1225,4493.43,UPI,Insufficient Funds,14,0,1,82086.0,1
TXN-21885,CUST-1796,9663.84,Wallet,Insufficient Funds,9,1,2,137297.54,1
TXN-21886,CUST-2631,7682.89,Debit Card,Authentication Failed,4,1,2,22632.47,0
TXN-21887,CUST-2853,5173.8,Debit Card,Temporary Bank/Network Error,4,0,0,88892.46,0
TXN-21888,CUST-2194,14810.86,Credit Card,Temporary Bank/Network Error,5,0,4,26435.81,0
TXN-21889,CUST-3098,10453.68,Credit Card,Insufficient Funds,10,1,0,120570.34,1
TXN-21890,CUST-2399,3136.57,Debit Card,Temporary Bank/Network Error,12,0,2,47105.21,1
TXN-21891,CUST-1169,7592.08,UPI,Insufficient Funds,12,1,2,31109.09,1
TXN-21892,CUST-2549,8551.05,Credit Card,Insufficient Funds,8,0,2,66334.65,0
TXN-21893,CUST-1642,8635.08,Net Banking,Insufficient Funds,15,1,0,134001.17,1
TXN-21894,CUST-1358,8924.78,Net Banking,Authentication Failed,12,1,0,69229.6,1
TXN-21895,CUST-3250,5531.57,Credit Card,Temporary Bank/Network Error,6,0,1,46521.77,0
TXN-21896,CUST-3281,10101.35,Debit Card,Card Expired,3,1,0,76669.84,0
TXN-21897,CUST-2939,5864.12,Credit Card,Authentication Failed,4,0,3,133255.12,0
TXN-21898,CUST-2426,7636.92,Net Banking,Card Expired,8,1,0,128062.3,1
TXN-21899,CUST-2883,8406.96,Debit Card,Insufficient Funds,9,1,0,101098.17,1
TXN-21900,CUST-1964,6515.58,Debit Card,Temporary Bank/Network Error,9,0,1,79185.97,1
TXN-21901,CUST-1353,7143.5,Debit Card,Payment Gateway Timeout,8,0,1,105949.96,1
TXN-21902,CUST-2045,7269.29,UPI,Authentication Failed,8,1,2,56559.38,0
TXN-21903,CUST-3375,5772.05,Debit Card,Payment Gateway Timeout,4,1,3,95113.8,0
TXN-21904,CUST-2822,9518.39,Credit Card,Insufficient Funds,9,1,2,176583.7,1
TXN-21905,CUST-3312,8987.09,UPI,Card Expired,10,1,1,114552.28,1
TXN-21906,CUST-1104,8791.43,Wallet,Temporary Bank/Network Error,6,1,1,97333.63,1
TXN-21907,CUST-2029,13540.43,Credit Card,Temporary Bank/Network Error,9,1,1,93904.68,1
TXN-21908,CUST-1546,8855.56,UPI,Insufficient Funds,12,1,1,85292.44,1
TXN-21909,CUST-1165,6441.89,Credit Card,Authentication Failed,11,1,0,48390.73,1
TXN-21910,CUST-3055,4784.09,Debit Card,Insufficient Funds,8,1,2,77210.02,0
TXN-21911,CUST-3413,14393.72,Credit Card,Temporary Bank/Network Error,7,1,0,65289.4,1
TXN-21912,CUST-1880,7564.97,Credit Card,Insufficient Funds,7,0,0,31258.47,0
TXN-21913,CUST-2101,11313.49,UPI,Payment Gateway Timeout,10,0,3,95031.38,0
TXN-21914,CUST-3051,9204.72,Credit Card,Temporary Bank/Network Error,6,1,2,91247.46,1
TXN-21915,CUST-1903,6488.95,Debit Card,Authentication Failed,6,1,0,126418.85,1
TXN-21916,CUST-3157,15951.26,UPI,Insufficient Funds,8,1,4,226293.2,0
TXN-21917,CUST-2312,6044.32,Net Banking,Authentication Failed,5,1,1,82790.12,0
TXN-21918,CUST-2560,11735.73,Debit Card,Insufficient Funds,4,1,0,62390.78,0
TXN-21919,CUST-2813,5062.71,UPI,Payment Gateway Timeout,7,0,2,24626.17,0
TXN-21920,CUST-2597,11440.77,Debit Card,Card Expired,7,1,1,74414.48,0
TXN-21921,CUST-2184,5814.45,Credit Card,Payment Gateway Timeout,3,1,0,60344.31,1
TXN-21922,CUST-3075,5651.35,Net Banking,Insufficient Funds,5,0,2,87992.85,0
TXN-21923,CUST-1316,3636.93,UPI,Insufficient Funds,8,1,2,36609.82,0
TXN-21924,CUST-1515,9458.88,Debit Card,Authentication Failed,11,1,1,161479.57,1
TXN-21925,CUST-2789,2798.99,Wallet,Temporary Bank/Network Error,8,0,3,108673.57,0
TXN-21926,CUST-3472,7436.26,UPI,Temporary Bank/Network Error,8,1,2,74439.29,1
TXN-21927,CUST-1090,4444.12,Debit Card,Insufficient Funds,11,1,3,68366.9,0
TXN-21928,CUST-3304,8367.46,UPI,Temporary Bank/Network Error,8,0,2,147131.87,1
TXN-21929,CUST-3403,6622.69,UPI,Insufficient Funds,4,1,0,61889.64,0
TXN-21930,CUST-1545,5393.03,UPI,Temporary Bank/Network Error,8,1,2,154784.71,1
TXN-21931,CUST-3243,14692.11,Wallet,Insufficient Funds,4,1,0,94158.57,0
TXN-21932,CUST-2807,6235.35,Debit Card,Insufficient Funds,9,1,1,64492.78,1
TXN-21933,CUST-1847,6332.47,UPI,Payment Gateway Timeout,9,0,1,65809.74,1
TXN-21934,CUST-2422,16301.59,Credit Card,Temporary Bank/Network Error,11,0,1,41920.99,1
TXN-21935,CUST-2845,6488.25,Debit Card,Temporary Bank/Network Error,11,1,2,234443.26,1
TXN-21936,CUST-2663,10153.15,Credit Card,Authentication Failed,9,0,2,25263.21,0
TXN-21937,CUST-2307,25207.52,Debit Card,Insufficient Funds,14,0,1,35283.14,0
TXN-21938,CUST-3306,7926.5,Debit Card,Temporary Bank/Network Error,5,1,4,34490.33,0
TXN-21939,CUST-3220,12093.63,Debit Card,Insufficient Funds,9,1,2,129123.4,0
TXN-21940,CUST-1165,18579.58,UPI,Authentication Failed,8,1,0,59565.87,1
TXN-21941,CUST-1868,4596.6,Credit Card,Insufficient Funds,6,0,0,150050.01,0
TXN-21942,CUST-3352,4336.52,UPI,Authentication Failed,6,0,0,116667.28,0
TXN-21943,CUST-3416,5572.38,Debit Card,Card Expired,9,0,0,81676.35,0
TXN-21944,CUST-2108,12464.68,UPI,Card Expired,20,1,1,62365.42,1
TXN-21945,CUST-1035,11814.7,UPI,Temporary Bank/Network Error,10,0,2,101145.63,1
TXN-21946,CUST-3268,7463.45,UPI,Insufficient Funds,8,1,0,50627.34,1
TXN-21947,CUST-1082,9332.48,Debit Card,Temporary Bank/Network Error,12,1,0,222277.66,1
TXN-21948,CUST-3423,10604.41,UPI,Insufficient Funds,7,0,1,50988.63,0
TXN-21949,CUST-3417,9365.91,Net Banking,Temporary Bank/Network Error,11,0,0,40540.07,1
TXN-21950,CUST-1375,3732.91,UPI,Temporary Bank/Network Error,7,1,3,52614.04,1
TXN-21951,CUST-1517,11329.72,Credit Card,Payment Gateway Timeout,4,1,1,183670.83,1
TXN-21952,CUST-1343,2754.2,Credit Card,Payment Gateway Timeout,7,1,0,127463.82,1
TXN-21953,CUST-2043,6629.42,Debit Card,Temporary Bank/Network Error,3,0,4,47710.57,0
TXN-21954,CUST-1382,11638.98,UPI,Card Expired,12,1,0,109642.54,1
TXN-21955,CUST-2013,19557.59,Debit Card,Insufficient Funds,5,1,1,151887.92,0
TXN-21956,CUST-1866,15109.78,Credit Card,Authentication Failed,9,0,0,132428.23,0
TXN-21957,CUST-2154,4410.47,UPI,Card Expired,7,1,2,35426.05,0
TXN-21958,CUST-1175,6404.28,Credit Card,Temporary Bank/Network Error,3,0,0,73871.58,0
TXN-21959,CUST-3203,6854.32,UPI,Temporary Bank/Network Error,9,0,0,143088.19,1
TXN-21960,CUST-3189,16580.01,UPI,Temporary Bank/Network Error,13,0,3,61738.09,1
TXN-21961,CUST-2157,13412.98,Credit Card,Card Expired,5,1,0,89114.59,0
TXN-21962,CUST-3464,4358.53,UPI,Authentication Failed,8,1,2,96630.89,0
TXN-21963,CUST-2247,3020.3,Credit Card,Authentication Failed,11,0,0,29015.08,0
TXN-21964,CUST-3453,18366.52,UPI,Temporary Bank/Network Error,15,0,0,41164.15,1
TXN-21965,CUST-2010,2985.2,Debit Card,Insufficient Funds,8,1,1,37895.55,0
TXN-21966,CUST-1461,12745.32,UPI,Card Expired,9,0,2,47915.01,0
TXN-21967,CUST-1031,4283.51,Credit Card,Insufficient Funds,12,1,0,118550.47,1
TXN-21968,CUST-1582,8964.37,Net Banking,Payment Gateway Timeout,5,1,1,74552.29,1
TXN-21969,CUST-3069,7563.27,UPI,Authentication Failed,7,0,1,168326.44,0
TXN-21970,CUST-1925,18417.22,Debit Card,Insufficient Funds,7,1,1,81076.09,0
TXN-21971,CUST-3043,10217.15,UPI,Temporary Bank/Network Error,6,0,2,69158.19,0
TXN-21972,CUST-1276,5416.8,Debit Card,Temporary Bank/Network Error,3,1,3,76646.66,0
TXN-21973,CUST-2073,5847.43,Credit Card,Authentication Failed,9,0,0,104302.4,0
TXN-21974,CUST-2918,5875.9,Credit Card,Authentication Failed,5,0,3,49100.13,0
TXN-21975,CUST-1123,4108.62,Debit Card,Payment Gateway Timeout,6,1,0,60517.81,1
TXN-21976,CUST-2167,5728.7,UPI,Authentication Failed,5,1,1,37215.73,0
TXN-21977,CUST-3414,16683.45,UPI,Temporary Bank/Network Error,9,0,2,53625.92,1
TXN-21978,CUST-2603,11475.74,Debit Card,Card Expired,5,1,1,101089.38,0
TXN-21979,CUST-1091,7733.82,Debit Card,Authentication Failed,7,1,2,48263.35,0
TXN-21980,CUST-3333,7617.9,Credit Card,Authentication Failed,8,0,0,76242.9,0
TXN-21981,CUST-1936,13594.43,Credit Card,Temporary Bank/Network Error,8,1,1,78818.25,1
TXN-21982,CUST-2125,9431.65,Credit Card,Insufficient Funds,13,0,0,77315.99,1
TXN-21983,CUST-1843,7121.8,UPI,Authentication Failed,8,0,3,51758.15,0
TXN-21984,CUST-1692,7504.61,Credit Card,Authentication Failed,9,0,2,107540.2,0
TXN-21985,CUST-1013,11723.29,UPI,Authentication Failed,6,0,1,52592.09,0
TXN-21986,CUST-2145,8420.66,Debit Card,Insufficient Funds,8,0,3,68004.52,0
TXN-21987,CUST-1054,4233.05,UPI,Temporary Bank/Network Error,5,1,1,107278.91,1
TXN-21988,CUST-2815,7032.07,Debit Card,Temporary Bank/Network Error,6,0,1,58222.22,0
TXN-21989,CUST-2697,12673.54,Net Banking,Insufficient Funds,5,1,2,122359.44,0
TXN-21990,CUST-1003,7011.18,UPI,Card Expired,6,1,2,34850.06,0
TXN-21991,CUST-2379,6173.63,Credit Card,Authentication Failed,8,0,0,155563.22,0
TXN-21992,CUST-2614,3530.71,Credit Card,Authentication Failed,11,0,2,77312.54,0
TXN-21993,CUST-1427,6795.13,Credit Card,Card Expired,9,1,2,145654.02,0
TXN-21994,CUST-1736,12093.22,UPI,Payment Gateway Timeout,11,1,0,106404.62,1
TXN-21995,CUST-1913,4654.43,Credit Card,Payment Gateway Timeout,10,1,0,61211.67,1
TXN-21996,CUST-1305,9792.45,Net Banking,Authentication Failed,7,1,4,67876.04,0
TXN-21997,CUST-2851,11176.69,Credit Card,Temporary Bank/Network Error,12,1,0,129636.95,1
TXN-21998,CUST-1689,6366.81,Wallet,Temporary Bank/Network Error,11,1,3,23604.2,1
TXN-21999,CUST-2515,4944.48,Wallet,Insufficient Funds,8,1,1,24311.22,0
